,b_a,b_f,cid,depth0,dm_a,dm_f,dm_a_all,dm_f_all,lat0,lon0,m0,na,nf,na_all,nf_all,ot0,rate_a,rate_f,c_type,c_type60
0,-999.000,-999.000,344,6.0,0.8,0.5,0.8,0.5,40.313,-124.542,4.4,7,5,7,5,2002-05-04T13:56:30.999997,-999.000,-999.000,1,1
1,-999.000,-999.000,345,7.0,-999.0,-999.0,0.7,-999.0,36.964,-121.594,3.9,0,0,1,0,1997-07-17T19:46:35.999999,-999.000,-999.000,0,0
2,-999.000,-999.000,346,0.0,0.3,-999.0,0.3,-999.0,38.811,-122.799,3.5,1,0,1,0,2002-05-14T21:32:04.000001,-999.000,-999.000,0,0
3,-999.000,-999.000,347,7.0,-999.0,-999.0,0.5,-999.0,37.541,-118.869,3.7,0,0,1,0,2002-03-10T19:59:03.999998,-999.000,-999.000,0,0
4,-999.000,-999.000,340,4.0,-999.0,-999.0,-999.0,-999.0,37.257,-121.644,3.2,0,0,1,0,1985-01-10T05:47:53.000001,-999.000,-999.000,0,0
5,-999.000,-999.000,341,0.0,0.4,-999.0,0.4,-999.0,38.831,-122.805,3.6,1,0,1,0,2001-12-10T12:46:00.000003,-999.000,-999.000,0,0
6,-999.000,-999.000,342,6.0,-999.0,0.1,0.5,0.1,39.047,-123.121,4.3,0,1,1,1,2001-12-14T09:41:04.000001,-999.000,-999.000,0,0
7,-999.000,-999.000,343,-1.0,0.3,0.5,0.3,0.5,35.682,-118.066,3.7,2,1,2,1,2002-05-02T06:00:12.999999,-999.000,-999.000,4,4
8,-999.000,-999.000,348,1.0,0.6,-999.0,0.6,-999.0,36.549,-121.130,3.8,1,0,1,0,2002-05-24T17:44:00.000001,-999.000,-999.000,0,0
9,-999.000,-999.000,349,5.0,0.1,-999.0,0.1,-999.0,37.464,-118.839,3.3,1,0,1,0,2002-06-02T21:37:30.000001,-999.000,-999.000,0,0
10,-999.000,-999.000,298,8.0,0.1,-999.0,0.1,-999.0,39.730,-120.564,3.6,1,0,1,0,1999-06-15T07:50:14.000000,-999.000,-999.000,0,0
11,-999.000,-999.000,299,7.0,0.7,-999.0,0.7,-999.0,35.736,-118.473,4.2,2,0,2,0,1999-07-11T18:20:45.000001,-999.000,-999.000,0,0
12,-999.000,-999.000,296,6.0,-999.0,0.5,-999.0,0.3,36.581,-121.176,3.7,0,1,0,2,1999-04-15T03:20:24.000003,-999.000,-999.000,0,0
13,-999.000,-999.000,297,4.0,-999.0,-999.0,-999.0,-999.0,38.822,-122.808,3.3,1,1,1,1,1999-05-11T21:00:59.999998,-999.000,-999.000,0,0
14,-999.000,-999.000,294,4.0,0.3,-999.0,0.3,-999.0,40.428,-125.496,3.5,1,0,1,0,1999-03-14T18:14:47.000000,-999.000,-999.000,0,0
15,-999.000,-999.000,295,6.0,0.6,-999.0,0.4,-999.0,36.675,-121.299,4.0,3,0,6,0,1999-03-23T18:36:38.999999,-999.000,-999.000,0,1
16,-999.000,-999.000,292,5.0,0.3,-999.0,0.3,-999.0,37.162,-121.552,3.9,1,0,1,0,1999-02-04T00:19:34.999997,-999.000,-999.000,0,0
17,-999.000,-999.000,293,9.0,0.6,-999.0,0.6,-999.0,35.946,-120.492,4.0,2,0,2,0,1999-02-26T15:25:55.000003,-999.000,-999.000,0,0
18,-999.000,-999.000,290,10.0,0.8,-999.0,0.8,-999.0,36.646,-121.268,4.2,1,0,1,0,1999-01-18T08:48:34.999999,-999.000,-999.000,0,0
19,-999.000,-999.000,291,6.0,0.4,0.3,0.4,0.3,36.059,-117.838,3.7,1,2,1,2,1999-01-20T00:53:54.999998,-999.000,-999.000,4,4
20,-999.000,-999.000,199,7.0,-999.0,-999.0,0.1,-999.0,36.590,-121.190,3.3,0,0,1,0,1989-08-25T15:20:12.999998,-999.000,-999.000,0,0
21,-999.000,-999.000,198,6.0,1.4,1.6,1.0,0.9,36.602,-121.201,4.9,6,1,10,3,1995-04-23T08:41:35.000000,-999.000,-999.000,1,1
22,-999.000,-999.000,195,11.0,-999.0,-999.0,-999.0,-999.0,36.184,-120.307,4.2,2,0,2,0,1994-03-31T19:59:57.999997,-999.000,-999.000,0,0
23,-999.000,-999.000,194,2.0,-999.0,0.2,-999.0,0.2,37.662,-118.881,3.4,0,1,0,1,1994-03-15T13:23:42.000000,-999.000,-999.000,0,0
24,-999.000,-999.000,197,0.0,-999.0,-999.0,0.5,-999.0,38.824,-122.775,3.7,0,0,1,0,1993-08-12T13:06:50.000003,-999.000,-999.000,0,0
25,-999.000,-999.000,196,0.0,-999.0,-999.0,0.4,-999.0,38.797,-122.781,3.6,0,0,1,0,1988-07-04T15:42:06.000002,-999.000,-999.000,0,0
26,-999.000,-999.000,191,14.0,1.1,-999.0,1.1,-999.0,34.504,-118.801,4.5,1,0,1,0,1994-01-17T13:45:14.000001,-999.000,-999.000,0,0
27,-999.000,-999.000,190,0.0,0.2,-999.0,0.2,-999.0,37.019,-117.883,3.6,2,0,2,0,1993-12-10T00:27:15.999999,-999.000,-999.000,0,0
28,-999.000,-999.000,193,20.0,-999.0,-999.0,-999.0,-999.0,40.600,-122.282,3.2,2,0,2,0,1994-03-08T08:34:57.999997,-999.000,-999.000,0,0
29,-999.000,-999.000,192,7.0,0.6,-999.0,0.6,-999.0,37.285,-118.345,3.9,1,0,1,0,1994-02-01T08:01:50.000001,-999.000,-999.000,0,0
30,-999.000,-999.000,270,0.0,0.3,-999.0,0.3,-999.0,38.887,-123.216,3.8,1,0,1,0,1997-11-22T01:33:17.000003,-999.000,-999.000,0,0
31,-999.000,-999.000,271,4.0,1.0,0.2,0.8,0.2,40.292,-124.510,4.4,1,1,2,1,1997-12-18T21:19:34.000000,-999.000,-999.000,2,0
32,-999.000,-999.000,272,11.0,-999.0,-999.0,-999.0,-999.0,41.093,-121.921,3.4,1,0,1,0,1998-01-25T16:14:26.000003,-999.000,-999.000,0,0
33,-999.000,-999.000,273,5.0,0.9,-999.0,0.9,-999.0,40.346,-124.851,4.5,1,0,1,0,1998-01-20T14:35:41.999998,-999.000,-999.000,0,0
34,-999.000,-999.000,274,2.0,-999.0,0.1,-999.0,0.1,38.808,-122.769,3.4,0,1,0,1,1998-02-03T11:05:30.999999,-999.000,-999.000,0,0
35,-999.000,-999.000,275,0.0,-999.0,-999.0,0.6,-999.0,36.717,-121.012,3.8,0,0,1,0,1997-10-30T21:11:06.999996,-999.000,-999.000,0,0
36,-999.000,-999.000,276,4.0,-999.0,0.5,-999.0,0.5,40.497,-124.933,3.8,0,1,0,1,1998-03-24T07:00:25.000001,-999.000,-999.000,0,0
37,-999.000,-999.000,277,11.0,0.1,-999.0,0.1,-999.0,40.995,-121.590,3.6,2,0,2,0,1998-03-27T19:34:46.999998,-999.000,-999.000,0,0
38,-999.000,-999.000,278,2.0,0.8,-999.0,0.8,0.6,37.530,-118.817,5.5,46,0,61,43,1999-05-15T13:22:09.000002,-999.000,-999.000,1,1
39,-999.000,-999.000,279,4.0,-999.0,0.1,-999.0,0.1,38.812,-122.809,3.3,0,1,0,1,1998-06-14T13:22:02.999999,-999.000,-999.000,0,0
40,-999.000,-999.000,524,14.0,0.6,-999.0,0.6,-999.0,41.890,-119.630,4.8,6,0,11,0,2015-09-14T13:55:47.000003,-999.000,-999.000,1,1
41,-999.000,-999.000,525,7.0,0.4,0.2,0.4,0.2,37.792,-121.963,3.6,2,2,2,2,2015-10-19T23:21:16.000001,-999.000,-999.000,4,4
42,-999.000,-999.000,526,3.0,0.2,-999.0,0.2,-999.0,41.978,-119.657,3.4,1,0,1,0,2015-11-03T13:01:06.999999,-999.000,-999.000,0,0
43,-999.000,-999.000,527,5.0,-999.0,1.1,-999.0,1.1,39.435,-119.788,4.3,0,1,0,1,2015-12-23T06:46:06.000002,-999.000,-999.000,0,0
44,-999.000,-999.000,520,10.0,-999.0,0.7,-999.0,0.7,36.227,-120.353,4.1,0,1,0,1,2015-03-27T13:30:13.000001,-999.000,-999.000,0,0
45,-999.000,-999.000,521,13.0,0.1,-999.0,0.1,-999.0,37.967,-122.044,3.6,1,0,1,0,2015-05-03T22:13:17.999998,-999.000,-999.000,0,0
46,-999.000,-999.000,522,3.0,-999.0,-999.0,-999.0,-999.0,38.808,-122.790,3.8,0,0,1,0,2009-06-30T17:27:25.999999,-999.000,-999.000,0,0
47,-999.000,-999.000,523,4.0,0.5,-999.0,0.5,-999.0,37.597,-118.788,3.7,1,0,1,0,2015-08-22T13:34:46.999999,-999.000,-999.000,0,0
48,-999.000,-999.000,528,8.0,0.8,-999.0,0.8,-999.0,41.884,-119.594,4.7,9,0,10,0,2015-12-24T20:30:37.000001,-999.000,-999.000,1,1
49,-999.000,-999.000,529,0.0,-999.0,0.6,-999.0,0.6,41.502,-118.972,3.9,0,1,0,1,2015-12-28T15:10:30.000003,-999.000,-999.000,0,0
50,-999.000,-999.000,449,2.0,-999.0,-999.0,0.3,-999.0,38.818,-122.791,4.0,0,0,2,0,2004-10-29T18:02:54.000002,-999.000,-999.000,0,0
51,-999.000,-999.000,448,3.0,-999.0,-999.0,-999.0,0.2,38.794,-122.769,3.6,0,0,0,1,2009-10-31T06:52:22.000000,-999.000,-999.000,0,0
52,-999.000,-999.000,443,6.0,0.3,-999.0,0.3,-999.0,36.401,-120.933,3.5,1,0,1,0,2009-03-09T03:07:51.000002,-999.000,-999.000,0,0
53,-999.000,-999.000,442,6.0,0.1,-999.0,0.1,-999.0,36.861,-121.598,3.3,1,0,1,0,2009-02-15T22:05:19.000002,-999.000,-999.000,0,0
54,-999.000,-999.000,441,6.0,-999.0,-999.0,-999.0,0.5,36.696,-121.327,3.9,0,0,0,1,2009-01-20T06:06:00.000002,-999.000,-999.000,0,0
55,-999.000,-999.000,440,5.0,-999.0,0.2,-999.0,0.2,36.684,-121.326,3.7,0,1,0,1,2009-01-15T14:44:06.000000,-999.000,-999.000,0,0
56,-999.000,-999.000,447,2.0,0.1,-999.0,0.1,-999.0,38.833,-122.808,3.8,1,0,1,0,2009-07-07T00:29:32.000001,-999.000,-999.000,0,0
57,-999.000,-999.000,446,5.0,1.2,-999.0,1.2,-999.0,35.643,-120.951,4.4,1,0,1,0,2009-06-20T12:32:46.999998,-999.000,-999.000,0,0
58,-999.000,-999.000,445,4.0,-999.0,-999.0,0.3,-999.0,36.703,-121.337,3.5,0,0,1,0,1988-10-17T09:52:57.999997,-999.000,-999.000,0,0
59,-999.000,-999.000,444,-1.0,0.7,0.1,0.7,0.1,36.393,-117.851,5.1,15,12,16,16,2009-10-03T01:15:57.999998,-999.000,-999.000,4,0
60,-999.000,-999.000,108,5.0,0.8,0.7,0.3,0.7,37.647,-118.935,4.0,2,2,13,2,1990-05-07T07:59:52.999999,-999.000,-999.000,4,1
61,-999.000,-999.000,109,0.0,-999.0,1.0,-999.0,1.0,38.825,-122.794,4.2,0,1,0,1,1990-08-14T19:05:10.999999,-999.000,-999.000,0,0
62,-999.000,-999.000,102,7.0,0.1,-999.0,0.1,-999.0,36.866,-121.601,3.8,2,0,2,0,1990-02-12T01:48:16.000001,-999.000,-999.000,0,0
63,-999.000,-999.000,103,3.0,-999.0,0.4,-999.0,0.4,38.360,-118.901,3.6,0,1,0,1,1990-03-08T03:40:10.000000,-999.000,-999.000,0,0
64,-999.000,-999.000,100,3.0,1.8,-999.0,1.8,-999.0,40.242,-124.297,5.4,2,0,2,0,1990-01-16T20:08:19.000003,-999.000,-999.000,0,0
65,-999.000,-999.000,101,6.0,0.1,-999.0,0.1,-999.0,37.635,-118.922,3.3,1,0,1,0,1990-02-14T03:11:00.999998,-999.000,-999.000,0,0
66,-999.000,-999.000,106,17.0,-999.0,-999.0,0.9,-999.0,40.353,-124.414,4.3,0,0,1,0,1989-11-11T19:23:20.999998,-999.000,-999.000,0,0
67,-999.000,-999.000,107,1.0,0.3,-999.0,0.3,-999.0,38.828,-122.795,3.6,1,0,1,0,1990-04-03T21:12:12.000002,-999.000,-999.000,0,0
68,-999.000,-999.000,104,9.0,0.5,-999.0,0.5,-999.0,40.333,-124.632,3.7,1,0,1,0,1990-03-24T07:44:07.999999,-999.000,-999.000,0,0
69,-999.000,-999.000,105,7.0,-999.0,-999.0,-999.0,-999.0,37.873,-121.982,4.4,7,3,7,3,1990-04-07T02:39:16.000002,-999.000,-999.000,4,4
70,-999.000,-999.000,39,2.0,0.8,-999.0,0.8,-999.0,37.560,-121.670,4.1,1,0,1,0,1986-12-11T14:18:03.000000,-999.000,-999.000,0,0
71,-999.000,-999.000,38,15.0,-999.0,-999.0,-999.0,-999.0,40.361,-124.406,5.1,13,0,13,0,1986-11-21T23:32:59.999999,-999.000,-999.000,2,2
72,-999.000,-999.000,33,4.0,0.1,-999.0,0.1,-999.0,37.123,-121.545,3.3,1,0,1,0,1986-08-20T07:02:14.999997,-999.000,-999.000,0,0
73,-999.000,-999.000,32,18.0,-999.0,0.2,-999.0,0.2,40.894,-123.996,4.9,0,2,0,2,1986-08-01T05:29:59.999998,-999.000,-999.000,0,0
74,-999.000,-999.000,31,8.0,0.6,0.5,0.6,0.5,37.538,-118.443,6.4,198,33,238,33,1986-07-21T14:42:25.000002,-999.000,-999.000,1,1
75,-999.000,-999.000,30,1.0,0.7,-999.0,0.7,-999.0,36.133,-117.981,4.1,3,0,3,0,1986-07-18T17:00:37.999999,-999.000,-999.000,1,1
76,-999.000,-999.000,37,2.0,-999.0,-999.0,-999.0,0.3,38.791,-122.774,4.0,0,0,0,3,2002-04-18T11:35:38.999998,-999.000,-999.000,0,0
77,-999.000,-999.000,36,9.0,1.0,-999.0,1.0,-999.0,37.821,-121.966,4.2,1,0,1,0,1986-10-11T05:17:33.999998,-999.000,-999.000,0,0
78,-999.000,-999.000,35,15.0,-999.0,-999.0,0.7,-999.0,36.053,-121.874,4.4,0,0,1,0,1986-07-08T00:40:21.000001,-999.000,-999.000,0,0
79,-999.000,-999.000,34,3.0,-999.0,-999.0,-999.0,-999.0,38.819,-122.793,3.4,0,0,3,0,1985-10-20T19:26:24.999998,-999.000,-999.000,4,0
80,-999.000,-999.000,438,15.0,-999.0,-999.0,0.7,-999.0,41.188,-124.216,4.6,0,0,1,0,2008-08-17T05:56:57.999999,-999.000,-999.000,0,0
81,-999.000,-999.000,439,6.0,0.5,-999.0,0.5,-999.0,36.675,-121.300,4.0,1,0,1,0,2008-12-21T17:35:35.000003,-999.000,-999.000,0,0
82,-999.000,-999.000,436,3.0,-999.0,-999.0,0.1,0.2,38.788,-122.768,3.8,0,0,2,2,2009-12-20T12:26:24.000002,-999.000,-999.000,4,0
83,-999.000,-999.000,437,20.0,0.3,1.1,0.3,1.1,40.337,-124.629,4.9,1,1,1,1,2008-10-26T09:27:20.999999,-999.000,-999.000,0,0
84,-999.000,-999.000,434,-1.0,0.7,-999.0,0.7,-999.0,40.407,-119.608,3.9,1,0,1,0,2008-06-13T18:31:03.000002,-999.000,-999.000,0,0
85,-999.000,-999.000,435,14.0,0.7,-999.0,0.7,-999.0,40.425,-125.334,4.2,1,0,1,0,2008-07-30T13:39:31.999999,-999.000,-999.000,0,0
86,-999.000,-999.000,432,4.0,-999.0,0.1,-999.0,0.1,37.405,-118.521,3.5,0,1,0,1,2008-04-28T01:24:17.000003,-999.000,-999.000,0,0
87,-999.000,-999.000,433,5.0,0.4,-999.0,0.4,-999.0,35.471,-118.420,4.1,3,0,3,0,2008-05-01T08:11:41.000000,-999.000,-999.000,0,0
88,-999.000,-999.000,430,2.0,-999.0,-999.0,0.4,-999.0,38.816,-122.791,3.9,0,0,1,0,2007-12-01T20:50:10.999998,-999.000,-999.000,0,0
89,-999.000,-999.000,431,1.0,1.0,0.8,1.0,0.8,39.523,-119.932,5.1,10,6,10,6,2008-04-26T06:40:09.000003,-999.000,-999.000,1,1
90,-999.000,-999.000,339,6.0,0.8,0.5,0.8,0.5,36.812,-121.531,4.0,1,2,1,2,2001-08-26T05:03:01.000000,-999.000,-999.000,1,1
91,-999.000,-999.000,338,1.0,0.2,-999.0,0.2,-999.0,38.819,-122.841,3.5,1,0,1,0,2001-08-13T00:35:47.000001,-999.000,-999.000,0,0
92,-999.000,-999.000,335,0.0,0.5,-999.0,0.5,-999.0,39.298,-120.001,3.7,1,0,1,0,2001-07-07T07:33:54.000003,-999.000,-999.000,0,0
93,-999.000,-999.000,334,3.0,-999.0,-999.0,0.1,-999.0,36.691,-121.316,3.3,0,0,1,0,1994-02-17T08:39:49.000002,-999.000,-999.000,0,0
94,-999.000,-999.000,337,5.0,1.2,-999.0,1.2,-999.0,39.811,-120.617,5.2,1,0,1,0,2001-08-10T20:19:25.999999,-999.000,-999.000,0,0
95,-999.000,-999.000,336,2.0,-999.0,0.2,-999.0,0.2,36.726,-121.372,3.4,0,1,0,1,2001-07-20T15:00:24.000003,-999.000,-999.000,0,0
96,-999.000,-999.000,331,6.0,0.8,-999.0,0.8,-999.0,35.983,-118.331,4.0,1,0,1,0,2001-04-14T14:51:21.000004,-999.000,-999.000,0,0
97,-999.000,-999.000,330,7.0,0.3,1.0,0.3,1.0,36.013,-117.866,5.2,29,8,29,11,2001-07-17T12:07:24.000001,-999.000,-999.000,2,2
98,-999.000,-999.000,333,20.0,-999.0,-999.0,-999.0,0.1,40.303,-124.525,3.4,0,0,0,1,2001-06-16T04:26:52.000001,-999.000,-999.000,0,0
99,-999.000,-999.000,332,10.0,0.7,0.2,0.7,0.2,35.792,-118.038,4.2,3,5,4,5,2001-05-17T22:56:44.000003,-999.000,-999.000,0,0
100,-999.000,-999.000,6,21.0,-999.0,0.1,-999.0,0.1,39.155,-122.038,3.3,0,1,0,1,1985-05-21T01:50:55.999997,-999.000,-999.000,0,0
101,-999.000,-999.000,99,7.0,0.1,-999.0,0.1,-999.0,35.218,-118.214,4.2,2,0,2,0,1990-01-11T01:22:09.000001,-999.000,-999.000,0,0
102,-999.000,-999.000,98,8.0,0.5,-999.0,0.5,-999.0,40.406,-125.483,4.2,1,0,1,0,1989-12-24T18:45:38.999999,-999.000,-999.000,0,0
103,-999.000,-999.000,91,3.0,0.4,-999.0,0.4,-999.0,38.808,-122.781,3.6,1,0,1,0,1989-08-29T06:59:07.000002,-999.000,-999.000,0,0
104,-999.000,-999.000,90,13.0,0.9,-999.0,0.9,-999.0,37.148,-121.927,5.4,3,0,3,0,1989-08-08T08:13:25.999998,-999.000,-999.000,1,1
105,-999.000,-999.000,93,16.0,1.1,1.6,1.1,1.6,40.319,-124.646,4.9,1,1,1,1,1989-09-21T17:41:17.000000,-999.000,-999.000,0,0
106,-999.000,-999.000,92,4.0,-999.0,0.2,-999.0,0.2,38.795,-122.766,3.8,0,1,0,1,1989-09-19T23:21:02.000003,-999.000,-999.000,0,0
107,-999.000,-999.000,95,17.0,1.8,-999.0,1.5,-999.0,37.036,-121.880,6.9,145,0,184,0,1989-10-18T00:04:13.999997,-999.000,-999.000,1,1
108,-999.000,-999.000,94,4.0,-999.0,-999.0,-999.0,-999.0,38.759,-122.897,3.3,1,0,1,0,1989-09-03T15:24:40.999997,-999.000,-999.000,0,0
109,-999.000,-999.000,97,6.0,0.5,0.9,0.3,0.9,36.691,-121.322,4.4,4,3,20,3,1989-12-01T12:37:41.999998,-999.000,-999.000,4,1
110,-999.000,-999.000,96,0.0,1.1,-999.0,1.1,-999.0,38.597,-119.617,4.6,4,0,4,0,1989-11-03T19:08:59.999997,-999.000,-999.000,1,1
111,-999.000,-999.000,559,0.0,-999.0,-999.0,-999.0,-999.0,37.412,-121.814,3.3,1,0,1,0,2017-09-14T17:32:16.000000,-999.000,-999.000,0,0
112,-999.000,-999.000,558,10.0,-999.0,0.1,-999.0,0.1,36.846,-118.026,4.2,0,1,0,1,2017-08-22T19:52:22.000001,-999.000,-999.000,0,0
113,-999.000,-999.000,555,0.0,0.7,0.4,0.7,0.4,37.508,-118.954,3.9,1,1,1,1,2017-07-09T09:12:04.000003,-999.000,-999.000,0,0
114,-999.000,-999.000,554,-1.0,-999.0,0.3,-999.0,0.3,39.470,-120.334,4.0,0,1,0,1,2017-06-27T09:09:20.000004,-999.000,-999.000,0,0
115,-999.000,-999.000,557,2.0,-999.0,-999.0,-999.0,0.1,37.462,-118.821,3.4,0,0,0,1,2017-08-14T08:47:38.000003,-999.000,-999.000,0,0
116,-999.000,-999.000,556,26.0,0.5,-999.0,0.5,-999.0,40.782,-125.181,5.1,1,0,1,0,2017-07-29T00:02:39.000001,-999.000,-999.000,0,0
117,-999.000,-999.000,551,10.0,0.3,-999.0,0.3,-999.0,38.984,-119.559,3.5,1,0,1,0,2017-05-06T15:04:52.000001,-999.000,-999.000,0,0
118,-999.000,-999.000,550,2.0,-999.0,-999.0,-999.0,0.8,38.788,-122.777,4.0,0,0,0,1,2017-04-30T10:12:15.000001,-999.000,-999.000,0,0
119,-999.000,-999.000,553,-1.0,0.3,-999.0,0.3,-999.0,38.789,-119.650,3.9,1,0,1,0,2017-06-06T22:45:25.000000,-999.000,-999.000,0,0
120,-999.000,-999.000,552,-1.0,-999.0,0.4,-999.0,0.4,36.170,-117.844,4.0,0,1,0,1,2017-05-25T15:42:49.999999,-999.000,-999.000,0,0
121,-999.000,-999.000,238,11.0,0.8,-999.0,0.8,-999.0,35.096,-118.305,4.0,1,0,1,0,1995-12-31T21:48:20.999999,-999.000,-999.000,0,0
122,-999.000,-999.000,239,6.0,-999.0,0.2,-999.0,0.2,37.625,-118.876,3.8,0,2,0,2,1996-02-17T01:03:46.999999,-999.000,-999.000,0,0
123,-999.000,-999.000,234,7.0,-999.0,0.5,-999.0,0.5,36.804,-121.525,4.2,0,1,0,1,1995-11-29T23:12:32.000002,-999.000,-999.000,0,0
124,-999.000,-999.000,235,6.0,0.1,0.4,0.1,0.4,36.977,-121.470,3.9,3,1,4,1,1995-12-13T05:45:10.999998,-999.000,-999.000,4,4
125,-999.000,-999.000,236,1.0,-999.0,-999.0,-999.0,0.5,38.814,-122.823,4.1,0,0,0,2,2019-06-11T07:46:24.000000,-999.000,-999.000,0,0
126,-999.000,-999.000,237,3.0,0.1,-999.0,0.1,-999.0,38.721,-119.635,4.9,12,0,16,0,1995-12-22T09:00:33.000000,-999.000,-999.000,3,3
127,-999.000,-999.000,230,14.0,-999.0,-999.0,-999.0,-999.0,37.907,-121.972,3.2,1,0,1,0,1995-09-05T16:29:45.999997,-999.000,-999.000,0,0
128,-999.000,-999.000,231,7.0,0.5,-999.0,0.5,-999.0,37.097,-121.511,4.2,1,0,1,0,1995-09-13T20:36:45.000003,-999.000,-999.000,0,0
129,-999.000,-999.000,232,0.0,0.9,-999.0,0.9,-999.0,39.622,-120.060,4.5,3,0,3,0,1995-11-15T20:33:57.999998,-999.000,-999.000,1,1
130,-999.000,-999.000,233,4.0,0.3,-999.0,0.3,-999.0,36.703,-121.336,3.6,1,0,1,0,1995-11-12T20:59:00.000000,-999.000,-999.000,0,0
131,-999.000,-999.000,1,11.0,-999.0,0.5,-999.0,0.5,36.193,-120.310,3.8,0,1,0,1,1985-01-03T11:22:25.000002,-999.000,-999.000,0,0
132,-999.000,-999.000,146,9.0,0.6,-999.0,0.6,-999.0,40.335,-124.229,7.2,184,0,227,0,1992-04-25T18:06:04.000001,-999.000,-999.000,1,1
133,-999.000,-999.000,147,8.0,0.3,-999.0,0.3,-999.0,36.455,-120.376,3.5,1,0,1,0,1992-04-29T01:17:03.000001,-999.000,-999.000,0,0
134,-999.000,-999.000,144,1.0,-999.0,-999.0,-999.0,-999.0,38.842,-122.797,3.9,1,0,1,0,1992-03-24T14:27:04.999998,-999.000,-999.000,0,0
135,-999.000,-999.000,145,9.0,0.5,-999.0,0.5,-999.0,35.444,-119.263,4.6,3,0,3,0,1992-04-23T04:53:26.000003,-999.000,-999.000,1,1
136,-999.000,-999.000,142,3.0,-999.0,0.1,-999.0,0.1,41.979,-125.689,3.6,0,1,0,1,1992-03-04T22:54:21.000003,-999.000,-999.000,0,0
137,-999.000,-999.000,143,4.0,-999.0,0.2,-999.0,0.2,36.003,-117.869,3.8,0,1,0,1,1992-03-17T11:56:34.000003,-999.000,-999.000,0,0
138,-999.000,-999.000,140,0.0,-999.0,0.2,-999.0,0.2,38.817,-122.811,3.6,0,1,0,1,1992-02-02T07:50:12.999997,-999.000,-999.000,0,0
139,-999.000,-999.000,141,8.0,0.4,-999.0,0.4,-999.0,36.021,-117.883,4.1,7,0,9,0,1992-02-19T11:19:23.000002,-999.000,-999.000,4,4
140,-999.000,-999.000,148,0.0,0.3,-999.0,0.3,-999.0,37.100,-121.026,3.5,1,0,1,0,1992-05-01T01:02:27.000002,-999.000,-999.000,0,0
141,-999.000,-999.000,149,2.0,0.1,-999.0,0.1,-999.0,38.701,-119.649,3.6,1,0,1,0,1992-05-12T06:12:48.000000,-999.000,-999.000,0,0
142,-999.000,-999.000,133,1.0,2.5,0.9,1.7,0.9,41.679,-125.856,7.0,23,18,25,18,1991-08-17T22:17:08.000000,-999.000,-999.000,1,1
143,-999.000,-999.000,132,9.0,1.2,-999.0,1.2,-999.0,38.221,-118.747,4.8,1,0,3,0,1991-08-12T21:11:49.000003,-999.000,-999.000,1,0
144,-999.000,-999.000,131,6.0,0.2,-999.0,0.2,-999.0,39.528,-123.035,3.4,1,0,1,0,1991-07-11T21:12:11.000000,-999.000,-999.000,0,0
145,-999.000,-999.000,130,5.0,0.2,0.3,0.2,0.3,37.634,-118.922,3.8,1,1,2,1,1991-07-03T09:14:02.999999,-999.000,-999.000,4,0
146,-999.000,-999.000,137,7.0,-999.0,0.4,-999.0,0.4,37.267,-121.646,3.9,0,1,0,1,1991-11-11T09:56:40.999998,-999.000,-999.000,0,0
147,-999.000,-999.000,136,2.0,-999.0,-999.0,-999.0,-999.0,38.792,-122.776,3.5,1,0,2,4,1994-03-15T05:14:35.999997,-999.000,-999.000,4,0
148,-999.000,-999.000,135,12.0,-999.0,-999.0,-999.0,-999.0,40.742,-121.546,3.5,1,0,1,0,1991-10-03T15:10:38.000003,-999.000,-999.000,0,0
149,-999.000,-999.000,134,9.0,1.9,-999.0,1.9,-999.0,35.810,-121.335,5.2,1,0,1,0,1991-09-17T21:10:27.999996,-999.000,-999.000,0,0
150,-999.000,-999.000,494,4.0,-999.0,0.3,-999.0,0.3,38.560,-119.615,4.0,0,1,0,1,2013-01-24T23:25:49.999999,-999.000,-999.000,0,0
151,-999.000,-999.000,495,11.0,1.1,-999.0,1.1,-999.0,38.052,-118.046,5.3,12,0,13,0,2013-02-13T00:10:11.999998,-999.000,-999.000,1,1
152,-999.000,-999.000,139,26.0,0.5,-999.0,0.5,-999.0,40.367,-124.131,3.8,1,0,1,0,1991-11-17T22:00:17.000003,-999.000,-999.000,0,0
153,-999.000,-999.000,138,10.0,-999.0,-999.0,-999.0,-999.0,36.178,-120.282,3.5,1,0,1,0,1991-11-20T09:55:07.000002,-999.000,-999.000,0,0
154,-999.000,-999.000,490,8.0,1.7,-999.0,1.7,-999.0,36.310,-120.856,5.3,1,0,1,0,2012-10-21T06:55:08.000003,-999.000,-999.000,0,0
155,-999.000,-999.000,491,5.0,-999.0,0.1,-999.0,0.1,36.616,-121.223,3.3,0,1,0,1,2012-11-24T15:44:34.000002,-999.000,-999.000,0,0
156,-999.000,-999.000,492,5.0,0.2,-999.0,0.2,-999.0,36.096,-117.847,3.8,1,0,1,0,2012-11-30T10:40:00.999999,-999.000,-999.000,0,0
157,-999.000,-999.000,493,7.0,-999.0,0.1,-999.0,0.1,36.563,-121.075,3.5,0,1,0,1,2013-01-15T15:14:28.999998,-999.000,-999.000,0,0
158,-999.000,-999.000,24,8.0,2.2,-999.0,2.2,-999.0,37.479,-121.687,5.7,10,0,14,0,1986-03-31T11:55:38.000000,-999.000,-999.000,1,1
159,-999.000,-999.000,25,4.0,0.9,-999.0,0.9,-999.0,40.390,-125.108,4.4,2,0,2,0,1986-04-15T00:13:18.000000,-999.000,-999.000,0,0
160,-999.000,-999.000,26,4.0,-999.0,0.4,0.1,0.4,36.690,-121.319,3.6,0,1,1,1,1986-04-15T09:25:55.000000,-999.000,-999.000,0,0
161,-999.000,-999.000,27,13.0,0.3,-999.0,0.3,-999.0,35.044,-118.936,3.6,1,0,1,0,1986-05-05T15:51:02.000003,-999.000,-999.000,0,0
162,-999.000,-999.000,20,9.0,-999.0,-999.0,1.1,-999.0,37.411,-118.621,4.5,0,0,1,0,1985-08-27T03:04:05.000000,-999.000,-999.000,0,0
163,-999.000,-999.000,21,8.0,1.5,-999.0,1.5,-999.0,36.804,-121.285,5.5,7,0,9,0,1986-01-26T19:20:48.999997,-999.000,-999.000,1,1
164,-999.000,-999.000,22,23.0,0.4,-999.0,0.4,-999.0,40.862,-123.784,3.8,1,0,1,0,1986-03-20T22:41:36.999997,-999.000,-999.000,0,0
165,-999.000,-999.000,23,6.0,-999.0,-999.0,0.3,-999.0,37.259,-121.641,3.5,0,0,1,0,1985-07-15T08:59:37.000000,-999.000,-999.000,0,0
166,-999.000,-999.000,28,5.0,1.1,1.0,1.0,1.0,36.637,-121.250,4.7,5,1,7,1,1986-05-31T08:47:54.000002,-999.000,-999.000,1,1
167,-999.000,-999.000,29,15.0,-999.0,-999.0,0.3,-999.0,40.377,-124.467,3.5,0,0,1,0,1985-10-06T04:34:04.999999,-999.000,-999.000,0,0
168,-999.000,-999.000,407,2.0,0.7,-999.0,0.7,-999.0,38.867,-122.787,4.6,1,0,1,0,2006-10-20T17:00:06.999998,-999.000,-999.000,0,0
169,-999.000,-999.000,406,20.0,1.6,-999.0,1.6,0.4,40.281,-124.433,5.0,1,0,1,1,2006-07-19T11:41:41.999998,-999.000,-999.000,0,0
170,-999.000,-999.000,405,3.0,0.5,1.5,0.2,1.5,38.817,-122.814,4.7,1,1,7,1,2006-05-12T10:37:28.000002,-999.000,-999.000,0,0
171,-999.000,-999.000,404,12.0,0.6,-999.0,0.6,-999.0,38.232,-118.753,3.9,1,0,1,0,2006-05-05T06:36:17.000003,-999.000,-999.000,0,0
172,-999.000,-999.000,403,6.0,-999.0,-999.0,-999.0,-999.0,36.556,-121.148,3.2,0,0,1,0,1998-09-12T16:43:12.000003,-999.000,-999.000,0,0
173,-999.000,-999.000,402,5.0,0.1,-999.0,0.1,-999.0,36.669,-121.291,3.3,1,0,1,0,2006-01-05T22:39:19.999998,-999.000,-999.000,0,0
174,-999.000,-999.000,401,3.0,-999.0,0.4,-999.0,0.4,40.427,-125.346,4.6,0,1,0,1,2005-12-23T21:38:30.999999,-999.000,-999.000,0,0
175,-999.000,-999.000,400,1.0,0.4,-999.0,0.4,-999.0,38.814,-122.784,3.9,1,0,1,0,2005-11-17T08:55:04.000002,-999.000,-999.000,0,0
176,-999.000,-999.000,409,4.0,0.4,-999.0,0.4,-999.0,39.359,-123.282,4.1,1,0,1,0,2006-11-09T08:38:12.000003,-999.000,-999.000,0,0
177,-999.000,-999.000,408,18.0,-999.0,0.1,-999.0,0.1,40.529,-124.061,3.3,0,1,0,1,2006-11-01T08:27:27.000000,-999.000,-999.000,0,0
178,-999.000,-999.000,379,0.0,0.2,-999.0,0.2,-999.0,39.407,-120.213,3.6,1,0,1,0,2004-06-12T14:49:39.999998,-999.000,-999.000,0,0
179,-999.000,-999.000,378,3.0,0.3,-999.0,0.3,-999.0,38.826,-122.803,3.5,1,0,1,0,2004-06-03T20:55:22.999997,-999.000,-999.000,0,0
180,-999.000,-999.000,371,18.0,-999.0,0.5,-999.0,0.1,37.728,-121.817,3.8,0,1,0,5,2004-04-29T19:49:56.999998,-999.000,-999.000,4,0
181,-999.000,-999.000,370,4.0,-999.0,0.4,-999.0,0.4,38.785,-122.778,3.6,0,1,0,1,2004-01-03T16:21:00.000000,-999.000,-999.000,0,0
182,-999.000,-999.000,373,3.0,0.4,-999.0,0.4,-999.0,35.577,-120.862,3.8,2,0,2,0,2004-02-27T08:33:04.000004,-999.000,-999.000,0,0
183,-999.000,-999.000,372,2.0,1.3,-999.0,1.3,-999.0,38.837,-122.767,4.6,1,0,1,0,2004-02-18T20:37:45.000000,-999.000,-999.000,0,0
184,-999.000,-999.000,375,4.0,-999.0,0.1,-999.0,0.1,35.504,-120.807,3.5,0,1,0,1,2004-05-02T13:22:00.000002,-999.000,-999.000,0,0
185,-999.000,-999.000,374,3.0,-999.0,0.1,-999.0,0.1,35.578,-120.785,3.5,0,1,0,1,2004-03-10T06:13:00.999997,-999.000,-999.000,0,0
186,-999.000,-999.000,377,1.0,-999.0,0.2,-999.0,0.2,35.542,-121.305,3.7,0,1,0,1,2004-06-06T08:40:51.000002,-999.000,-999.000,0,0
187,-999.000,-999.000,376,5.0,-999.0,0.3,-999.0,0.3,36.703,-121.290,3.7,0,1,0,1,2004-05-04T17:25:30.000000,-999.000,-999.000,0,0
188,-999.000,-999.000,393,2.0,2.8,-999.0,2.8,-999.0,41.233,-125.986,7.0,14,0,15,0,2005-06-15T02:50:50.000000,-999.000,-999.000,1,1
189,-999.000,-999.000,392,9.0,1.3,-999.0,1.3,-999.0,35.929,-120.477,4.5,1,0,2,0,2005-05-16T07:24:35.999997,-999.000,-999.000,0,0
190,-999.000,-999.000,88,7.0,0.5,-999.0,0.5,-999.0,36.904,-121.347,3.8,1,0,1,0,1989-07-18T11:07:19.999997,-999.000,-999.000,0,0
191,-999.000,-999.000,89,4.0,-999.0,0.2,-999.0,0.2,36.814,-121.529,3.6,0,2,0,5,1996-01-10T02:16:57.000002,-999.000,-999.000,4,0
192,-999.000,-999.000,397,10.0,0.3,0.1,0.3,0.1,35.035,-119.001,3.5,1,1,1,1,2005-09-22T20:37:47.000001,-999.000,-999.000,0,0
193,-999.000,-999.000,396,7.0,-999.0,-999.0,-999.0,0.1,36.633,-121.250,3.6,0,0,0,1,2005-08-13T19:13:18.999998,-999.000,-999.000,0,0
194,-999.000,-999.000,395,1.0,-999.0,0.1,-999.0,0.1,37.116,-119.575,3.6,0,1,0,1,2005-07-25T09:42:51.000000,-999.000,-999.000,0,0
195,-999.000,-999.000,394,15.0,-999.0,0.2,-999.0,0.2,36.083,-120.148,3.5,0,1,0,1,2005-06-16T11:37:50.000000,-999.000,-999.000,0,0
196,-999.000,-999.000,82,6.0,-999.0,-999.0,0.1,0.1,37.262,-121.644,3.4,0,0,1,1,1989-03-09T16:21:29.999997,-999.000,-999.000,0,0
197,-999.000,-999.000,181,7.0,-999.0,0.2,-999.0,0.2,35.992,-118.362,3.7,0,3,0,3,1993-09-06T10:32:31.000002,-999.000,-999.000,4,4
198,-999.000,-999.000,80,1.0,-999.0,0.4,-999.0,0.4,37.835,-122.603,3.6,0,1,0,1,1989-02-13T08:01:40.000003,-999.000,-999.000,0,0
199,-999.000,-999.000,81,12.0,0.9,-999.0,0.9,-999.0,35.062,-119.141,4.2,1,0,1,0,1989-02-14T15:43:51.999998,-999.000,-999.000,0,0
200,-999.000,-999.000,86,7.0,-999.0,0.2,-999.0,0.2,41.183,-121.974,4.0,0,1,0,1,1989-05-23T17:02:00.000001,-999.000,-999.000,0,0
201,-999.000,-999.000,87,4.0,-999.0,-999.0,0.9,-999.0,40.457,-125.403,4.3,0,0,1,0,1986-08-03T16:15:29.000002,-999.000,-999.000,0,0
202,-999.000,-999.000,84,2.0,0.3,-999.0,0.3,-999.0,38.800,-122.772,3.6,1,0,2,0,1989-03-26T18:03:35.000000,-999.000,-999.000,0,0
203,-999.000,-999.000,85,11.0,1.2,-999.0,1.2,-999.0,37.432,-121.771,4.5,1,0,1,0,1989-04-03T17:46:32.999998,-999.000,-999.000,0,0
204,-999.000,-999.000,7,6.0,-999.0,-999.0,-999.0,0.1,37.427,-118.614,3.3,0,0,0,1,1985-05-28T00:42:17.000000,-999.000,-999.000,0,0
205,-999.000,-999.000,586,3.0,0.9,0.5,0.9,0.5,38.775,-122.767,4.2,1,1,1,1,2019-11-03T20:34:55.999998,-999.000,-999.000,0,0
206,-999.000,-999.000,587,4.0,-999.0,-999.0,-999.0,-999.0,36.187,-117.866,3.6,3,0,3,0,2019-11-16T22:11:15.000003,-999.000,-999.000,4,4
207,-999.000,-999.000,584,9.0,1.6,-999.0,1.6,-999.0,41.891,-125.837,5.2,1,0,1,0,2019-10-28T11:01:03.000004,-999.000,-999.000,0,0
208,-999.000,-999.000,585,25.0,-999.0,-999.0,1.2,-999.0,40.846,-123.840,4.4,0,0,1,0,2019-02-06T18:23:00.000003,-999.000,-999.000,0,0
209,-999.000,-999.000,582,10.0,0.9,-999.0,0.9,-999.0,36.645,-121.274,4.7,3,0,3,0,2019-10-15T19:42:28.999998,-999.000,-999.000,1,1
210,-999.000,-999.000,583,9.0,-999.0,-999.0,-999.0,0.1,36.639,-121.258,3.6,0,0,0,1,2019-10-17T14:54:54.000000,-999.000,-999.000,0,0
211,-999.000,-999.000,580,6.0,0.6,0.5,0.6,0.5,36.603,-121.202,3.8,1,1,1,1,2019-09-13T06:50:20.000003,-999.000,-999.000,0,0
212,-999.000,-999.000,581,13.0,1.3,-999.0,1.3,-999.0,37.938,-122.057,4.5,1,0,1,0,2019-10-15T05:33:40.999998,-999.000,-999.000,0,0
213,-999.000,-999.000,588,3.0,0.3,-999.0,0.3,-999.0,38.354,-119.293,3.5,1,0,1,0,2019-11-22T14:39:31.999999,-999.000,-999.000,0,0
214,-999.000,-999.000,245,-1.0,0.1,-999.0,0.1,-999.0,37.531,-118.828,3.4,1,0,1,0,1996-06-17T11:39:29.000003,-999.000,-999.000,0,0
215,-999.000,-999.000,244,4.0,-999.0,-999.0,-999.0,-999.0,36.684,-121.309,3.4,1,0,2,0,1996-05-30T19:42:46.999999,-999.000,-999.000,0,0
216,-999.000,-999.000,247,7.0,-999.0,1.3,-999.0,1.3,40.352,-124.751,4.7,0,1,0,1,1996-08-08T09:19:03.000001,-999.000,-999.000,0,0
217,-999.000,-999.000,246,5.0,0.5,0.1,0.5,0.1,35.749,-121.259,3.8,1,1,1,1,1996-07-03T07:42:34.000002,-999.000,-999.000,0,0
218,-999.000,-999.000,241,5.0,-999.0,-999.0,-999.0,-999.0,37.626,-118.859,4.2,14,8,15,8,1996-03-30T15:22:21.999997,-999.000,-999.000,4,4
219,-999.000,-999.000,240,4.0,0.3,-999.0,0.3,-999.0,37.517,-118.873,3.6,1,0,1,0,1996-02-19T05:02:06.000001,-999.000,-999.000,0,0
220,-999.000,-999.000,243,0.0,0.4,-999.0,0.4,-999.0,40.387,-125.176,4.2,1,0,1,0,1996-05-02T00:33:36.999998,-999.000,-999.000,0,0
221,-999.000,-999.000,242,5.0,1.2,1.2,1.2,1.2,36.885,-121.613,4.9,2,1,3,1,1996-04-19T00:52:39.999999,-999.000,-999.000,1,1
222,-999.000,-999.000,249,8.0,0.7,-999.0,0.7,-999.0,39.974,-119.817,4.2,2,0,2,0,1996-12-02T23:33:13.999997,-999.000,-999.000,0,0
223,-999.000,-999.000,248,2.0,-999.0,0.4,0.9,0.4,38.791,-122.757,4.3,0,2,3,2,1996-12-04T21:21:14.000003,-999.000,-999.000,2,0
224,-999.000,-999.000,519,15.0,-999.0,0.1,-999.0,0.1,41.951,-119.577,3.5,0,1,0,1,2015-02-26T19:17:47.999997,-999.000,-999.000,0,0
225,-999.000,-999.000,518,16.0,1.5,1.4,1.5,1.4,40.318,-124.607,5.7,2,2,2,2,2015-01-28T21:08:51.999997,-999.000,-999.000,1,1
226,-999.000,-999.000,511,19.0,-999.0,-999.0,-999.0,-999.0,41.911,-119.669,3.4,1,0,1,0,2014-08-19T04:00:33.999999,-999.000,-999.000,0,0
227,-999.000,-999.000,510,5.0,-999.0,0.1,-999.0,0.1,36.979,-121.464,3.4,0,3,0,3,2014-09-01T16:10:36.000002,-999.000,-999.000,4,4
228,-999.000,-999.000,513,3.0,-999.0,-999.0,-999.0,-999.0,37.653,-118.852,3.5,2,1,2,1,2014-09-26T03:32:44.000000,-999.000,-999.000,4,4
229,-999.000,-999.000,512,11.0,2.1,-999.0,2.1,-999.0,38.215,-122.312,6.0,7,0,7,0,2014-08-24T10:20:42.999998,-999.000,-999.000,1,1
230,-999.000,-999.000,515,5.0,0.1,-999.0,0.1,-999.0,37.477,-118.782,3.6,3,0,3,0,2014-10-13T00:13:49.000000,-999.000,-999.000,4,4
231,-999.000,-999.000,514,19.0,-999.0,0.5,-999.0,0.5,41.887,-119.685,3.9,0,1,0,1,2014-10-01T12:46:06.999998,-999.000,-999.000,0,0
232,-999.000,-999.000,517,6.0,0.3,0.6,0.3,0.6,36.806,-121.536,4.2,1,1,1,1,2014-11-20T06:26:48.000001,-999.000,-999.000,0,0
233,-999.000,-999.000,516,17.0,0.4,0.6,0.1,0.2,41.876,-119.635,4.7,9,23,29,61,2015-01-22T09:09:14.999997,-999.000,-999.000,4,0
234,-999.000,-999.000,458,1.0,-999.0,-999.0,-999.0,0.5,38.815,-122.816,3.7,0,0,0,1,2010-07-15T23:54:19.000003,-999.000,-999.000,0,0
235,-999.000,-999.000,459,6.0,0.2,0.4,0.2,0.4,37.624,-118.814,3.8,1,1,1,1,2010-07-22T11:40:06.999997,-999.000,-999.000,0,0
236,-999.000,-999.000,450,10.0,0.3,-999.0,0.3,-999.0,37.481,-121.799,4.0,1,0,2,0,2010-01-07T18:09:34.000003,-999.000,-999.000,0,0
237,-999.000,-999.000,451,28.0,0.6,-999.0,0.6,-999.0,40.652,-124.692,6.5,15,0,19,0,2010-01-10T00:27:38.000002,-999.000,-999.000,1,1
238,-999.000,-999.000,452,5.0,0.6,0.6,0.6,0.6,36.031,-117.835,4.2,4,3,4,3,2010-01-15T08:23:25.999997,-999.000,-999.000,1,1
239,-999.000,-999.000,453,5.0,0.6,0.2,0.6,0.2,36.048,-117.886,4.3,5,5,5,5,2010-03-01T09:06:01.999999,-999.000,-999.000,0,0
240,-999.000,-999.000,454,5.0,-999.0,0.1,-999.0,0.1,40.185,-121.329,3.7,0,1,0,1,2010-03-17T16:41:36.000002,-999.000,-999.000,0,0
241,-999.000,-999.000,455,20.0,-999.0,-999.0,-999.0,0.6,40.314,-124.532,3.9,0,0,0,1,2010-04-12T15:10:02.999998,-999.000,-999.000,0,0
242,-999.000,-999.000,456,1.0,-999.0,-999.0,0.2,-999.0,38.815,-122.798,3.7,0,0,1,0,2009-04-17T15:09:38.000003,-999.000,-999.000,0,0
243,-999.000,-999.000,457,1.0,0.2,-999.0,0.2,-999.0,37.819,-118.973,3.5,2,0,2,0,2010-05-22T17:06:05.999999,-999.000,-999.000,0,0
244,-999.000,-999.000,179,2.0,0.6,-999.0,0.5,-999.0,37.525,-118.883,4.3,3,0,4,0,1993-08-11T05:48:19.000001,-999.000,-999.000,1,1
245,-999.000,-999.000,178,7.0,0.2,0.4,0.2,0.4,40.302,-124.498,4.1,5,1,5,1,1993-07-27T21:17:19.000001,-999.000,-999.000,4,4
246,-999.000,-999.000,177,4.0,-999.0,-999.0,-999.0,-999.0,37.623,-118.870,3.2,1,0,1,0,1993-07-02T19:03:26.000001,-999.000,-999.000,0,0
247,-999.000,-999.000,176,10.0,-999.0,0.2,-999.0,0.2,38.090,-119.064,3.4,0,1,0,1,1993-06-14T10:51:33.000001,-999.000,-999.000,0,0
248,-999.000,-999.000,175,6.0,-999.0,-999.0,-999.0,-999.0,36.437,-121.015,3.3,0,0,1,0,1989-10-08T12:36:45.000001,-999.000,-999.000,0,0
249,-999.000,-999.000,174,-1.0,1.6,-999.0,1.6,-999.0,37.166,-117.780,6.4,40,0,40,0,1993-05-17T23:20:47.000003,-999.000,-999.000,1,1
250,-999.000,-999.000,173,2.0,-999.0,-999.0,0.1,-999.0,36.568,-121.159,3.3,0,0,2,0,1990-01-30T05:07:16.999998,-999.000,-999.000,0,0
251,-999.000,-999.000,172,2.0,-999.0,0.1,-999.0,0.1,38.789,-122.777,4.0,0,2,0,2,1993-03-16T03:59:24.999999,-999.000,-999.000,0,0
252,-999.000,-999.000,171,0.0,0.5,-999.0,0.5,-999.0,39.192,-119.646,3.7,1,0,1,0,1993-02-05T17:10:25.000002,-999.000,-999.000,0,0
253,-999.000,-999.000,170,2.0,0.2,-999.0,0.2,-999.0,38.843,-122.778,3.9,2,0,2,0,1993-01-18T23:27:08.999998,-999.000,-999.000,0,0
254,-999.000,-999.000,182,11.0,-999.0,-999.0,-999.0,-999.0,38.120,-122.448,3.6,1,1,1,1,1993-09-19T20:49:04.999998,-999.000,-999.000,0,0
255,-999.000,-999.000,183,6.0,0.8,-999.0,0.8,-999.0,36.580,-121.174,4.1,1,0,1,0,1993-10-11T07:19:43.999997,-999.000,-999.000,0,0
256,-999.000,-999.000,180,6.0,0.4,-999.0,0.4,-999.0,38.836,-119.746,3.7,1,0,2,0,1993-08-16T10:29:10.000001,-999.000,-999.000,0,0
257,-999.000,-999.000,2,-1.0,0.2,0.1,0.2,0.1,40.926,-119.133,3.4,1,1,1,1,1985-01-26T18:43:22.000001,-999.000,-999.000,0,0
258,-999.000,-999.000,186,9.0,0.3,-999.0,0.3,-999.0,36.298,-120.429,3.6,1,0,1,0,1993-10-31T18:31:22.000002,-999.000,-999.000,0,0
259,-999.000,-999.000,187,10.0,-999.0,1.6,-999.0,1.6,35.953,-120.498,4.8,0,1,0,1,1993-11-14T12:25:32.999998,-999.000,-999.000,0,0
260,-999.000,-999.000,184,2.0,0.3,0.3,0.3,0.3,37.539,-118.883,3.5,1,1,1,1,1993-10-18T06:40:19.000003,-999.000,-999.000,0,0
261,-999.000,-999.000,185,-1.0,0.3,-999.0,0.3,-999.0,36.037,-117.976,3.7,2,0,2,0,1993-10-22T16:30:52.000000,-999.000,-999.000,0,0
262,-999.000,-999.000,188,5.0,-999.0,-999.0,-999.0,-999.0,37.635,-118.933,3.9,10,0,12,0,1993-11-28T00:35:33.000002,-999.000,-999.000,4,4
263,-999.000,-999.000,189,-1.0,-999.0,-999.0,-999.0,-999.0,40.075,-119.933,3.2,1,0,1,0,1993-12-08T18:25:43.000000,-999.000,-999.000,0,0
264,-999.000,-999.000,11,2.0,-999.0,-999.0,-999.0,-999.0,38.803,-122.802,3.5,2,0,3,0,1985-07-26T04:20:40.000002,-999.000,-999.000,4,0
265,-999.000,-999.000,10,10.0,0.9,-999.0,0.9,-999.0,36.179,-120.291,4.3,1,0,1,0,1985-05-11T08:59:20.999997,-999.000,-999.000,0,0
266,-999.000,-999.000,13,2.0,0.8,-999.0,0.8,0.4,38.819,-122.808,4.0,1,0,1,7,2010-07-15T15:31:42.000003,-999.000,-999.000,0,0
267,-999.000,-999.000,12,15.0,1.3,0.9,1.3,0.9,36.143,-120.156,5.6,16,3,17,3,1985-08-04T12:01:54.000002,-999.000,-999.000,1,1
268,-999.000,-999.000,15,3.0,-999.0,1.0,-999.0,1.0,36.561,-118.118,4.4,0,1,0,1,1985-08-22T00:21:55.999999,-999.000,-999.000,0,0
269,-999.000,-999.000,14,0.0,-999.0,-999.0,-999.0,-999.0,38.792,-122.778,4.0,0,1,8,1,1985-08-08T19:03:09.999999,-999.000,-999.000,2,0
270,-999.000,-999.000,17,37.0,-999.0,-999.0,-999.0,-999.0,40.453,-124.653,3.2,1,0,1,0,1985-11-19T15:08:35.000002,-999.000,-999.000,0,0
271,-999.000,-999.000,16,0.0,-999.0,0.1,-999.0,0.1,35.931,-120.014,3.3,0,1,0,1,1985-10-28T01:33:30.999999,-999.000,-999.000,0,0
272,-999.000,-999.000,19,6.0,-999.0,1.4,0.2,1.4,36.583,-121.178,4.8,0,1,7,1,1986-01-14T03:09:35.000001,-999.000,-999.000,2,0
273,-999.000,-999.000,18,2.0,-999.0,-999.0,-999.0,-999.0,36.002,-118.401,3.2,1,0,1,0,1985-12-16T23:47:12.000001,-999.000,-999.000,0,0
274,-999.000,-999.000,322,5.0,1.0,-999.0,1.0,-999.0,38.660,-119.555,4.4,2,0,2,0,2000-09-26T07:20:28.000000,-999.000,-999.000,0,0
275,-999.000,-999.000,323,1.0,-999.0,-999.0,0.6,-999.0,34.960,-120.728,3.8,0,0,1,0,2000-03-12T06:59:33.000000,-999.000,-999.000,0,0
276,-999.000,-999.000,320,10.0,0.8,0.8,0.8,0.8,39.334,-123.035,4.0,1,1,1,1,2000-08-21T04:45:12.000000,-999.000,-999.000,0,0
277,-999.000,-999.000,321,12.0,0.8,-999.0,0.8,-999.0,40.854,-124.451,4.4,1,0,1,0,2000-09-22T10:50:26.000000,-999.000,-999.000,0,0
278,-999.000,-999.000,326,6.0,-999.0,0.9,-999.0,0.9,39.730,-122.829,4.2,0,1,0,1,2001-02-02T23:03:09.999997,-999.000,-999.000,0,0
279,-999.000,-999.000,327,21.0,-999.0,-999.0,-999.0,-999.0,40.577,-124.454,3.2,1,0,1,0,2001-02-07T19:18:59.999998,-999.000,-999.000,0,0
280,-999.000,-999.000,324,4.0,1.1,-999.0,1.1,-999.0,39.358,-120.474,4.4,1,0,1,0,2000-12-02T15:34:15.000002,-999.000,-999.000,0,0
281,-999.000,-999.000,325,17.0,1.0,0.1,1.0,0.1,40.989,-121.694,4.4,1,3,1,3,2000-12-20T23:39:12.999997,-999.000,-999.000,0,0
282,-999.000,-999.000,328,0.0,-999.0,-999.0,-999.0,-999.0,36.356,-117.859,3.2,1,0,1,0,2001-04-11T19:53:56.000002,-999.000,-999.000,0,0
283,-999.000,-999.000,329,15.0,0.8,-999.0,0.8,-999.0,39.490,-122.947,4.1,1,0,1,0,2001-03-11T10:11:05.999997,-999.000,-999.000,0,0
284,-999.000,-999.000,201,6.0,-999.0,0.7,-999.0,0.7,37.915,-122.285,4.0,0,1,0,1,1994-06-26T08:42:49.000003,-999.000,-999.000,0,0
285,-999.000,-999.000,200,5.0,0.2,-999.0,0.2,-999.0,36.081,-117.852,3.6,1,0,1,0,1994-05-30T03:22:23.999998,-999.000,-999.000,0,0
286,-999.000,-999.000,203,6.0,0.1,-999.0,0.1,-999.0,40.312,-124.490,3.3,1,0,1,0,1994-07-23T07:36:28.000000,-999.000,-999.000,0,0
287,-999.000,-999.000,202,18.0,1.0,-999.0,0.4,-999.0,40.355,-124.463,4.9,1,0,4,0,1994-06-19T10:39:31.000003,-999.000,-999.000,2,0
288,-999.000,-999.000,205,4.0,-999.0,-999.0,-999.0,-999.0,40.411,-125.920,3.9,13,5,13,5,1994-09-01T15:55:58.000001,-999.000,-999.000,4,4
289,-999.000,-999.000,204,2.0,-999.0,-999.0,-999.0,-999.0,36.660,-121.277,3.3,0,0,1,0,1985-11-12T22:11:07.000002,-999.000,-999.000,0,0
290,-999.000,-999.000,207,-1.0,0.8,-999.0,0.8,-999.0,38.808,-119.692,5.9,123,0,137,0,1994-09-12T12:23:42.000002,-999.000,-999.000,1,1
291,-999.000,-999.000,206,3.0,-999.0,-999.0,-999.0,0.1,35.996,-120.556,3.3,0,0,0,1,1994-09-07T22:34:28.999997,-999.000,-999.000,0,0
292,-999.000,-999.000,209,18.0,1.3,-999.0,1.3,-999.0,40.325,-124.621,4.5,2,0,2,0,1994-10-14T00:57:23.999998,-999.000,-999.000,0,0
293,-999.000,-999.000,208,21.0,1.3,-999.0,1.3,-999.0,40.423,-124.626,4.6,1,0,1,0,1994-09-21T02:09:00.000002,-999.000,-999.000,0,0
294,-999.000,-999.000,77,3.0,-999.0,-999.0,-999.0,0.2,38.822,-122.793,3.4,0,0,0,2,1998-09-28T12:37:33.000001,-999.000,-999.000,0,0
295,-999.000,-999.000,76,9.0,0.2,-999.0,0.2,-999.0,37.380,-122.263,3.6,1,0,1,0,1988-11-14T19:21:46.000002,-999.000,-999.000,0,0
296,-999.000,-999.000,75,5.0,-999.0,0.1,-999.0,0.1,40.508,-125.709,3.8,0,1,0,1,1988-10-30T00:39:39.000002,-999.000,-999.000,0,0
297,-999.000,-999.000,74,7.0,1.6,-999.0,1.6,-999.0,38.461,-118.341,5.3,2,0,2,0,1988-09-19T02:56:30.000002,-999.000,-999.000,0,0
298,-999.000,-999.000,73,7.0,0.3,-999.0,0.3,-999.0,36.108,-117.868,3.8,1,0,1,0,1988-10-08T21:14:17.999997,-999.000,-999.000,0,0
299,-999.000,-999.000,72,0.0,0.7,0.7,0.7,0.7,41.572,-121.612,4.3,2,2,2,2,1988-09-30T00:30:12.000003,-999.000,-999.000,1,1
300,-999.000,-999.000,71,0.0,0.3,0.1,0.3,0.1,36.443,-117.966,4.6,1,3,1,3,1988-08-10T18:24:49.000000,-999.000,-999.000,4,4
301,-999.000,-999.000,70,3.0,1.1,-999.0,1.1,-999.0,36.577,-121.150,4.7,5,0,5,0,1988-07-26T03:26:54.000001,-999.000,-999.000,1,1
302,-999.000,-999.000,79,7.0,0.1,-999.0,0.1,-999.0,37.550,-118.777,3.5,1,0,1,0,1989-01-09T08:03:24.000000,-999.000,-999.000,0,0
303,-999.000,-999.000,78,0.0,-999.0,-999.0,0.2,0.2,38.789,-122.770,3.6,0,0,3,1,1989-01-07T10:34:01.000001,-999.000,-999.000,4,0
304,-999.000,-999.000,542,14.0,1.3,-999.0,1.3,-999.0,39.329,-122.802,5.1,1,0,1,0,2016-08-10T02:57:16.000003,-999.000,-999.000,0,0
305,-999.000,-999.000,543,5.0,0.1,-999.0,0.1,-999.0,37.481,-118.782,3.5,2,0,3,0,2016-08-13T15:37:54.000003,-999.000,-999.000,4,0
306,-999.000,-999.000,540,1.0,-999.0,-999.0,-999.0,0.1,38.745,-122.716,3.4,0,0,0,1,2016-07-30T17:11:22.000002,-999.000,-999.000,0,0
307,-999.000,-999.000,541,6.0,0.5,0.8,0.5,0.8,40.154,-120.213,4.5,2,1,2,1,2016-08-04T04:55:34.000001,-999.000,-999.000,1,1
308,-999.000,-999.000,546,0.0,-999.0,0.3,-999.0,0.3,39.660,-123.637,4.1,0,1,0,1,2016-11-06T13:00:45.000003,-999.000,-999.000,0,0
309,-999.000,-999.000,547,7.0,0.2,0.2,0.2,0.2,38.376,-118.903,5.8,21,1,24,1,2016-12-28T08:22:10.999997,-999.000,-999.000,3,3
310,-999.000,-999.000,544,8.0,0.2,-999.0,0.2,-999.0,36.399,-117.875,3.8,1,0,1,0,2016-08-18T03:39:53.000000,-999.000,-999.000,0,0
311,-999.000,-999.000,545,1.0,0.2,-999.0,0.2,-999.0,37.623,-118.893,3.5,1,0,1,0,2016-08-21T21:47:47.000002,-999.000,-999.000,0,0
312,-999.000,-999.000,8,0.0,0.7,-999.0,0.7,-999.0,39.455,-119.486,4.3,1,0,1,0,1985-05-28T07:56:43.999997,-999.000,-999.000,0,0
313,-999.000,-999.000,548,4.0,0.2,-999.0,0.2,-999.0,36.959,-121.576,3.6,1,0,1,0,2017-02-26T14:58:39.000003,-999.000,-999.000,0,0
314,-999.000,-999.000,549,6.0,0.8,-999.0,0.8,-999.0,36.878,-121.614,4.0,1,0,1,0,2017-03-31T10:55:52.000000,-999.000,-999.000,0,0
315,-999.000,-999.000,120,24.0,0.9,-999.0,0.9,-999.0,40.273,-124.396,4.1,1,0,1,0,1990-11-25T07:44:17.000003,-999.000,-999.000,0,0
316,-999.000,-999.000,121,3.0,0.1,-999.0,0.1,-999.0,37.452,-118.841,3.5,1,0,1,0,1990-12-27T22:25:00.999997,-999.000,-999.000,0,0
317,-999.000,-999.000,122,0.0,0.7,1.0,0.7,1.0,39.203,-119.790,4.8,2,4,2,4,1991-01-02T23:16:36.000002,-999.000,-999.000,1,1
318,-999.000,-999.000,123,5.0,0.1,-999.0,0.1,-999.0,37.566,-118.850,3.5,1,0,1,0,1991-02-01T05:23:15.000002,-999.000,-999.000,0,0
319,-999.000,-999.000,124,9.0,-999.0,1.2,-999.0,1.2,36.035,-121.567,4.7,0,1,0,1,1991-02-04T16:38:34.999999,-999.000,-999.000,0,0
320,-999.000,-999.000,125,18.0,0.8,-999.0,0.8,-999.0,37.707,-121.754,4.0,1,0,1,0,1991-03-10T17:45:59.999997,-999.000,-999.000,0,0
321,-999.000,-999.000,126,14.0,1.3,-999.0,1.3,-999.0,36.965,-121.726,4.6,1,0,1,0,1991-03-24T03:42:06.999999,-999.000,-999.000,0,0
322,-999.000,-999.000,127,41.0,0.4,-999.0,0.4,-999.0,40.400,-124.807,3.6,1,0,1,0,1991-04-08T05:20:51.999998,-999.000,-999.000,0,0
323,-999.000,-999.000,128,14.0,0.3,-999.0,0.3,-999.0,40.465,-124.688,3.6,1,0,1,0,1991-05-06T05:13:48.000001,-999.000,-999.000,0,0
324,-999.000,-999.000,129,35.0,0.8,-999.0,0.8,-999.0,40.744,-124.985,4.3,1,0,1,0,1991-05-23T04:08:41.000001,-999.000,-999.000,0,0
325,-999.000,-999.000,414,8.0,-999.0,-999.0,-999.0,-999.0,37.857,-122.245,3.6,2,0,2,0,2006-12-21T03:12:27.000002,-999.000,-999.000,0,0
326,-999.000,-999.000,415,4.0,-999.0,-999.0,-999.0,0.2,38.812,-122.790,3.4,0,0,0,1,2006-12-30T16:39:09.000003,-999.000,-999.000,0,0
327,-999.000,-999.000,416,6.0,0.8,-999.0,0.8,-999.0,38.429,-119.361,4.7,1,0,1,0,2007-03-09T03:17:31.000001,-999.000,-999.000,0,0
328,-999.000,-999.000,417,19.0,-999.0,-999.0,0.3,-999.0,40.312,-124.585,4.4,0,0,1,0,2007-01-24T13:42:50.999999,-999.000,-999.000,0,0
329,-999.000,-999.000,410,5.0,-999.0,-999.0,0.2,-999.0,37.454,-118.840,4.0,0,0,1,0,2005-03-13T22:09:11.000002,-999.000,-999.000,0,0
330,-999.000,-999.000,411,0.0,-999.0,-999.0,-999.0,-999.0,38.654,-122.261,3.2,1,0,1,0,2006-11-29T03:20:20.999999,-999.000,-999.000,0,0
331,-999.000,-999.000,412,9.0,-999.0,0.3,-999.0,0.3,36.174,-120.294,4.2,0,1,0,1,2006-12-16T06:14:03.999997,-999.000,-999.000,0,0
332,-999.000,-999.000,413,3.0,-999.0,0.5,-999.0,0.5,37.496,-118.188,3.7,0,1,0,1,2006-12-19T15:21:41.000000,-999.000,-999.000,0,0
333,-999.000,-999.000,498,7.0,0.8,-999.0,0.8,-999.0,40.192,-121.059,5.7,23,0,25,0,2013-05-24T03:47:07.000001,-999.000,-999.000,1,1
334,-999.000,-999.000,418,4.0,1.3,-999.0,1.3,-999.0,39.465,-123.107,4.8,1,0,1,0,2007-04-18T08:42:21.000003,-999.000,-999.000,0,0
335,-999.000,-999.000,419,1.0,1.2,-999.0,1.2,1.2,38.795,-122.796,4.5,1,0,1,1,2007-04-24T21:08:27.000000,-999.000,-999.000,0,0
336,-999.000,-999.000,499,1.0,-999.0,-999.0,0.2,0.1,38.788,-122.761,3.4,0,0,1,2,2013-11-14T08:47:17.000001,-999.000,-999.000,4,0
337,-999.000,-999.000,319,5.0,-999.0,-999.0,1.4,-999.0,40.400,-125.137,4.6,0,0,1,0,1999-11-22T05:38:03.000003,-999.000,-999.000,0,0
338,-999.000,-999.000,318,3.0,-999.0,-999.0,1.1,0.5,38.782,-122.767,4.4,0,0,1,2,2000-12-08T07:41:10.000001,-999.000,-999.000,1,0
339,-999.000,-999.000,313,3.0,0.6,-999.0,0.4,-999.0,40.328,-124.692,4.5,1,0,3,0,2000-05-08T09:12:32.999998,-999.000,-999.000,0,0
340,-999.000,-999.000,312,-1.0,0.8,-999.0,0.8,-999.0,35.994,-117.892,4.1,2,0,2,0,2000-03-28T15:16:14.000002,-999.000,-999.000,0,0
341,-999.000,-999.000,311,1.0,-999.0,-999.0,-999.0,-999.0,37.487,-118.839,3.2,0,0,2,0,1999-10-12T14:46:32.000002,-999.000,-999.000,0,0
342,-999.000,-999.000,310,7.0,-999.0,-999.0,1.0,-999.0,36.811,-121.541,4.3,0,0,1,0,1998-05-28T20:31:31.000002,-999.000,-999.000,0,0
343,-999.000,-999.000,317,14.0,0.3,-999.0,0.3,-999.0,40.310,-124.523,3.7,1,0,1,0,2000-07-07T00:15:13.000002,-999.000,-999.000,0,0
344,-999.000,-999.000,316,2.0,0.3,0.2,0.3,0.2,38.737,-119.650,3.6,1,1,1,1,2000-06-23T14:02:31.000001,-999.000,-999.000,0,0
345,-999.000,-999.000,315,6.0,0.7,-999.0,0.7,-999.0,39.392,-123.068,4.4,4,0,4,0,2000-05-17T22:32:05.999997,-999.000,-999.000,1,1
346,-999.000,-999.000,314,-1.0,0.5,0.3,0.5,0.3,36.328,-118.052,3.9,2,3,3,3,2000-05-23T04:42:41.999997,-999.000,-999.000,4,4
347,-999.000,-999.000,496,1.0,0.4,-999.0,0.4,-999.0,38.812,-122.786,4.4,2,0,6,0,2013-03-14T09:09:21.999997,-999.000,-999.000,0,0
348,-999.000,-999.000,497,23.0,0.5,-999.0,0.5,-999.0,40.286,-124.460,4.3,1,0,1,0,2013-05-18T13:46:07.000004,-999.000,-999.000,0,0
349,-999.000,-999.000,3,19.0,1.8,-999.0,1.8,-999.0,35.462,-118.907,5.0,1,0,1,0,1985-02-08T06:58:15.000000,-999.000,-999.000,0,0
350,-999.000,-999.000,368,4.0,-999.0,0.5,-999.0,0.5,38.297,-119.224,4.0,0,1,0,1,2003-12-11T00:20:19.999999,-999.000,-999.000,0,0
351,-999.000,-999.000,369,8.0,1.8,-999.0,1.8,-999.0,35.700,-121.100,6.5,173,0,211,0,2003-12-22T19:15:54.999999,-999.000,-999.000,1,1
352,-999.000,-999.000,366,1.0,-999.0,-999.0,-999.0,-999.0,38.231,-117.876,4.0,1,0,1,0,2003-11-15T20:11:56.999998,-999.000,-999.000,0,0
353,-999.000,-999.000,367,2.0,-999.0,0.1,-999.0,0.1,39.785,-123.460,3.4,0,1,0,1,2003-11-25T17:32:06.999997,-999.000,-999.000,0,0
354,-999.000,-999.000,364,3.0,-999.0,-999.0,-999.0,-999.0,35.203,-120.805,3.4,1,0,1,0,2003-10-18T07:27:16.999999,-999.000,-999.000,0,0
355,-999.000,-999.000,365,7.0,0.1,-999.0,0.1,-999.0,37.906,-122.146,3.5,1,0,1,0,2003-10-19T15:32:50.999999,-999.000,-999.000,0,0
356,-999.000,-999.000,362,0.0,0.7,0.5,0.7,0.5,38.839,-122.809,4.1,1,1,2,1,2003-10-03T16:56:32.999997,-999.000,-999.000,1,0
357,-999.000,-999.000,363,8.0,0.3,-999.0,0.3,-999.0,40.300,-124.396,3.6,1,0,1,0,2003-10-12T14:43:42.000000,-999.000,-999.000,0,0
358,-999.000,-999.000,360,0.0,-999.0,-999.0,0.1,-999.0,38.819,-122.831,3.5,0,0,1,0,1992-06-14T11:47:31.000003,-999.000,-999.000,0,0
359,-999.000,-999.000,361,7.0,-999.0,0.1,-999.0,0.1,34.761,-120.987,3.6,0,1,0,1,2003-07-17T10:33:23.000000,-999.000,-999.000,0,0
360,-999.000,-999.000,380,8.0,0.1,-999.0,0.1,-999.0,36.577,-121.178,3.9,3,0,3,0,2004-08-30T04:30:56.000001,-999.000,-999.000,0,0
361,-999.000,-999.000,381,3.0,0.1,1.3,0.1,1.3,38.010,-118.678,5.4,23,3,28,3,2004-09-18T23:02:16.000003,-999.000,-999.000,2,2
362,-999.000,-999.000,382,7.0,-999.0,0.4,-999.0,0.4,36.801,-121.531,3.7,0,1,0,1,2004-09-22T10:57:33.999998,-999.000,-999.000,0,0
363,-999.000,-999.000,383,0.0,0.3,-999.0,0.3,-999.0,36.164,-120.650,3.7,1,0,1,0,2004-09-26T15:54:04.000003,-999.000,-999.000,0,0
364,-999.000,-999.000,384,8.0,1.0,-999.0,1.0,-999.0,35.818,-120.366,6.0,22,0,31,0,2004-09-28T17:15:23.000000,-999.000,-999.000,1,1
365,-999.000,-999.000,385,8.0,-999.0,0.2,-999.0,0.2,37.069,-122.279,3.6,0,1,0,1,2004-11-01T22:02:31.999998,-999.000,-999.000,0,0
366,-999.000,-999.000,386,6.0,1.1,-999.0,1.1,-999.0,36.607,-121.209,4.3,1,0,1,0,2004-11-24T02:06:03.000003,-999.000,-999.000,0,0
367,-999.000,-999.000,387,1.0,0.4,-999.0,0.4,-999.0,39.813,-120.789,3.8,1,0,1,0,2004-12-26T21:13:42.999999,-999.000,-999.000,0,0
368,-999.000,-999.000,388,6.0,-999.0,-999.0,-999.0,-999.0,37.257,-121.639,3.2,0,0,2,0,1991-04-28T21:53:01.000000,-999.000,-999.000,0,0
369,-999.000,-999.000,389,26.0,0.9,-999.0,0.9,-999.0,40.743,-124.478,4.1,1,0,1,0,2005-03-17T23:21:29.000002,-999.000,-999.000,0,0
370,-999.000,-999.000,579,3.0,0.3,0.2,0.3,0.2,36.079,-117.871,3.9,6,1,6,1,2019-08-15T11:50:23.000000,-999.000,-999.000,4,4
371,-999.000,-999.000,578,5.0,-999.0,0.1,-999.0,0.1,35.373,-117.852,3.4,0,1,0,1,2019-07-17T22:41:14.000000,-999.000,-999.000,0,0
372,-999.000,-999.000,573,9.0,-999.0,0.6,-999.0,0.6,37.382,-118.538,3.9,0,1,0,1,2019-04-15T17:55:55.999999,-999.000,-999.000,0,0
373,-999.000,-999.000,572,7.0,0.3,0.2,0.3,0.2,40.289,-124.474,4.5,2,3,2,3,2019-02-03T22:18:11.000002,-999.000,-999.000,3,3
374,-999.000,-999.000,571,10.0,-999.0,-999.0,-999.0,-999.0,37.846,-122.248,3.4,1,0,1,0,2019-01-16T12:42:08.000003,-999.000,-999.000,0,0
375,-999.000,-999.000,570,7.0,0.3,-999.0,0.3,-999.0,40.322,-124.472,4.1,1,0,1,0,2019-01-15T20:20:18.999998,-999.000,-999.000,0,0
376,-999.000,-999.000,577,12.0,1.1,-999.0,1.1,-999.0,37.819,-121.757,4.3,1,0,1,0,2019-07-16T20:11:00.000001,-999.000,-999.000,0,0
377,-999.000,-999.000,576,7.0,0.4,1.0,0.4,1.0,35.906,-117.789,5.3,88,1,90,1,2019-07-06T03:47:52.000002,-999.000,-999.000,0,0
378,-999.000,-999.000,575,11.0,-999.0,0.1,-999.0,0.1,35.053,-118.923,3.4,0,2,0,2,2019-07-02T22:40:55.000002,-999.000,-999.000,0,0
379,-999.000,-999.000,574,9.0,1.7,-999.0,1.7,-999.0,40.273,-124.300,5.6,1,0,1,0,2019-06-23T03:53:01.000002,-999.000,-999.000,0,0
380,-999.000,-999.000,60,8.0,-999.0,0.7,-999.0,0.7,36.594,-121.201,4.0,0,1,0,1,1987-11-07T15:06:00.000001,-999.000,-999.000,0,0
381,-999.000,-999.000,61,3.0,-999.0,-999.0,0.3,-999.0,38.820,-122.791,3.5,0,0,1,0,1987-05-07T17:25:26.000001,-999.000,-999.000,0,0
382,-999.000,-999.000,62,0.0,0.5,0.2,0.5,0.2,40.155,-122.801,3.9,1,3,1,3,1987-12-03T00:00:41.000002,-999.000,-999.000,4,4
383,-999.000,-999.000,259,6.0,1.0,-999.0,1.0,-999.0,40.386,-125.060,4.3,1,0,1,0,1997-07-16T19:39:32.000003,-999.000,-999.000,0,0
384,-999.000,-999.000,64,10.0,-999.0,-999.0,0.1,-999.0,37.779,-122.583,3.3,0,0,1,0,1987-09-19T18:33:57.999998,-999.000,-999.000,0,0
385,-999.000,-999.000,65,10.0,-999.0,0.1,-999.0,0.1,36.291,-120.412,3.7,0,1,0,1,1988-04-04T20:45:46.000000,-999.000,-999.000,0,0
386,-999.000,-999.000,66,2.0,-999.0,0.1,0.3,0.1,38.809,-122.800,3.5,0,1,1,2,1988-05-30T08:24:30.000000,-999.000,-999.000,4,0
387,-999.000,-999.000,67,9.0,1.9,-999.0,1.6,-999.0,34.949,-118.740,5.4,2,0,5,0,1988-06-10T23:06:40.999997,-999.000,-999.000,1,0
388,-999.000,-999.000,68,9.0,2.0,-999.0,0.5,-999.0,37.393,-121.742,5.3,3,0,8,0,1988-06-13T01:45:34.999999,-999.000,-999.000,1,1
389,-999.000,-999.000,253,6.0,-999.0,0.2,-999.0,0.2,38.364,-122.651,3.7,0,1,0,1,1997-02-05T00:25:40.000002,-999.000,-999.000,0,0
390,-999.000,-999.000,250,9.0,-999.0,-999.0,-999.0,0.2,36.282,-120.460,3.5,0,0,0,1,1996-12-05T17:06:34.000003,-999.000,-999.000,0,0
391,-999.000,-999.000,251,-1.0,0.3,1.1,0.3,1.1,38.662,-119.563,4.6,3,1,3,1,1996-12-12T18:35:48.000003,-999.000,-999.000,2,2
392,-999.000,-999.000,256,21.0,0.1,0.1,0.1,0.1,38.151,-121.931,3.7,6,4,6,4,1997-03-27T15:39:46.999999,-999.000,-999.000,4,4
393,-999.000,-999.000,257,8.0,-999.0,0.8,-999.0,0.8,38.072,-118.731,4.0,0,1,0,1,1997-04-14T11:20:51.999997,-999.000,-999.000,0,0
394,-999.000,-999.000,254,7.0,0.1,-999.0,0.1,-999.0,37.565,-118.861,4.2,3,0,4,0,1997-02-10T23:26:26.999997,-999.000,-999.000,2,2
395,-999.000,-999.000,255,5.0,0.1,-999.0,0.1,-999.0,37.712,-122.567,3.6,1,0,1,0,1997-03-11T06:30:14.999998,-999.000,-999.000,0,0
396,-999.000,-999.000,508,8.0,-999.0,0.1,-999.0,0.1,35.816,-119.880,3.4,0,1,0,1,2014-06-25T22:01:34.999999,-999.000,-999.000,0,0
397,-999.000,-999.000,509,-1.0,-999.0,0.5,-999.0,0.5,36.138,-118.004,3.7,0,1,0,1,2014-07-06T00:54:56.000000,-999.000,-999.000,0,0
398,-999.000,-999.000,506,5.0,1.2,-999.0,1.2,-999.0,36.110,-118.051,4.4,1,0,1,0,2014-03-13T02:11:01.999999,-999.000,-999.000,0,0
399,-999.000,-999.000,507,7.0,0.6,-999.0,0.6,-999.0,35.475,-118.530,4.0,1,0,1,0,2014-04-19T12:15:11.000003,-999.000,-999.000,0,0
400,-999.000,-999.000,504,9.0,-999.0,0.9,-999.0,0.9,35.865,-121.499,4.1,0,1,0,1,2014-02-27T18:52:29.000000,-999.000,-999.000,0,0
401,-999.000,-999.000,505,16.0,2.3,-999.0,2.3,-999.0,40.829,-125.134,6.8,21,0,21,0,2014-03-10T05:18:12.000001,-999.000,-999.000,1,1
402,-999.000,-999.000,502,11.0,0.2,-999.0,0.2,-999.0,35.492,-118.290,3.8,3,0,3,0,2013-07-24T16:46:00.999997,-999.000,-999.000,4,4
403,-999.000,-999.000,503,8.0,0.8,-999.0,0.8,-999.0,36.141,-118.058,4.3,5,0,5,0,2013-12-23T13:39:25.000003,-999.000,-999.000,1,1
404,-999.000,-999.000,500,4.0,0.7,-999.0,0.7,-999.0,36.141,-118.074,3.9,1,0,1,0,2013-08-04T05:30:52.999999,-999.000,-999.000,0,0
405,-999.000,-999.000,501,5.0,-999.0,-999.0,-999.0,0.2,36.076,-120.639,3.4,0,0,0,1,2013-08-06T15:02:31.999997,-999.000,-999.000,0,0
406,-999.000,-999.000,469,3.0,0.3,-999.0,0.3,-999.0,40.039,-120.062,3.5,1,0,1,0,2011-03-24T21:20:39.000000,-999.000,-999.000,0,0
407,-999.000,-999.000,468,0.0,0.3,-999.0,0.3,-999.0,38.787,-122.772,3.5,1,0,1,0,2011-03-20T08:17:00.000003,-999.000,-999.000,0,0
408,-999.000,-999.000,465,19.0,-999.0,-999.0,0.1,-999.0,40.306,-124.547,3.3,0,0,1,0,1997-07-23T22:03:55.000002,-999.000,-999.000,0,0
409,-999.000,-999.000,464,10.0,0.5,0.5,0.5,0.5,38.592,-118.351,4.2,1,1,1,1,2011-01-22T17:29:23.000003,-999.000,-999.000,0,0
410,-999.000,-999.000,467,24.0,1.0,-999.0,1.0,-999.0,40.404,-125.363,4.5,1,0,1,0,2011-03-06T13:46:36.000002,-999.000,-999.000,0,0
411,-999.000,-999.000,466,11.0,0.1,-999.0,0.1,-999.0,39.499,-122.949,4.3,1,0,1,0,2011-02-23T04:49:40.000003,-999.000,-999.000,0,0
412,-999.000,-999.000,461,0.0,0.2,0.3,0.2,0.3,38.660,-119.624,3.5,1,1,1,1,2010-11-15T08:41:13.999999,-999.000,-999.000,0,0
413,-999.000,-999.000,460,0.0,-999.0,-999.0,-999.0,0.1,38.819,-122.766,3.3,0,0,0,1,2010-08-15T18:51:54.000002,-999.000,-999.000,0,0
414,-999.000,-999.000,463,7.0,-999.0,-999.0,0.1,-999.0,39.877,-120.481,3.5,0,0,1,0,2010-08-10T02:12:30.000002,-999.000,-999.000,0,0
415,-999.000,-999.000,462,7.0,0.6,-999.0,0.6,-999.0,36.771,-121.496,4.5,5,0,5,0,2011-01-12T08:51:02.000002,-999.000,-999.000,1,1
416,-999.000,-999.000,168,7.0,0.2,-999.0,0.1,-999.0,36.556,-121.149,3.4,1,0,2,0,1993-01-10T05:38:55.000003,-999.000,-999.000,0,0
417,-999.000,-999.000,169,-1.0,0.5,-999.0,0.5,-999.0,39.952,-120.834,3.8,1,0,1,0,1992-12-25T04:25:07.000000,-999.000,-999.000,0,0
418,-999.000,-999.000,164,12.0,0.2,-999.0,0.1,-999.0,36.935,-121.680,3.5,1,0,4,0,1992-09-15T11:42:45.000003,-999.000,-999.000,4,0
419,-999.000,-999.000,165,9.0,0.8,-999.0,0.2,-999.0,35.928,-120.474,4.4,2,0,7,0,1992-10-20T05:28:06.999997,-999.000,-999.000,2,0
420,-999.000,-999.000,166,5.0,-999.0,-999.0,-999.0,-999.0,36.855,-121.585,3.8,1,3,2,3,1992-12-12T15:53:45.000003,-999.000,-999.000,4,4
421,-999.000,-999.000,167,9.0,-999.0,0.2,-999.0,0.2,38.034,-118.730,3.8,0,1,0,1,1993-01-11T18:19:34.999997,-999.000,-999.000,0,0
422,-999.000,-999.000,160,7.0,0.2,-999.0,0.2,-999.0,39.684,-120.230,3.8,3,0,3,0,1992-09-19T03:17:39.000000,-999.000,-999.000,4,4
423,-999.000,-999.000,161,4.0,-999.0,0.3,0.1,0.3,37.567,-118.869,3.8,0,2,3,2,1992-09-29T05:25:41.999999,-999.000,-999.000,4,0
424,-999.000,-999.000,162,10.0,0.2,-999.0,0.2,-999.0,35.997,-119.940,4.4,1,0,1,0,1992-09-16T06:14:31.999998,-999.000,-999.000,0,0
425,-999.000,-999.000,163,5.0,-999.0,-999.0,-999.0,0.4,37.456,-118.837,3.9,0,0,0,1,1992-10-05T11:40:27.000001,-999.000,-999.000,0,0
426,-999.000,-999.000,9,13.0,0.1,-999.0,0.1,-999.0,39.112,-122.049,3.6,1,0,1,0,1985-05-31T15:07:26.000001,-999.000,-999.000,0,0
427,-999.000,-999.000,357,3.0,0.8,-999.0,0.8,-999.0,37.572,-118.883,4.0,1,0,1,0,2003-03-08T15:35:00.000002,-999.000,-999.000,0,0
428,-999.000,-999.000,356,14.0,0.2,-999.0,0.2,-999.0,34.876,-119.376,3.5,1,0,1,0,2003-02-19T17:10:22.000001,-999.000,-999.000,0,0
429,-999.000,-999.000,355,6.0,-999.0,-999.0,1.2,-999.0,36.967,-121.598,4.9,0,0,2,0,2002-05-14T05:00:27.999998,-999.000,-999.000,0,0
430,-999.000,-999.000,354,15.0,-999.0,-999.0,-999.0,-999.0,37.742,-121.937,4.0,2,1,2,1,2003-02-02T18:22:57.000003,-999.000,-999.000,4,4
431,-999.000,-999.000,353,16.0,1.0,0.2,1.0,0.2,35.330,-118.666,4.4,3,1,3,1,2003-01-25T09:16:08.000001,-999.000,-999.000,2,2
432,-999.000,-999.000,352,6.0,0.2,0.5,0.2,0.5,35.321,-118.664,3.7,1,1,1,1,2003-01-02T16:11:36.000002,-999.000,-999.000,0,0
433,-999.000,-999.000,351,9.0,0.1,-999.0,0.1,-999.0,37.759,-121.948,3.9,4,0,4,0,2002-11-24T14:54:21.999999,-999.000,-999.000,4,4
434,-999.000,-999.000,350,7.0,0.1,-999.0,0.1,-999.0,36.593,-121.200,3.8,1,0,1,0,2002-09-25T07:08:44.999997,-999.000,-999.000,0,0
435,-999.000,-999.000,359,0.0,0.6,-999.0,0.6,-999.0,38.801,-122.803,4.0,1,0,1,0,2003-05-20T16:50:39.999999,-999.000,-999.000,0,0
436,-999.000,-999.000,358,18.0,-999.0,0.1,-999.0,0.1,39.739,-122.081,3.5,0,1,0,1,2003-03-29T00:40:32.000002,-999.000,-999.000,0,0
437,-999.000,-999.000,216,6.0,0.1,-999.0,0.1,-999.0,36.813,-121.531,3.5,3,0,3,0,1995-01-07T14:53:39.000001,-999.000,-999.000,4,4
438,-999.000,-999.000,217,4.0,0.3,-999.0,0.3,-999.0,36.803,-121.511,3.6,2,0,2,0,1995-02-16T00:36:20.999997,-999.000,-999.000,0,0
439,-999.000,-999.000,214,22.0,1.2,-999.0,1.2,-999.0,40.738,-124.303,5.4,2,0,2,0,1994-12-26T14:10:28.000000,-999.000,-999.000,0,0
440,-999.000,-999.000,215,3.0,-999.0,-999.0,-999.0,0.9,38.782,-122.772,4.3,0,0,0,3,2009-01-04T17:27:09.000002,-999.000,-999.000,1,0
441,-999.000,-999.000,212,7.0,0.7,0.2,0.7,0.2,37.346,-121.710,3.9,1,1,1,1,1994-12-07T03:21:39.000004,-999.000,-999.000,0,0
442,-999.000,-999.000,213,8.0,1.5,-999.0,1.5,-999.0,35.918,-120.465,4.9,1,0,1,0,1994-12-20T10:27:45.999998,-999.000,-999.000,0,0
443,-999.000,-999.000,210,7.0,-999.0,-999.0,-999.0,0.1,36.576,-121.174,3.4,0,0,0,1,1994-10-20T13:06:37.000001,-999.000,-999.000,0,0
444,-999.000,-999.000,211,7.0,0.6,-999.0,0.6,-999.0,39.158,-119.758,4.0,1,0,1,0,1994-11-18T20:50:58.000003,-999.000,-999.000,0,0
445,-999.000,-999.000,218,4.0,2.3,-999.0,2.3,-999.0,40.592,-125.757,6.6,21,0,21,0,1995-02-19T04:03:13.000003,-999.000,-999.000,1,1
446,-999.000,-999.000,219,16.0,0.4,0.7,0.4,0.7,40.432,-124.631,3.9,1,1,1,1,1995-03-04T21:51:52.000002,-999.000,-999.000,0,0
447,-999.000,-999.000,289,9.0,-999.0,0.1,-999.0,0.1,37.097,-122.032,3.8,0,1,0,1,1998-12-29T12:41:37.999998,-999.000,-999.000,0,0
448,-999.000,-999.000,288,4.0,1.3,-999.0,1.3,-999.0,40.674,-125.292,5.4,1,0,1,0,1998-11-27T00:43:48.000002,-999.000,-999.000,0,0
449,-999.000,-999.000,4,5.0,0.4,-999.0,0.4,-999.0,37.453,-118.612,5.1,16,0,20,0,1985-03-25T16:05:10.999998,-999.000,-999.000,2,2
450,-999.000,-999.000,281,2.0,0.1,-999.0,0.1,-999.0,37.673,-118.844,3.3,1,0,1,0,1998-08-08T22:21:57.999999,-999.000,-999.000,0,0
451,-999.000,-999.000,280,-2.0,0.2,0.1,0.2,0.1,37.483,-118.950,3.4,1,1,1,1,1998-06-25T20:36:49.999998,-999.000,-999.000,0,0
452,-999.000,-999.000,283,6.0,0.4,-999.0,0.4,-999.0,36.840,-121.299,3.8,2,0,2,0,1998-09-02T11:24:05.999998,-999.000,-999.000,0,0
453,-999.000,-999.000,282,8.0,1.8,-999.0,1.8,-999.0,36.755,-121.462,5.1,1,0,1,0,1998-08-12T14:10:24.000003,-999.000,-999.000,0,0
454,-999.000,-999.000,285,7.0,-999.0,0.1,-999.0,0.1,35.962,-120.511,3.5,0,1,0,1,1998-09-16T16:09:28.000001,-999.000,-999.000,0,0
455,-999.000,-999.000,284,10.0,0.6,-999.0,0.6,-999.0,37.388,-118.688,3.8,1,0,1,0,1998-09-11T14:38:40.999997,-999.000,-999.000,0,0
456,-999.000,-999.000,287,-1.0,0.8,-999.0,0.8,-999.0,39.738,-120.650,4.3,2,0,3,0,1998-10-21T08:31:00.000001,-999.000,-999.000,1,0
457,-999.000,-999.000,286,24.0,0.5,1.9,0.5,0.6,40.626,-122.414,5.1,7,1,9,2,1998-11-26T19:49:52.000002,-999.000,-999.000,1,1
458,-999.000,-999.000,263,5.0,-999.0,-999.0,-999.0,-999.0,37.636,-118.936,4.9,51,7,55,7,1997-11-22T17:20:34.000001,-999.000,-999.000,4,4
459,-999.000,-999.000,262,9.0,-999.0,-999.0,0.6,-999.0,35.450,-118.430,4.1,0,0,2,0,1997-05-06T19:12:51.999999,-999.000,-999.000,0,0
460,-999.000,-999.000,261,7.0,0.1,0.6,0.1,0.6,38.654,-118.490,4.5,1,1,1,1,1997-08-21T16:11:21.999998,-999.000,-999.000,0,0
461,-999.000,-999.000,260,3.0,-999.0,0.1,-999.0,0.1,37.634,-118.857,3.5,0,1,0,1,1997-07-30T01:31:19.000001,-999.000,-999.000,0,0
462,-999.000,-999.000,267,7.0,1.1,1.1,1.1,1.1,37.879,-118.166,5.3,15,2,15,2,1997-11-02T08:51:50.999999,-999.000,-999.000,1,1
463,-999.000,-999.000,266,7.0,-999.0,-999.0,-999.0,-999.0,35.967,-120.517,3.5,1,0,1,0,1997-10-05T23:28:13.000002,-999.000,-999.000,0,0
464,-999.000,-999.000,265,2.0,-999.0,-999.0,0.3,-999.0,38.786,-122.772,3.5,0,0,2,0,1988-10-01T03:05:23.000000,-999.000,-999.000,0,0
465,-999.000,-999.000,264,6.0,0.3,-999.0,0.3,-999.0,41.053,-125.343,5.5,4,0,4,0,1997-10-04T10:57:33.000001,-999.000,-999.000,2,2
466,-999.000,-999.000,269,3.0,0.6,-999.0,0.6,-999.0,37.648,-118.897,3.9,2,0,2,0,1997-11-13T19:42:20.999998,-999.000,-999.000,0,0
467,-999.000,-999.000,268,1.0,1.1,0.6,1.1,0.6,37.256,-117.831,4.9,1,1,1,1,1997-11-15T06:00:17.999998,-999.000,-999.000,0,0
468,-999.000,-999.000,59,5.0,-999.0,-999.0,0.1,-999.0,37.289,-121.667,3.3,0,0,2,0,1985-03-12T04:03:58.000003,-999.000,-999.000,0,0
469,-999.000,-999.000,58,15.0,-999.0,0.2,-999.0,0.2,37.491,-119.366,3.5,0,1,0,1,1987-10-14T23:00:20.999998,-999.000,-999.000,0,0
470,-999.000,-999.000,55,26.0,0.1,-999.0,0.1,-999.0,40.371,-124.571,3.9,1,0,1,0,1987-08-27T00:36:51.999997,-999.000,-999.000,0,0
471,-999.000,-999.000,54,9.0,-999.0,-999.0,-999.0,-999.0,38.232,-119.357,3.6,2,0,2,0,1987-08-26T08:51:20.000001,-999.000,-999.000,0,0
472,-999.000,-999.000,57,0.0,-999.0,0.5,-999.0,0.5,36.206,-118.215,4.3,0,1,0,1,1987-09-09T08:57:20.000002,-999.000,-999.000,0,0
473,-999.000,-999.000,56,4.0,0.1,-999.0,0.1,-999.0,40.904,-122.352,3.6,2,0,2,0,1987-08-31T11:20:23.000002,-999.000,-999.000,0,0
474,-999.000,-999.000,51,2.0,0.1,1.4,0.1,1.4,38.327,-118.124,4.6,2,1,2,1,1987-07-28T18:55:10.000000,-999.000,-999.000,3,3
475,-999.000,-999.000,258,7.0,0.1,-999.0,0.1,-999.0,37.117,-121.520,3.6,1,0,1,0,1997-05-29T10:21:04.999999,-999.000,-999.000,0,0
476,-999.000,-999.000,53,14.0,-999.0,-999.0,-999.0,-999.0,35.593,-118.327,3.5,2,0,2,0,1987-08-09T03:12:41.999998,-999.000,-999.000,0,0
477,-999.000,-999.000,52,16.0,1.6,-999.0,1.6,-999.0,40.416,-124.383,5.6,23,0,26,0,1987-07-31T23:56:55.999997,-999.000,-999.000,1,1
478,-999.000,-999.000,537,-1.0,-999.0,0.3,-999.0,0.3,38.695,-118.724,4.2,0,1,0,1,2016-07-07T23:40:43.000002,-999.000,-999.000,0,0
479,-999.000,-999.000,536,13.0,0.9,-999.0,0.9,-999.0,38.484,-118.367,4.2,2,0,2,0,2016-03-21T07:37:09.000001,-999.000,-999.000,0,0
480,-999.000,-999.000,535,18.0,-999.0,0.7,-999.0,0.7,34.523,-119.077,4.1,0,1,0,1,2016-03-12T08:42:38.999998,-999.000,-999.000,0,0
481,-999.000,-999.000,63,15.0,0.5,-999.0,0.5,-999.0,40.343,-124.409,3.8,1,0,1,0,1987-12-06T10:37:49.999998,-999.000,-999.000,0,0
482,-999.000,-999.000,533,5.0,0.3,-999.0,0.3,-999.0,37.571,-118.857,3.7,1,0,1,0,2016-02-15T15:42:50.999998,-999.000,-999.000,0,0
483,-999.000,-999.000,532,8.0,-999.0,0.3,-999.0,0.3,35.459,-120.000,3.6,0,1,0,1,2016-02-08T06:20:40.999998,-999.000,-999.000,0,0
484,-999.000,-999.000,531,0.0,0.7,-999.0,0.7,-999.0,35.402,-117.808,3.9,1,0,1,0,2016-01-14T04:23:57.000000,-999.000,-999.000,0,0
485,-999.000,-999.000,530,16.0,0.6,-999.0,0.6,-999.0,40.273,-124.340,4.3,1,0,1,0,2016-01-07T05:49:50.999998,-999.000,-999.000,0,0
486,-999.000,-999.000,539,5.0,0.3,0.4,0.3,0.4,36.693,-121.330,4.2,3,2,3,2,2016-07-19T21:38:37.000001,-999.000,-999.000,0,0
487,-999.000,-999.000,538,5.0,-999.0,-999.0,0.1,-999.0,36.697,-121.331,3.4,0,0,1,0,1996-09-25T19:07:11.999997,-999.000,-999.000,0,0
488,-999.000,-999.000,50,4.0,-999.0,0.6,-999.0,0.6,41.821,-125.896,4.1,0,1,0,1,1987-07-04T01:25:10.000002,-999.000,-999.000,0,0
489,-999.000,-999.000,115,6.0,1.0,-999.0,1.0,-999.0,40.421,-125.491,4.7,1,0,1,0,1990-09-26T04:14:08.000002,-999.000,-999.000,0,0
490,-999.000,-999.000,252,23.0,0.4,1.4,0.4,1.4,40.274,-124.379,5.6,3,1,6,1,1997-01-22T07:17:15.000003,-999.000,-999.000,0,2
491,-999.000,-999.000,117,5.0,0.1,-999.0,0.1,-999.0,37.034,-118.321,3.6,4,0,4,0,1990-10-19T12:28:16.000003,-999.000,-999.000,4,4
492,-999.000,-999.000,116,0.0,-999.0,-999.0,-999.0,-999.0,37.498,-118.896,3.4,1,0,1,0,1990-10-07T10:08:48.000001,-999.000,-999.000,0,0
493,-999.000,-999.000,111,7.0,1.2,0.9,1.2,0.9,36.665,-121.291,4.4,2,2,2,2,1990-09-11T07:13:30.000001,-999.000,-999.000,1,1
494,-999.000,-999.000,110,14.0,-999.0,0.1,-999.0,0.1,40.135,-121.356,3.4,0,1,0,1,1990-08-19T19:03:08.000002,-999.000,-999.000,0,0
495,-999.000,-999.000,113,6.0,0.4,-999.0,0.4,-999.0,36.812,-121.534,3.6,1,0,1,0,1990-09-23T02:59:50.999998,-999.000,-999.000,0,0
496,-999.000,-999.000,69,17.0,0.3,-999.0,0.3,0.2,40.394,-124.422,3.9,1,0,1,1,1988-07-11T20:40:03.999999,-999.000,-999.000,0,0
497,-999.000,-999.000,119,8.0,1.2,-999.0,1.2,-999.0,40.885,-125.000,4.4,1,0,1,0,1990-11-03T13:47:19.999997,-999.000,-999.000,0,0
498,-999.000,-999.000,118,10.0,1.5,-999.0,1.5,-999.0,38.062,-119.119,5.8,5,0,6,0,1990-10-24T06:15:17.999997,-999.000,-999.000,1,1
499,-999.000,-999.000,429,2.0,0.2,-999.0,0.2,-999.0,39.309,-119.964,3.7,1,0,1,0,2008-01-28T22:18:34.000002,-999.000,-999.000,0,0
500,-999.000,-999.000,428,2.0,1.3,0.2,1.3,0.2,40.178,-122.704,4.7,1,3,1,3,2008-01-19T23:13:04.000000,-999.000,-999.000,2,2
501,-999.000,-999.000,534,15.0,0.5,-999.0,0.5,-999.0,37.202,-118.403,4.8,2,0,2,0,2016-02-16T23:04:25.000002,-999.000,-999.000,0,0
502,-999.000,-999.000,421,7.0,-999.0,-999.0,-999.0,-999.0,37.415,-118.528,3.4,2,0,2,0,2007-05-25T20:04:29.000000,-999.000,-999.000,0,0
503,-999.000,-999.000,420,0.0,0.7,-999.0,0.7,-999.0,40.374,-125.016,5.2,2,0,2,0,2007-05-09T07:50:02.000002,-999.000,-999.000,0,0
504,-999.000,-999.000,423,8.0,1.1,1.0,1.1,1.0,37.538,-118.864,4.6,2,1,2,1,2007-06-12T07:23:42.000003,-999.000,-999.000,1,1
505,-999.000,-999.000,422,12.0,0.1,-999.0,0.1,-999.0,34.855,-119.242,3.7,1,0,1,0,2007-06-04T08:15:07.000000,-999.000,-999.000,0,0
506,-999.000,-999.000,425,5.0,1.0,-999.0,1.0,-999.0,37.804,-122.193,4.2,1,0,1,0,2007-07-20T11:42:21.000001,-999.000,-999.000,0,0
507,-999.000,-999.000,424,8.0,0.9,-999.0,0.9,-999.0,36.880,-121.623,4.2,1,0,1,0,2007-07-02T19:58:52.000003,-999.000,-999.000,0,0
508,-999.000,-999.000,427,4.0,-999.0,0.1,-999.0,0.1,36.553,-121.121,3.4,0,1,0,1,2007-12-11T08:04:43.000000,-999.000,-999.000,0,0
509,-999.000,-999.000,426,9.0,1.8,-999.0,1.7,-999.0,37.434,-121.774,5.5,1,0,4,0,2007-10-31T03:04:52.999999,-999.000,-999.000,1,0
510,-999.000,-999.000,308,11.0,-999.0,0.3,-999.0,0.3,35.745,-118.009,3.7,0,1,0,1,2000-01-26T11:02:02.000003,-999.000,-999.000,0,0
511,-999.000,-999.000,309,4.0,1.8,-999.0,1.8,-999.0,40.389,-125.239,5.7,3,0,3,0,2000-03-16T15:19:55.000001,-999.000,-999.000,1,1
512,-999.000,-999.000,300,-2.0,-999.0,0.1,-999.0,0.1,37.461,-118.844,3.8,0,1,0,1,1999-07-16T10:14:49.000001,-999.000,-999.000,0,0
513,-999.000,-999.000,301,13.0,0.2,-999.0,0.2,-999.0,39.742,-122.830,3.4,2,0,2,0,1999-08-17T03:56:25.000001,-999.000,-999.000,0,0
514,-999.000,-999.000,302,9.0,-999.0,0.1,-999.0,0.1,35.791,-121.257,3.5,0,1,0,1,1999-09-21T15:42:47.000003,-999.000,-999.000,0,0
515,-999.000,-999.000,303,36.0,-999.0,-999.0,-999.0,-999.0,41.371,-123.431,3.9,1,0,1,0,1999-09-29T06:22:02.000003,-999.000,-999.000,0,0
516,-999.000,-999.000,304,6.0,-999.0,-999.0,-999.0,-999.0,38.138,-118.407,3.4,2,0,2,0,1999-11-12T15:50:52.000003,-999.000,-999.000,0,0
517,-999.000,-999.000,305,1.0,0.2,-999.0,0.2,-999.0,38.824,-122.789,3.6,2,0,2,0,1999-12-05T13:39:01.999998,-999.000,-999.000,0,0
518,-999.000,-999.000,306,-1.0,0.1,-999.0,0.1,-999.0,39.944,-120.496,3.7,1,0,1,0,1999-11-24T07:45:21.999997,-999.000,-999.000,0,0
519,-999.000,-999.000,307,5.0,0.4,0.3,0.4,0.3,38.769,-122.914,4.6,1,1,1,1,2000-01-11T14:19:50.999999,-999.000,-999.000,0,0
520,-999.000,-999.000,568,10.0,-999.0,-999.0,0.7,-999.0,35.396,-118.541,3.9,0,0,1,0,2018-04-13T15:24:44.000002,-999.000,-999.000,0,0
521,-999.000,-999.000,569,6.0,0.6,-999.0,0.6,-999.0,36.680,-121.315,4.1,2,0,2,0,2018-11-02T12:58:52.999999,-999.000,-999.000,0,0
522,-999.000,-999.000,560,7.0,-999.0,-999.0,-999.0,-999.0,37.120,-121.523,3.4,0,0,1,0,2007-01-17T17:43:20.999999,-999.000,-999.000,0,0
523,-999.000,-999.000,561,6.0,0.8,-999.0,0.8,-999.0,36.630,-121.244,4.6,3,0,3,0,2017-11-13T19:31:28.000001,-999.000,-999.000,1,1
524,-999.000,-999.000,562,2.0,0.3,0.1,0.3,0.1,37.547,-118.810,3.8,2,1,2,1,2017-12-08T22:19:16.000001,-999.000,-999.000,4,4
525,-999.000,-999.000,563,1.0,-999.0,-999.0,-999.0,0.5,38.785,-122.743,4.3,0,0,0,1,2018-01-18T05:55:09.999997,-999.000,-999.000,0,0
526,-999.000,-999.000,564,6.0,-999.0,0.1,-999.0,0.1,37.826,-121.984,3.5,0,2,0,2,2018-02-23T20:19:37.999997,-999.000,-999.000,0,0
527,-999.000,-999.000,565,13.0,1.0,-999.0,1.0,-999.0,35.057,-119.040,4.2,1,0,1,0,2018-04-16T16:36:48.000002,-999.000,-999.000,0,0
528,-999.000,-999.000,566,2.0,-999.0,0.3,-999.0,0.3,39.237,-120.109,3.8,0,1,0,1,2018-08-30T22:08:08.000002,-999.000,-999.000,0,0
529,-999.000,-999.000,567,1.0,-999.0,0.4,-999.0,0.4,38.826,-122.811,3.8,0,1,0,1,2018-09-01T15:45:04.999997,-999.000,-999.000,0,0
530,-999.000,-999.000,229,-1.0,0.2,-999.0,0.2,-999.0,37.550,-118.857,3.4,1,0,1,0,1995-08-24T09:10:34.000000,-999.000,-999.000,0,0
531,-999.000,-999.000,228,5.0,-999.0,0.2,0.3,0.1,36.681,-121.311,3.6,0,1,1,5,2014-09-09T18:17:56.000002,-999.000,-999.000,4,0
532,-999.000,-999.000,227,5.0,0.1,-999.0,0.1,-999.0,38.700,-122.819,3.3,1,0,1,0,1995-08-23T10:46:55.999997,-999.000,-999.000,0,0
533,-999.000,-999.000,226,9.0,-999.0,-999.0,0.2,-999.0,36.283,-120.462,3.4,0,0,1,0,1994-12-28T12:49:04.000003,-999.000,-999.000,0,0
534,-999.000,-999.000,225,4.0,0.3,-999.0,0.3,-999.0,37.535,-118.870,3.6,1,0,1,0,1995-07-10T22:47:23.000004,-999.000,-999.000,0,0
535,-999.000,-999.000,224,19.0,-999.0,-999.0,0.2,-999.0,40.313,-124.562,3.5,0,0,2,0,1994-07-16T08:01:30.999999,-999.000,-999.000,0,0
536,-999.000,-999.000,223,9.0,-999.0,-999.0,-999.0,0.6,36.764,-121.357,3.9,0,0,0,1,1995-06-16T04:20:35.000000,-999.000,-999.000,0,0
537,-999.000,-999.000,222,2.0,-999.0,0.9,-999.0,0.9,39.807,-122.737,4.4,0,1,0,1,1995-05-17T02:29:11.999999,-999.000,-999.000,0,0
538,-999.000,-999.000,221,2.0,-999.0,-999.0,0.1,-999.0,36.705,-121.334,3.3,0,0,1,0,1994-09-27T14:54:22.000000,-999.000,-999.000,0,0
539,-999.000,-999.000,220,8.0,0.2,-999.0,0.2,-999.0,37.596,-118.834,4.2,2,0,2,0,1995-03-05T00:07:01.999999,-999.000,-999.000,0,0
540,-999.000,-999.000,114,6.0,-999.0,0.3,-999.0,0.3,37.385,-122.176,3.5,0,1,0,1,1990-09-26T02:53:54.000002,-999.000,-999.000,0,0
541,-999.000,-999.000,391,8.0,0.8,-999.0,0.8,-999.0,38.378,-122.162,4.1,1,0,1,0,2005-05-08T08:43:53.999999,-999.000,-999.000,0,0
542,-999.000,-999.000,390,4.0,0.5,-999.0,0.5,-999.0,35.056,-119.197,4.7,2,0,2,0,2005-04-16T19:18:10.999998,-999.000,-999.000,0,0
543,-999.000,-999.000,151,6.0,-999.0,0.4,-999.0,0.4,35.526,-118.136,3.9,0,1,0,1,1992-06-30T00:06:37.000001,-999.000,-999.000,0,0
544,-999.000,-999.000,150,9.0,0.5,-999.0,0.5,-999.0,37.578,-118.827,3.9,1,0,1,0,1992-06-29T05:37:43.999998,-999.000,-999.000,0,0
545,-999.000,-999.000,153,-1.0,-999.0,0.5,-999.0,0.5,37.645,-118.058,3.7,0,1,0,1,1992-07-05T06:16:16.999998,-999.000,-999.000,0,0
546,-999.000,-999.000,152,2.0,0.4,-999.0,0.4,-999.0,38.833,-119.454,3.9,1,0,1,0,1992-06-28T12:52:10.999998,-999.000,-999.000,0,0
547,-999.000,-999.000,155,11.0,1.3,-999.0,1.3,-999.0,35.209,-118.062,5.2,1,0,1,0,1992-07-11T18:14:13.999999,-999.000,-999.000,0,0
548,-999.000,-999.000,154,7.0,-999.0,0.1,-999.0,0.1,36.126,-117.820,3.3,0,1,0,1,1992-07-07T03:12:44.999997,-999.000,-999.000,0,0
549,-999.000,-999.000,157,23.0,0.2,-999.0,0.2,-999.0,35.139,-118.625,3.9,1,0,1,0,1992-07-20T04:08:51.999997,-999.000,-999.000,0,0
550,-999.000,-999.000,156,3.0,0.6,0.1,0.6,0.1,35.956,-118.381,4.1,2,2,2,2,1992-07-13T09:54:18.000002,-999.000,-999.000,2,2
551,-999.000,-999.000,159,2.0,1.3,-999.0,1.3,-999.0,38.860,-122.792,4.5,1,0,1,0,1992-09-19T23:04:44.999997,-999.000,-999.000,0,0
552,-999.000,-999.000,158,1.0,-999.0,0.5,-999.0,0.5,39.316,-119.235,4.2,0,2,0,2,1992-07-20T20:09:31.000002,-999.000,-999.000,0,0
553,-999.000,-999.000,112,6.0,0.4,0.6,0.4,0.6,36.680,-121.306,4.1,2,1,3,1,1990-09-08T12:48:21.000000,-999.000,-999.000,4,0
554,-999.000,-999.000,83,3.0,-999.0,-999.0,-999.0,-999.0,37.527,-118.870,3.4,1,0,1,0,1989-03-10T01:40:23.999998,-999.000,-999.000,0,0
555,-999.000,-999.000,399,8.0,-999.0,0.3,-999.0,0.3,37.551,-118.823,3.7,0,1,0,1,2005-10-03T09:19:01.999999,-999.000,-999.000,0,0
556,-999.000,-999.000,398,4.0,0.5,-999.0,0.5,-999.0,35.648,-121.092,4.0,1,0,1,0,2005-10-02T13:48:07.999997,-999.000,-999.000,0,0
557,-999.000,-999.000,48,25.0,1.0,-999.0,1.0,-999.0,40.391,-124.554,4.2,1,0,1,0,1987-04-16T04:52:29.999997,-999.000,-999.000,0,0
558,-999.000,-999.000,49,4.0,0.2,-999.0,0.2,-999.0,37.755,-122.150,3.4,1,0,1,0,1987-05-26T07:01:09.999998,-999.000,-999.000,0,0
559,-999.000,-999.000,46,11.0,-999.0,0.5,-999.0,0.5,39.672,-118.041,3.9,0,1,0,1,1987-03-16T16:51:04.000000,-999.000,-999.000,0,0
560,-999.000,-999.000,47,-1.0,0.3,0.1,0.3,0.1,40.180,-117.773,4.3,3,1,3,1,1987-03-25T16:01:29.999998,-999.000,-999.000,3,3
561,-999.000,-999.000,44,4.0,0.5,0.3,0.5,0.3,37.540,-118.872,4.0,1,2,2,2,1987-02-27T16:24:56.000003,-999.000,-999.000,4,0
562,-999.000,-999.000,45,6.0,0.1,-999.0,0.1,-999.0,36.605,-121.206,3.3,1,0,2,0,1987-02-21T13:02:17.999997,-999.000,-999.000,0,0
563,-999.000,-999.000,42,7.0,0.2,-999.0,0.2,-999.0,37.508,-121.693,3.5,1,0,1,0,1987-02-09T16:08:49.000000,-999.000,-999.000,0,0
564,-999.000,-999.000,43,15.0,2.0,2.1,2.0,2.1,36.172,-120.341,5.3,1,1,1,1,1987-02-14T07:26:49.000000,-999.000,-999.000,0,0
565,-999.000,-999.000,40,9.0,-999.0,0.1,-999.0,0.1,38.793,-122.458,3.3,0,1,0,1,1986-12-14T23:00:21.999999,-999.000,-999.000,0,0
566,-999.000,-999.000,41,6.0,-999.0,0.4,-999.0,0.4,37.452,-121.796,4.0,0,1,0,1,1986-12-29T15:28:02.999999,-999.000,-999.000,0,0
567,-999.000,-999.000,5,8.0,0.5,-999.0,0.5,-999.0,36.216,-120.291,3.7,1,0,1,0,1985-04-09T03:23:21.999996,-999.000,-999.000,0,0
568,-999.000,-999.000,489,26.0,0.4,-999.0,0.4,-999.0,40.443,-124.186,4.4,1,0,1,0,2012-09-14T11:53:16.000002,-999.000,-999.000,0,0
569,-999.000,-999.000,488,10.0,-999.0,0.4,-999.0,0.4,36.121,-119.999,4.1,0,1,0,1,2012-09-07T13:23:46.999997,-999.000,-999.000,0,0
570,-999.000,-999.000,487,3.0,0.1,0.1,0.1,0.1,36.016,-118.393,3.5,2,1,2,1,2012-08-28T09:36:16.000003,-999.000,-999.000,4,4
571,-999.000,-999.000,486,5.0,1.7,0.1,0.6,0.1,40.412,-125.331,5.2,1,1,2,1,2012-07-21T06:04:20.000001,-999.000,-999.000,2,0
572,-999.000,-999.000,485,8.0,0.2,-999.0,0.2,-999.0,37.261,-121.636,3.5,1,0,1,0,2012-06-03T17:31:35.999997,-999.000,-999.000,0,0
573,-999.000,-999.000,484,1.0,0.3,-999.0,0.3,-999.0,38.796,-122.761,4.2,2,0,3,0,2012-05-05T09:23:22.000001,-999.000,-999.000,2,0
574,-999.000,-999.000,483,8.0,-999.0,0.6,-999.0,0.6,37.927,-122.310,4.0,0,1,0,1,2012-03-05T13:33:18.999997,-999.000,-999.000,0,0
575,-999.000,-999.000,482,6.0,-999.0,-999.0,1.2,-999.0,36.640,-121.251,4.6,0,0,1,0,2001-12-28T21:14:00.000000,-999.000,-999.000,0,0
576,-999.000,-999.000,481,27.0,1.9,-999.0,1.9,-999.0,41.143,-123.790,5.6,1,0,1,0,2012-02-13T21:07:01.000004,-999.000,-999.000,0,0
577,-999.000,-999.000,480,8.0,-999.0,-999.0,-999.0,-999.0,38.077,-122.233,3.5,1,0,1,0,2012-02-16T02:09:12.999998,-999.000,-999.000,0,0
578,-999.000,-999.000,472,-1.0,0.6,-999.0,0.6,-999.0,36.403,-117.866,4.2,1,0,1,0,2011-05-03T21:41:48.000002,-999.000,-999.000,0,0
579,-999.000,-999.000,473,14.0,0.2,-999.0,0.2,-999.0,39.462,-122.937,3.4,1,0,1,0,2011-05-02T10:53:01.000003,-999.000,-999.000,0,0
580,-999.000,-999.000,470,6.0,0.5,0.3,0.5,0.3,38.394,-118.733,4.8,9,10,10,10,2011-04-17T00:45:36.000003,-999.000,-999.000,4,4
581,-999.000,-999.000,471,2.0,0.5,-999.0,0.5,-999.0,38.815,-122.820,4.4,1,0,6,0,2011-03-01T02:19:45.999997,-999.000,-999.000,1,0
582,-999.000,-999.000,476,6.0,-999.0,-999.0,-999.0,-999.0,35.732,-121.111,3.6,1,0,1,0,2011-08-31T01:22:21.999998,-999.000,-999.000,0,0
583,-999.000,-999.000,477,7.0,1.0,-999.0,1.0,-999.0,37.546,-118.872,4.2,1,0,1,0,2011-08-24T11:59:50.000001,-999.000,-999.000,0,0
584,-999.000,-999.000,474,1.0,0.2,-999.0,0.2,-999.0,38.832,-122.794,3.4,1,0,1,0,2011-04-23T19:42:55.999997,-999.000,-999.000,0,0
585,-999.000,-999.000,475,8.0,0.2,-999.0,0.2,-999.0,37.744,-122.149,3.6,2,0,2,0,2011-08-24T06:36:52.999999,-999.000,-999.000,0,0
586,-999.000,-999.000,478,7.0,0.2,-999.0,0.2,-999.0,37.857,-122.253,4.0,2,0,2,0,2011-10-20T21:41:02.999999,-999.000,-999.000,0,0
587,-999.000,-999.000,479,11.0,0.9,-999.0,0.9,-999.0,39.605,-120.472,4.7,2,0,2,0,2011-10-27T06:37:07.999997,-999.000,-999.000,0,0
