,b_a,b_f,c_type,c_type60,cid,depth0,dm_a,dm_f,fstyle_m,lat0,lon0,m0,na,na_all,nf,nf_all,ot0,rate_a,rate_f
0,0.967175446519342,-999,1,1,1,24.4,1.1999999999999993,1.7999999999999998,1.0,38.32,142.37,9.1,207,207,24,24,2011-03-11T05:46:19.199996Z,3.4741161563213763,0.417525638683791
1,1.2895861565469153,-999,1,1,2,10.0,1.7999999999999998,3.7,0.0,3.3,95.78,9.0,257,257,2,2,2004-12-26T00:58:53.760002Z,4.3905280763181675,0.06537956104163592
2,0.9627982554708561,-999,1,1,3,44.8,1.4000000000000004,3.500000000000001,3.0,-35.85,-72.71,8.8,93,93,3,3,2010-02-27T06:34:16.319997Z,1.6883152247910886,0.09448283246943233
3,0.9765201368238771,-999,1,1,4,30.0,1.6999999999999993,1.8999999999999995,0.0,2.09,97.11,8.6,76,76,11,11,2005-03-28T16:09:33.120002Z,1.3053709142744794,0.3828950345479967
4,-999.0,-999,2,2,5,20.0,0.40000000000000036,3.1999999999999993,0.0,2.33,93.06,8.6,30,30,3,3,2012-04-11T08:38:32.640004Z,0.5453296153970374,0.23775558725598464
5,0.6731974955778192,-999,1,1,6,34.0,0.5999999999999996,3.2,1.0,-4.44,101.37,8.5,41,41,4,4,2007-09-12T11:10:27.840000Z,0.6949670822906019,0.07742529910362926
6,-999.0,-999,1,1,7,33.0,0.8000000000000007,-999.0,2.0,-16.26,-73.64,8.4,21,21,0,0,2001-06-23T20:33:12.960004Z,0.4388485450088238,-999.0
7,0.6473020007570126,-999,1,1,8,22.4,1.200000000000001,2.6000000000000005,0.0,-31.57,-71.67,8.3,43,43,4,4,2015-09-16T22:54:28.799999Z,0.77977375680516,0.11575011864373996
8,-999.0,-999,1,1,9,33.0,1.0000000000000009,1.700000000000001,0.0,43.71,147.33,8.3,29,29,11,11,1994-10-04T13:22:56.639995Z,0.50087393866468,0.6778741865524468
9,-999.0,-999,2,2,10,38.9,0.20000000000000107,1.700000000000001,0.0,46.57,153.29,8.3,30,30,14,14,2006-11-15T11:14:21.119996Z,0.5042059176964954,0.2925748678187063
10,0.7431777230429971,-999,1,1,11,27.0,1.0000000000000009,2.8000000000000007,2.0,41.81,143.91,8.3,32,32,1,1,2003-09-25T19:50:09.599997Z,0.536624631070717,inf
11,-999.0,-999,1,1,12,33.0,1.6999999999999993,3.0999999999999996,0.0,-0.95,137.03,8.2,14,14,1,1,1996-02-17T05:59:25.439998Z,0.24163886381402272,inf
12,-999.0,-999,0,0,13,25.1,-999.0,-999.0,0.0,0.8,92.46,8.2,0,0,0,0,2012-04-11T10:43:14.879997Z,-999.0,-999.0
13,-999.0,-999,1,1,14,10.0,1.6999999999999993,-999.0,0.0,-62.88,149.53,8.1,5,5,0,0,1998-03-25T03:12:23.039995Z,0.20913851662304134,-999.0
14,0.847403867128296,-999,2,2,15,25.0,0.39999999999999947,1.3999999999999995,0.0,-19.61,-70.77,8.1,32,32,19,19,2014-04-01T23:46:45.120003Z,0.5456197814459872,2.338720596738573
15,1.2936431375841522,-999,1,1,16,18.0,1.8999999999999995,1.5,0.0,-15.49,-172.1,8.1,35,35,5,5,2009-09-29T17:48:11.519997Z,0.6242197253425951,0.4515773597175008
16,-999.0,-999,4,4,17,10.0,2.6999999999999993,-999.0,0.0,46.24,154.52,8.1,7,7,0,0,2007-01-13T04:23:22.560001Z,0.15446844099427254,-999.0
17,0.8630799428944141,-999,1,1,18,10.0,1.1999999999999993,2.3999999999999995,0.0,-8.46,157.04,8.1,47,47,7,7,2007-04-01T20:39:59.039998Z,0.9010131605408627,0.17078419221523686
18,-999.0,-999,0,0,19,10.0,2.0999999999999996,-999.0,3.0,-49.31,161.35,8.1,2,2,0,0,2004-12-23T14:59:08.159997Z,0.19012852688452384,-999.0
19,-999.0,-999,1,1,20,39.0,1.5999999999999996,2.2,0.0,-13.39,-76.6,8.0,14,14,3,3,2007-08-15T23:40:59.519996Z,0.27649733180111224,4.164353137197713
20,-999.0,-999,1,1,21,49.0,2.0999999999999996,2.2,3.0,19.15,-104.22,8.0,3,3,1,1,1995-10-09T15:36:00.000002Z,0.07562275337390097,inf
21,0.6390164038903425,-999,3,3,22,33.0,0.20000000000000018,1.0999999999999996,3.0,-3.98,152.17,8.0,54,54,2,2,2000-11-16T04:54:54.719996Z,1.2521593952543888,0.1802207704432643
22,-999.0,-999,1,1,23,55.0,2.0999999999999996,2.0,0.0,-20.19,-174.12,8.0,24,24,9,9,2006-05-03T15:26:38.400001Z,0.4758685095989827,0.16043495699442525
23,-999.0,-999,1,1,24,47.0,1.7000000000000002,2.7,2.0,-23.36,-70.31,8.0,12,12,1,1,1995-07-30T05:11:19.680002Z,1.103113537962708,inf
24,-999.0,-999,1,1,25,15.0,0.7000000000000002,-999.0,1.0,28.15,84.71,7.9,9,9,0,0,2015-04-25T06:11:22.559997Z,0.4245162872752502,-999.0
25,-999.0,-999,0,0,26,30.2,-999.0,-999.0,2.0,36.13,140.23,7.9,0,0,0,0,2011-03-11T06:15:41.759999Z,-999.0,-999.0
26,-999.0,-999,1,1,27,33.0,1.9000000000000004,2.0,0.0,0.72,119.98,7.9,6,6,1,1,1996-01-01T08:05:08.160000Z,0.16489994695725463,inf
27,-999.0,-999,1,1,28,19.0,1.8000000000000007,-999.0,3.0,31.0,103.32,7.9,13,13,0,0,2008-05-12T06:28:04.800005Z,0.8728581404052861,-999.0
28,-999.0,-999,0,0,29,10.0,2.2,-999.0,2.0,-13.8,97.45,7.9,1,1,0,0,2000-06-18T14:44:09.600005Z,inf,-999.0
29,-999.0,-999,1,1,30,33.0,0.7000000000000002,1.4000000000000004,0.0,51.56,-177.63,7.9,11,11,4,4,1996-06-10T04:03:38.880000Z,0.3228542665185708,0.08203916549762078
30,0.8177555129984884,-999,1,1,31,24.0,0.8000000000000007,1.5,3.0,-10.8,165.11,7.9,74,74,21,21,2013-02-06T01:12:25.920000Z,1.5806156711658785,2.4691648344065134
31,-999.0,-999,1,1,32,4.9,2.7,1.3000000000000007,3.0,63.52,-147.44,7.9,3,3,1,1,2002-11-03T22:12:43.200001Z,0.132910971800947,inf
32,-999.0,-999,1,1,33,22.1,1.6000000000000005,1.3000000000000007,0.0,44.62,149.32,7.9,17,17,6,6,1995-12-03T18:01:09.120003Z,0.2936781460270259,0.6815625958515322
33,-999.0,-999,1,1,34,33.0,1.2000000000000002,-999.0,2.0,-4.72,102.09,7.9,22,22,0,0,2000-06-04T16:28:24.960001Z,0.3882384913751656,-999.0
34,-999.0,-999,0,0,35,35.0,-999.0,-999.0,3.0,-2.62,100.84,7.9,0,0,0,0,2007-09-12T23:49:03.359999Z,-999.0,-999.0
35,-999.0,-999,0,0,36,30.0,-999.0,-999.0,1.0,-5.23,153.1,7.8,0,0,0,0,2000-11-16T07:42:14.400000Z,-999.0,-999.0
36,-999.0,-999,1,1,37,33.0,1.3999999999999995,2.3,0.0,54.84,162.04,7.8,23,23,3,3,1997-12-05T11:26:52.800006Z,0.43385093636297634,7.618080244520847
37,-999.0,-999,1,1,38,24.0,2.0999999999999996,-999.0,2.0,-4.95,94.33,7.8,3,3,0,0,2016-03-02T12:49:49.440001Z,0.05904268195474918,-999.0
38,-999.0,-999,1,1,39,21.0,0.8999999999999995,-999.0,1.0,0.35,-79.93,7.8,16,16,0,0,2016-04-16T23:58:33.600006Z,0.3546177885152263,-999.0
39,-999.0,-999,1,1,40,12.0,1.7000000000000002,-999.0,3.0,-45.76,166.56,7.8,8,8,0,0,2009-07-15T09:22:27.840004Z,0.1991268288557208,-999.0
40,-999.0,-999,1,1,41,10.0,2.7,0.8999999999999995,3.0,-60.27,-46.4,7.8,1,1,5,5,2013-11-17T09:04:53.760004Z,inf,1.8975332069082467
41,-999.0,-999,1,1,42,31.0,0.5,2.0,3.0,2.38,97.05,7.8,2,2,1,1,2010-04-06T22:15:01.439998Z,0.8839388314264612,inf
42,-999.0,-999,0,0,43,33.0,-999.0,-999.0,3.0,-5.5,151.78,7.8,0,0,0,0,2000-11-17T21:01:52.320000Z,-999.0,-999.0
43,-999.0,-999,1,1,44,20.1,1.5,-999.0,0.0,-3.49,100.08,7.8,7,7,0,0,2010-10-25T14:42:25.920000Z,0.16862187748401783,-999.0
44,-999.0,-999,1,1,45,39.0,1.2000000000000002,2.0999999999999996,3.0,-10.47,112.98,7.8,21,21,1,1,1994-06-02T18:17:34.080000Z,0.4061094329554183,inf
45,-999.0,-999,1,1,46,33.0,2.0999999999999996,2.2,1.0,51.15,178.65,7.8,5,5,1,1,2003-11-17T06:43:03.359997Z,0.2409615329007774,inf
46,-999.0,-999,1,1,47,15.0,1.0,-999.0,3.0,26.97,65.52,7.8,4,4,0,0,2013-09-24T11:29:45.600004Z,0.16784155756928038,-999.0
47,0.8836761170239867,-999,3,3,48,35.0,0.39999999999999947,0.20000000000000018,3.0,-12.52,166.38,7.8,41,41,4,4,2009-10-07T22:18:54.720004Z,0.875623080569897,0.06808777194674087
48,-999.0,-999,1,1,49,10.0,2.2,-999.0,1.0,35.95,90.54,7.8,5,5,0,0,2001-11-14T09:26:12.480004Z,0.25962022753096153,-999.0
49,-999.0,-999,1,1,50,14.0,1.3999999999999995,-999.0,0.0,52.79,-132.1,7.8,13,13,0,0,2012-10-28T03:04:10.559997Z,0.8431867269442067,-999.0
50,-999.0,-999,1,1,51,33.0,1.6000000000000005,2.2,0.0,-14.99,-75.68,7.7,8,8,1,1,1996-11-12T16:59:39.840004Z,0.44692987111758903,inf
51,-999.0,-999,1,1,52,16.0,1.1000000000000005,1.9000000000000004,1.0,-5.81,154.21,7.7,16,16,2,2,1995-08-16T10:27:24.480003Z,0.2703570402663825,6.428801027576603
52,-999.0,-999,1,1,53,25.0,1.2000000000000002,2.3,0.0,15.66,121.23,7.7,10,10,2,2,1990-07-16T07:26:32.640000Z,1.406885296629709,0.0866378451437267
53,-999.0,-999,1,1,54,40.0,0.9000000000000004,2.6000000000000005,3.0,-22.25,-69.89,7.7,19,19,1,1,2007-11-14T15:40:53.759996Z,0.6154603643538131,inf
54,-999.0,-999,1,1,55,17.0,1.4000000000000004,-999.0,1.0,42.84,139.25,7.7,3,3,0,0,1993-07-12T13:17:11.039999Z,0.12455264840498047,-999.0
55,-999.0,-999,1,1,56,33.0,1.7999999999999998,2.1000000000000005,1.0,-2.07,124.89,7.7,3,3,3,3,1998-11-29T14:10:27.840000Z,0.05428960245536593,1.0667045939208422
56,-999.0,-999,1,1,57,33.0,1.2999999999999998,1.6000000000000005,3.0,-23.01,169.89,7.7,14,14,3,3,1995-05-16T20:12:46.079996Z,0.23687380717113604,0.1409549226160349
57,-999.0,-999,1,1,58,60.0,1.2000000000000002,-999.0,0.0,13.05,-88.66,7.7,12,12,0,0,2001-01-13T17:33:30.240005Z,0.36244687887971394,-999.0
58,-999.0,-999,2,2,59,17.0,0.2999999999999998,-999.0,1.0,-0.41,132.88,7.7,17,17,0,0,2009-01-03T19:43:49.439999Z,0.3496043301576253,-999.0
59,-999.0,-999,1,1,60,33.0,0.7000000000000002,2.5,1.0,40.45,143.49,7.7,20,20,1,1,1994-12-28T12:19:26.400000Z,0.35487608614229743,inf
60,-999.0,-999,1,1,61,34.0,1.6000000000000005,-999.0,0.0,-9.25,107.41,7.7,11,11,0,0,2006-07-17T08:19:32.160000Z,1.3508037282189387,-999.0
61,-999.0,-999,1,1,62,33.0,1.7999999999999998,2.2,3.0,-12.58,166.68,7.7,9,9,3,3,1997-04-21T12:02:26.880002Z,0.2825736810880244,0.3283676842415143
62,-999.0,-999,0,0,63,10.0,-999.0,-999.0,3.0,-20.57,-70.5,7.7,0,0,0,0,2014-04-03T02:43:09.119997Z,-999.0,-999.0
63,-999.0,-999,1,1,64,35.0,1.9000000000000004,1.6000000000000005,2.0,-8.51,121.89,7.7,4,4,1,1,1992-12-12T05:29:28.320003Z,0.10452734043259634,inf
64,-999.0,-999,1,1,65,61.0,1.7000000000000002,-999.0,3.0,12.96,144.78,7.7,6,6,0,0,1993-08-08T08:34:22.079997Z,0.23190646439323756,-999.0
65,-999.0,-999,1,1,66,35.0,1.1999999999999993,-999.0,2.0,10.1,-85.31,7.6,4,4,0,0,2012-09-05T14:42:08.639999Z,0.08394244066855801,-999.0
66,-999.0,-999,1,1,67,13.0,1.5,2.0999999999999996,3.0,-3.3,142.95,7.6,10,10,2,2,2002-09-08T18:44:21.119996Z,0.25087303817342294,0.07660281821739204
67,-999.0,-999,1,1,68,26.0,1.7999999999999998,0.8999999999999995,3.0,45.47,151.05,7.6,6,6,13,13,1991-12-22T08:43:09.119997Z,0.13568643768805175,1.0109808069237989
68,-999.0,-999,1,1,69,22.0,1.0,-999.0,3.0,60.95,167.09,7.6,10,10,0,0,2006-04-20T23:25:00.479996Z,0.2988035904245096,-999.0
69,-999.0,-999,1,1,70,28.0,2.0,2.3,2.0,10.81,126.64,7.6,21,21,1,1,2012-08-31T12:47:31.199995Z,0.367591714133074,inf
70,-999.0,-999,0,0,71,33.0,2.3,-999.0,1.0,-22.04,175.16,7.6,2,2,0,0,1990-03-03T12:16:24.959996Z,0.29496349826737306,-999.0
71,-999.0,-999,1,1,72,33.0,1.0999999999999996,2.1999999999999993,0.0,23.77,120.98,7.6,16,16,1,1,1999-09-20T17:47:19.680004Z,0.38243020051369897,inf
72,-999.0,-999,1,1,73,10.0,1.3999999999999995,1.2999999999999998,3.0,9.68,-83.08,7.6,5,5,1,1,1991-04-22T21:56:52.799996Z,0.1471077152112876,inf
73,-999.0,-999,1,1,74,26.0,1.1999999999999993,-999.0,0.0,34.54,73.59,7.6,16,16,0,0,2005-10-08T03:50:41.280004Z,0.36444310815279585,-999.0
74,-999.0,-999,2,2,75,22.6,0.1999999999999993,1.5999999999999996,2.0,-11.27,162.15,7.6,19,19,1,1,2014-04-12T20:14:38.399996Z,0.4749620030407166,inf
75,-999.0,-999,1,1,76,34.0,2.0,2.0999999999999996,0.0,-23.05,-174.66,7.6,6,6,2,2,2009-03-19T18:17:42.719995Z,0.3521870817781985,5.737234652458933
76,-999.0,-999,1,1,77,17.0,1.7999999999999998,2.3999999999999995,3.0,40.75,29.86,7.6,4,4,1,1,1999-08-17T00:01:35.039999Z,0.09907906013583716,inf
77,-999.0,-999,0,0,78,19.7,-999.0,-999.0,1.0,38.11,144.55,7.6,0,0,0,0,2011-03-11T06:25:46.559998Z,-999.0,-999.0
78,-999.0,-999,1,1,79,16.0,1.8999999999999995,-999.0,1.0,23.42,70.23,7.6,3,3,0,0,2001-01-26T03:16:42.239997Z,0.13448693235289336,-999.0
79,-999.0,-999,0,0,80,33.0,2.1999999999999993,-999.0,0.0,-17.54,-72.08,7.6,1,1,0,0,2001-07-07T09:38:44.160005Z,inf,-999.0
80,1.292115813927033,-999,1,1,81,17.0,1.5999999999999996,1.7999999999999998,1.0,-29.54,-176.34,7.6,36,36,3,3,2011-07-06T19:03:21.600010Z,0.7790993611394315,0.09802480027441873
81,-999.0,-999,0,0,82,45.0,-999.0,-999.0,0.0,-13.01,166.51,7.6,0,0,0,0,2009-10-07T22:03:12.960004Z,-999.0,-999.0
82,-999.0,-999,1,1,83,10.0,2.3,-999.0,0.0,-60.53,-43.41,7.6,3,3,0,0,2003-08-04T04:37:20.639996Z,0.3125195324724652,-999.0
83,-999.0,-999,1,1,84,10.0,1.5999999999999996,1.8999999999999995,3.0,11.76,-87.42,7.6,11,11,2,2,1992-09-02T00:15:59.040000Z,0.4805130131660136,2.0650490447539687
84,-999.0,-999,1,1,85,28.0,1.0999999999999996,2.5,3.0,1.16,122.84,7.6,12,12,1,1,1990-04-18T13:39:21.600002Z,0.23019948703880477,inf
85,-999.0,-999,1,1,86,22.0,0.7999999999999998,1.9000000000000004,2.0,1.07,126.28,7.5,26,26,2,2,2007-01-21T11:27:44.639999Z,0.44877028312278255,0.046952875746305106
86,-999.0,-999,0,0,87,10.0,1.9000000000000004,-999.0,0.0,-2.6,68.38,7.5,2,2,0,0,2003-07-15T20:27:53.280004Z,10.351966874793863,-999.0
87,-999.0,-999,1,1,88,35.0,2.0,2.3,1.0,7.88,91.94,7.5,4,4,1,1,2010-06-12T19:26:49.920001Z,0.33212384898222774,inf
88,-999.0,-999,1,1,89,10.0,1.4000000000000004,-999.0,0.0,-55.28,-31.88,7.5,11,11,0,0,2016-08-19T07:32:26.880002Z,1.0068373408508118,-999.0
89,-999.0,-999,1,1,90,31.0,1.7000000000000002,-999.0,3.0,6.03,124.25,7.5,6,6,0,0,2002-03-05T21:16:07.679996Z,0.10196382323561383,-999.0
90,0.9216538844249065,-999,2,2,91,41.0,0.0,1.7999999999999998,2.0,-4.73,152.56,7.5,33,33,1,1,2015-03-29T23:48:28.800007Z,0.6191299910324762,inf
91,-999.0,-999,0,0,92,55.0,1.5,2.0,1.0,-5.46,151.88,7.5,5,5,1,1,2015-05-05T01:44:06.720000Z,0.09465287006423498,inf
92,-999.0,-999,0,0,93,33.0,-999.0,1.9000000000000004,1.0,-9.62,-79.57,7.5,0,0,1,1,1996-02-21T12:51:07.200000Z,-999.0,inf
93,-999.0,-999,1,1,94,20.0,1.4000000000000004,-999.0,3.0,16.5,-98.22,7.5,4,4,0,0,2012-03-20T18:02:44.160003Z,0.18412391539496614,-999.0
94,-999.0,-999,0,0,95,4.7,1.5999999999999996,-999.0,1.0,14.1,92.89,7.5,1,1,0,0,2009-08-10T19:55:37.920003Z,inf,-999.0
95,-999.0,-999,1,1,96,24.0,1.5999999999999996,-999.0,1.0,18.77,-104.1,7.5,3,3,0,0,2003-01-22T02:06:34.560004Z,0.11822566915724317,-999.0
96,-999.0,-999,1,1,97,33.0,0.9000000000000004,0.5999999999999996,3.0,1.17,122.76,7.5,4,4,2,2,1991-06-20T05:18:48.960003Z,0.08203512744139091,0.3397546971104829
97,-999.0,-999,0,0,98,10.0,1.5999999999999996,-999.0,3.0,55.39,-134.65,7.5,2,2,0,0,2013-01-05T08:58:16.319995Z,0.11911710402546116,-999.0
98,-999.0,-999,0,0,99,33.0,2.2,-999.0,3.0,35.07,87.32,7.5,1,1,0,0,1997-11-08T10:02:55.680003Z,inf,-999.0
99,-999.0,-999,1,1,100,26.0,1.7999999999999998,-999.0,1.0,-1.11,123.57,7.5,4,4,0,0,2000-05-04T04:21:12.960000Z,0.34425481741869884,-999.0
100,-999.0,-999,1,1,101,10.0,2.0999999999999996,1.9000000000000004,0.0,-8.15,124.87,7.5,10,10,1,1,2004-11-11T21:26:38.400001Z,0.25419808131327704,inf
101,-999.0,-999,2,2,102,43.4,1.2999999999999998,0.40000000000000036,3.0,-6.76,155.02,7.5,24,24,15,15,2014-04-19T13:27:59.040004Z,0.44507661808608,0.31762299421069257
102,-999.0,-999,1,1,103,10.0,1.5999999999999996,1.0999999999999996,0.0,-1.76,134.3,7.5,3,3,9,9,2002-10-10T10:50:18.240003Z,3.2185387830720407,0.2461915534407869
103,-999.0,-999,1,1,104,33.0,1.8000000000000007,-999.0,1.0,-4.1,123.91,7.4,3,3,0,0,2001-10-19T03:28:48.000002Z,1.588141874035599,-999.0
104,-999.0,-999,0,0,105,23.0,-999.0,-999.0,1.0,-0.69,133.3,7.4,0,0,0,0,2009-01-03T22:33:35.999995Z,-999.0,-999.0
105,-999.0,-999,1,1,106,33.0,1.8000000000000007,2.2,0.0,-28.99,-176.24,7.4,6,6,2,2,2011-10-21T17:57:15.839997Z,0.10375453061468096,0.2193776256784404
106,-999.0,-999,1,1,107,33.0,0.6000000000000005,1.8000000000000007,1.0,6.9,126.58,7.4,7,7,2,2,2001-01-01T06:57:01.440002Z,0.120630795663484,0.038274948089607796
107,-999.0,-999,1,1,108,36.0,2.3000000000000007,2.0,3.0,46.86,155.15,7.4,1,1,3,3,2009-01-15T17:49:37.920001Z,inf,0.09813574790925732
108,-999.0,-999,0,0,109,60.6,-999.0,-999.0,1.0,16.06,-96.93,7.4,0,0,0,0,1999-09-30T16:31:17.759999Z,-999.0,-999.0
109,-999.0,-999,1,1,110,24.0,1.0,1.9000000000000004,0.0,13.96,-91.85,7.4,11,11,2,2,2012-11-07T16:35:45.599996Z,0.2092511851226642,0.23042802004805368
110,-999.0,-999,0,0,111,31.1,-999.0,-999.0,0.0,-13.09,166.5,7.4,0,0,0,0,2009-10-07T23:13:46.560004Z,-999.0,-999.0
111,-999.0,-999,0,0,112,10.0,-999.0,-999.0,2.0,-60.93,-21.58,7.4,0,0,0,0,2006-01-02T06:10:47.999996Z,-999.0,-999.0
112,-999.0,-999,1,1,113,33.0,2.2,-999.0,2.0,22.31,125.31,7.4,3,3,0,0,1998-05-03T23:30:20.159996Z,0.15446321458478282,-999.0
113,-999.0,-999,1,1,114,10.0,1.7000000000000002,-999.0,1.0,36.96,49.41,7.4,3,3,0,0,1990-06-20T21:00:08.639995Z,0.1943080689660074,-999.0
114,-999.0,-999,1,1,115,32.0,1.2000000000000002,1.8000000000000007,3.0,15.23,147.53,7.4,3,3,2,2,1990-04-05T21:12:40.319996Z,0.05938524395455742,8.972633470532106
115,-999.0,-999,1,1,116,14.0,1.0,-999.0,2.0,26.9,143.7,7.4,13,13,0,0,2010-12-21T17:19:40.800006Z,0.7339283798844011,-999.0
116,-999.0,-999,1,1,117,10.0,0.8000000000000007,-999.0,3.0,-49.27,164.12,7.4,6,6,0,0,2007-09-30T05:23:34.080002Z,0.5321083017759857,-999.0
117,-999.0,-999,2,2,118,10.0,0.8000000000000007,0.20000000000000018,1.0,33.18,137.07,7.4,6,6,1,1,2004-09-05T14:57:15.839997Z,1.4175683976790556,inf
118,-999.0,-999,0,0,119,41.7,-999.0,-999.0,0.0,-37.77,-75.05,7.4,0,0,0,0,2010-02-27T08:01:23.519999Z,-999.0,-999.0
119,-999.0,-999,0,0,120,33.0,1.6000000000000005,-999.0,0.0,-16.42,168.21,7.4,2,2,0,0,1999-11-26T13:21:12.960000Z,0.3025581289831818,-999.0
120,-999.0,-999,0,0,121,39.0,-999.0,-999.0,3.0,-11.46,162.05,7.4,0,0,0,0,2014-04-13T12:36:17.280003Z,-999.0,-999.0
121,-999.0,-999,0,0,122,30.0,2.2,-999.0,1.0,1.27,122.09,7.3,1,1,0,0,2008-11-16T17:02:32.640002Z,inf,-999.0
122,-999.0,-999,1,1,123,5.0,0.7999999999999998,-999.0,1.0,34.18,-116.51,7.3,5,5,0,0,1992-06-28T11:57:33.119998Z,0.4787712813786158,-999.0
123,-999.0,-999,0,0,124,10.0,0.5999999999999996,0.2999999999999998,1.0,-4.0,135.02,7.3,7,7,3,3,2004-02-07T02:42:34.559996Z,2.069781194569692,3.806623524908193
124,-999.0,-999,0,0,125,38.0,-999.0,-999.0,0.0,3.75,96.02,7.3,0,0,0,0,2010-05-09T05:59:42.719999Z,-999.0,-999.0
125,-999.0,-999,1,1,126,24.0,0.7999999999999998,-999.0,3.0,17.4,-100.96,7.3,3,3,0,0,2014-04-18T14:27:27.359998Z,0.2640752086192979,-999.0
126,-999.0,-999,0,0,127,11.0,-999.0,-999.0,1.0,-60.86,-25.07,7.3,0,0,0,0,2013-07-15T14:03:41.759995Z,-999.0,-999.0
127,-999.0,-999,0,0,128,33.0,-999.0,-999.0,0.0,41.77,143.59,7.3,0,0,0,0,2003-09-25T21:08:03.840003Z,-999.0,-999.0
128,-999.0,-999,3,3,129,35.0,0.39999999999999947,0.39999999999999947,0.0,-5.93,150.59,7.3,11,11,3,3,2010-07-18T13:35:02.399999Z,0.2392458969329025,0.06500612140968474
129,-999.0,-999,0,0,130,23.0,-999.0,-999.0,1.0,43.9,147.9,7.3,0,0,0,0,1994-10-09T07:55:37.920003Z,-999.0,-999.0
130,-999.0,-999,0,0,131,10.0,0.20000000000000018,0.5999999999999996,0.0,-22.01,169.77,7.3,23,23,8,8,2003-12-27T16:01:03.360003Z,0.4626640194238026,0.13882646518322744
131,-999.0,-999,0,0,132,40.0,-999.0,2.0,0.0,12.53,-88.12,7.3,0,0,1,1,2014-10-14T03:51:33.119996Z,-999.0,inf
132,-999.0,-999,1,1,133,31.0,1.2999999999999998,-999.0,3.0,-15.19,-173.59,7.3,5,5,0,0,1995-04-07T22:06:57.600005Z,0.170414652933652,-999.0
133,-999.0,-999,1,1,134,10.0,1.8999999999999995,-999.0,2.0,16.72,-86.23,7.3,3,3,0,0,2009-05-28T08:24:43.199995Z,0.22409800552795348,-999.0
134,-999.0,-999,1,1,135,33.0,0.8999999999999995,1.0,2.0,-20.07,168.89,7.3,20,20,4,4,2008-04-09T12:46:13.439996Z,0.3750832215892399,1.4862705755871852
135,-999.0,-999,0,0,136,16.0,0.39999999999999947,1.7999999999999998,2.0,-19.7,167.94,7.3,23,23,1,1,2010-12-25T13:16:36.479997Z,0.5378229860865775,inf
136,-999.0,-999,1,1,137,16.0,0.7000000000000002,-999.0,0.0,50.04,87.81,7.3,7,7,0,0,2003-09-27T11:33:21.599999Z,0.13922091973344444,-999.0
137,-999.0,-999,1,1,138,52.0,1.5,-999.0,1.0,52.07,-171.84,7.3,6,6,0,0,2011-06-24T03:09:38.880002Z,0.17248119954933502,-999.0
138,-999.0,-999,1,1,139,25.0,1.3999999999999995,-999.0,3.0,-17.54,168.07,7.3,10,10,0,0,2010-08-10T05:23:42.719997Z,0.18685337055460474,-999.0
139,-999.0,-999,1,1,140,36.0,1.5999999999999996,0.5,3.0,-4.68,102.56,7.3,8,8,6,6,2001-02-13T19:28:33.599996Z,0.15009409023286086,0.1869607351295031
140,-999.0,-999,0,0,141,21.0,1.7000000000000002,-999.0,3.0,16.84,-98.6,7.3,1,1,0,0,1995-09-14T14:04:33.599998Z,inf,-999.0
141,-999.0,-999,0,0,142,32.0,-999.0,-999.0,3.0,38.44,142.84,7.3,0,0,0,0,2011-03-09T02:45:18.719998Z,-999.0,-999.0
142,-999.0,-999,1,1,143,33.0,2.0999999999999996,1.5999999999999996,0.0,-10.49,160.77,7.3,1,1,2,2,2003-01-20T08:43:09.119997Z,inf,0.1260223563659809
143,-999.0,-999,1,1,144,26.0,1.0,1.2000000000000002,3.0,2.77,95.96,7.3,2,2,1,1,2008-02-20T08:08:26.880004Z,0.1416811889880594,inf
144,-999.0,-999,0,0,145,19.0,1.5999999999999996,-999.0,3.0,9.89,-84.89,7.3,1,1,0,0,1990-03-25T13:22:56.639995Z,inf,-999.0
145,-999.0,-999,1,1,146,28.0,1.7999999999999998,1.8999999999999995,1.0,12.14,-88.59,7.3,4,4,2,2,2012-08-27T04:37:20.639996Z,0.07326369619007364,0.34456025497641307
146,-999.0,-999,0,0,147,15.0,-999.0,-999.0,0.0,4.7,-77.51,7.2,0,0,0,0,2004-11-15T09:06:54.719999Z,-999.0,-999.0
147,-999.0,-999,0,0,148,68.0,-999.0,-999.0,0.0,28.78,63.94,7.2,0,0,0,0,2011-01-18T20:23:25.439996Z,-999.0,-999.0
148,-999.0,-999,2,2,149,36.1,1.0,1.6000000000000005,1.0,37.89,144.09,7.2,3,3,2,2,2012-12-07T08:18:23.039997Z,1.712231037000673,0.09207509644899356
149,-999.0,-999,1,1,150,6.0,1.7999999999999998,-999.0,3.0,32.3,-115.27,7.2,3,3,0,0,2010-04-04T22:40:39.360000Z,0.0634764798483753,-999.0
150,-999.0,-999,0,0,151,36.1,-999.0,-999.0,0.0,37.89,144.09,7.2,0,0,0,0,2012-12-07T08:18:23.039997Z,-999.0,-999.0
151,-999.0,-999,0,0,152,19.0,2.0,-999.0,3.0,2.43,93.21,7.2,1,1,0,0,2012-01-10T18:37:00.480000Z,inf,-999.0
152,-999.0,-999,0,0,153,33.0,1.0,-999.0,3.0,15.77,119.74,7.2,1,1,0,0,1999-12-11T18:03:35.999995Z,inf,-999.0
153,-999.0,-999,2,2,154,33.0,1.9000000000000004,0.10000000000000053,3.0,7.17,126.86,7.2,2,2,1,1,1992-05-17T10:15:27.360004Z,0.06601379028064923,inf
154,-999.0,-999,0,0,155,21.0,2.0,-999.0,0.0,4.56,-77.49,7.2,1,1,0,0,1991-11-19T22:28:50.879997Z,inf,-999.0
155,-999.0,-999,0,0,156,10.0,-999.0,1.6000000000000005,0.0,40.76,31.16,7.2,0,0,1,1,1999-11-12T16:57:21.599998Z,-999.0,inf
156,-999.0,-999,0,0,157,14.0,-999.0,-999.0,3.0,33.07,136.62,7.2,0,0,0,0,2004-09-05T10:07:06.240000Z,-999.0,-999.0
157,-999.0,-999,0,0,158,39.2,-999.0,-999.0,3.0,6.91,92.96,7.2,0,0,0,0,2004-12-26T04:21:30.240001Z,-999.0,-999.0
158,-999.0,-999,1,1,159,34.0,0.7999999999999998,0.5,3.0,14.73,-92.68,7.2,7,7,5,5,1993-09-10T19:12:51.839996Z,0.21577633241890845,0.6531934628336886
159,-999.0,-999,1,1,160,25.0,0.5,0.7000000000000002,1.0,-2.49,99.97,7.2,5,5,8,8,2008-02-25T08:36:31.679998Z,0.24742798608418937,0.15593478027838645
160,-999.0,-999,0,0,161,26.0,-999.0,-999.0,1.0,51.48,-176.85,7.2,0,0,0,0,1996-06-10T15:24:54.719996Z,-999.0,-999.0
161,-999.0,-999,1,1,162,16.0,1.6000000000000005,-999.0,0.0,7.92,92.19,7.2,8,8,0,0,2005-07-24T15:42:02.879999Z,0.15853230789338896,-999.0
162,-999.0,-999,1,1,163,36.0,1.2000000000000002,-999.0,0.0,38.28,142.04,7.2,3,3,0,0,2005-08-16T02:46:27.840002Z,0.47392616231105306,-999.0
163,-999.0,-999,1,1,164,29.4,0.9000000000000004,1.2000000000000002,0.0,51.36,-179.52,7.2,3,3,1,1,2007-12-19T09:30:23.040001Z,0.16022131904877956,inf
164,-999.0,-999,0,0,165,10.0,1.5,-999.0,2.0,28.82,34.86,7.2,2,2,0,0,1995-11-22T04:15:10.080003Z,2.419257288082896,-999.0
165,-999.0,-999,1,1,166,30.0,0.9000000000000004,-999.0,0.0,2.82,96.08,7.2,3,3,0,0,2002-11-02T01:26:06.720004Z,0.1080532053982236,-999.0
166,-999.0,-999,1,1,167,33.0,1.7000000000000002,1.7000000000000002,2.0,-9.05,158.49,7.2,2,2,1,1,1991-10-14T15:58:10.560005Z,0.06965316207951315,inf
167,-999.0,-999,1,1,168,50.0,1.2000000000000002,2.0,0.0,-6.06,147.59,7.2,4,4,1,1,1992-05-15T07:05:05.280004Z,0.16259832117271555,inf
168,-999.0,-999,1,1,169,31.0,0.9000000000000004,1.4000000000000004,3.0,-13.7,166.64,7.2,7,7,1,1,2010-05-27T17:14:47.040002Z,0.19781778721021354,inf
169,-999.0,-999,1,1,170,15.0,0.6000000000000005,1.7999999999999998,1.0,40.37,-124.32,7.2,3,3,1,1,1992-04-25T18:06:02.879997Z,0.07391565730721403,inf
170,-999.0,-999,0,0,171,15.0,-999.0,-999.0,0.0,27.81,86.07,7.2,0,0,0,0,2015-05-12T07:05:22.559995Z,-999.0,-999.0
171,-999.0,-999,0,0,172,10.0,0.6000000000000005,-999.0,2.0,41.3,-125.97,7.2,1,1,0,0,2005-06-15T02:50:55.679999Z,inf,-999.0
172,-999.0,-999,1,1,173,21.0,0.6000000000000005,1.1000000000000005,0.0,-17.6,167.86,7.2,15,15,1,1,2002-01-02T17:22:50.880005Z,0.3416202822242401,inf
173,-999.0,-999,0,0,174,33.0,-999.0,1.4000000000000004,1.0,-6.51,130.39,7.2,0,0,1,1,1992-12-20T20:52:39.360004Z,-999.0,inf
174,-999.0,-999,1,1,175,33.0,0.6000000000000005,1.9000000000000004,2.0,-16.62,167.51,7.2,12,12,1,1,1994-07-13T02:35:57.119997Z,0.42173628829866716,inf
175,-999.0,-999,1,1,176,35.0,0.9000000000000004,1.2000000000000002,2.0,-11.61,165.76,7.2,10,10,1,1,2007-09-02T01:05:13.920000Z,0.4466538923651369,inf
176,-999.0,-999,1,1,177,28.0,1.6000000000000005,-999.0,0.0,-45.1,167.14,7.2,3,3,0,0,2003-08-21T12:12:48.960001Z,0.08615663851253925,-999.0
177,-999.0,-999,1,1,178,16.4,1.7000000000000002,-999.0,2.0,-22.48,173.12,7.2,7,7,0,0,2016-08-12T01:26:32.640000Z,0.4353017262823804,-999.0
178,-999.0,-999,1,1,179,44.0,0.9000000000000004,1.2999999999999998,0.0,-6.52,155.0,7.2,12,12,4,4,1996-04-29T14:40:42.239995Z,1.0471661067239344,0.40621509089266283
179,-999.0,-999,0,0,180,10.0,1.4000000000000004,-999.0,0.0,33.83,59.81,7.2,1,1,0,0,1997-05-10T07:57:30.240003Z,inf,-999.0
180,-999.0,-999,0,0,181,22.0,-999.0,-999.0,0.0,42.08,73.56,7.2,0,0,0,0,1992-08-19T02:04:33.599998Z,-999.0,-999.0
181,-999.0,-999,0,0,182,33.0,-999.0,-999.0,0.0,38.23,72.75,7.2,0,0,0,0,2015-12-07T07:50:09.599997Z,-999.0,-999.0
