,b_a,b_f,c_type,c_type60,cid,depth0,dm_a,dm_f,fstyle_m,lat0,lon0,m0,na,na_all,na_all_apr,na_apr,nf,nf_all,nf_all_apr,nf_apr,ot0,rate_a,rate_f
0,-999.0,-999,-1,-1,2,4.9,-999.0,1.3000000000000007,3.0,63.52,-147.44,7.9,0,0,0,0,1,1,1,1,2002-11-03T22:12:43.200001Z,-999.0,inf
1,-999.0,-999,-1,-1,19,10.0,-999.0,-999.0,3.0,-4.05,152.6,7.6,0,0,0,0,0,1,1,0,2019-05-14T12:58:27.839996Z,-999.0,-999.0
2,-999.0,-999,-1,-1,35,33.0,1.9000000000000004,-999.0,2.0,-3.98,152.17,8.0,1,1,1,1,0,0,0,0,2000-11-16T04:54:54.719996Z,inf,-999.0
3,-999.0,-999,-1,-1,72,49.0,2.0999999999999996,-999.0,0.0,19.15,-104.22,8.0,1,1,0,0,0,0,0,0,1995-10-09T15:36:00.000002Z,inf,-999.0
4,-999.0,-999,-1,-1,74,31.0,-999.0,-999.0,2.0,2.38,97.05,7.8,0,2,2,0,0,0,0,0,2010-04-06T22:15:01.439998Z,-999.0,-999.0
5,-999.0,-999,-1,-1,118,15.0,1.0,-999.0,2.0,26.97,65.52,7.8,2,2,2,2,0,0,0,0,2013-09-24T11:29:45.600004Z,0.5566379070424795,-999.0
6,-999.0,-999,-1,-1,137,10.0,1.4000000000000004,-999.0,3.0,33.83,59.81,7.2,1,1,1,1,0,0,0,0,1997-05-10T07:57:30.240003Z,inf,-999.0
7,-999.0,-999,-1,-1,173,30.0,-999.0,-999.0,0.0,1.27,122.09,7.3,0,1,1,0,0,0,0,0,2008-11-16T17:02:32.640002Z,-999.0,-999.0
8,-999.0,-999,-1,-1,178,24.0,2.0999999999999996,-999.0,0.0,-4.95,94.33,7.8,1,1,0,0,0,0,0,0,2016-03-02T12:49:49.440001Z,inf,-999.0
9,-999.0,-999,1,1,193,33.0,1.6000000000000005,-999.0,3.0,-14.99,-75.68,7.7,3,3,3,3,0,0,0,0,1996-11-12T16:59:39.840004Z,1.3301409950001701,-999.0
10,-999.0,-999,-1,-1,201,10.0,2.2,-999.0,0.0,-13.8,97.45,7.9,1,1,0,0,0,0,0,0,2000-06-18T14:44:09.600005Z,inf,-999.0
11,-999.0,-999,-1,-1,263,17.0,1.7999999999999998,-999.0,3.0,40.75,29.86,7.6,1,2,2,1,0,0,0,0,1999-08-17T00:01:35.039999Z,inf,-999.0
12,-999.0,-999,1,1,281,26.0,1.2999999999999998,-999.0,1.0,51.48,-176.85,7.2,4,4,4,4,0,0,0,0,1996-06-10T15:24:54.719996Z,3.4435261708220892,-999.0
13,-999.0,-999,-1,-1,332,10.0,1.5999999999999996,-999.0,2.0,55.39,-134.65,7.5,2,2,2,2,0,0,0,0,2013-01-05T08:58:16.319995Z,0.11911710402546116,-999.0
14,-999.0,-999,-1,-1,344,41.7,-999.0,-999.0,2.0,-37.77,-75.05,7.4,0,1,1,0,0,0,0,0,2010-02-27T08:01:23.519999Z,-999.0,-999.0
15,-999.0,-999,-1,-1,461,28.0,1.7000000000000002,-999.0,0.0,-45.1,167.14,7.2,1,1,1,1,0,0,0,0,2003-08-21T12:12:48.960001Z,inf,-999.0
16,-999.0,-999,-1,-1,475,33.0,-999.0,-999.0,3.0,-12.58,166.68,7.7,0,1,0,0,0,0,0,0,1997-04-21T12:02:26.880002Z,-999.0,-999.0
17,-999.0,-999,1,-1,476,24.0,0.7999999999999998,-999.0,3.0,17.4,-100.96,7.3,2,2,2,2,0,1,1,0,2014-04-18T14:27:27.359998Z,1.2436264146119391,-999.0
18,-999.0,-999,1,1,490,10.0,1.5999999999999996,1.0999999999999996,2.0,-1.76,134.3,7.5,2,3,3,2,3,3,3,3,2002-10-10T10:50:18.240003Z,17.31601730512649,9.655616349216123
19,-999.0,-999,-1,-1,496,19.0,1.9000000000000004,-999.0,1.0,34.91,45.96,7.4,1,1,1,1,0,0,0,0,2017-11-12T18:18:17.279997Z,inf,-999.0
20,-999.0,-999,-1,-1,571,22.0,1.5999999999999996,-999.0,3.0,60.95,167.09,7.6,2,2,1,1,0,0,0,0,2006-04-20T23:25:00.479996Z,2.384642899828508,-999.0
21,-999.0,-999,1,-1,574,26.0,1.7999999999999998,-999.0,0.0,-1.11,123.57,7.5,2,3,3,2,0,0,0,0,2000-05-04T04:21:12.960000Z,0.21681391945610248,-999.0
22,-999.0,-999,1,-1,644,24.0,1.5999999999999996,-999.0,0.0,18.77,-104.1,7.5,2,2,1,1,0,1,1,0,2003-01-22T02:06:34.560004Z,84.74576244900189,-999.0
23,-999.0,-999,1,1,657,33.0,0.6000000000000005,-999.0,3.0,6.9,126.58,7.4,4,4,4,4,0,1,1,0,2001-01-01T06:57:01.440002Z,0.06893188323627657,-999.0
24,-999.0,-999,1,1,737,39.0,1.2000000000000002,-999.0,0.0,-10.47,112.98,7.8,5,5,1,1,0,0,0,0,1994-06-02T18:17:34.080000Z,1.968736464964093,-999.0
25,-999.0,-999,-1,-1,772,61.0,1.7999999999999998,-999.0,0.0,12.96,144.78,7.7,2,2,1,1,0,0,0,0,1993-08-08T08:34:22.079997Z,0.3436544211177132,-999.0
26,-999.0,-999,2,1,782,52.0,1.5,-999.0,2.0,52.07,-171.84,7.3,3,7,7,3,0,0,0,0,2011-06-24T03:09:38.880002Z,9.67741935672849,-999.0
27,-999.0,-999,-1,-1,857,4.7,1.5999999999999996,-999.0,3.0,14.1,92.89,7.5,1,2,1,1,0,0,0,0,2009-08-10T19:55:37.920003Z,inf,-999.0
28,-999.0,-999,1,-1,861,10.0,0.8000000000000007,-999.0,0.0,-49.27,164.12,7.4,2,3,3,2,0,0,0,0,2007-09-30T05:23:34.080002Z,0.17736943392532856,-999.0
29,-999.0,-999,1,1,869,10.0,1.5999999999999996,1.8999999999999995,3.0,11.76,-87.42,7.6,4,4,3,3,2,3,1,1,1992-09-02T00:15:59.040000Z,0.20319421302914362,2.0650490447539687
30,-999.0,-999,-1,-1,871,38.0,1.8999999999999995,-999.0,0.0,3.75,96.02,7.3,1,2,2,1,0,0,0,0,2010-05-09T05:59:42.719999Z,inf,-999.0
31,-999.0,-999,2,2,914,10.0,0.8000000000000007,0.20000000000000018,2.0,33.18,137.07,7.4,6,6,6,6,1,1,1,1,2004-09-05T14:57:15.839997Z,1.4175683976790556,inf
32,-999.0,-999,1,1,944,33.0,2.0999999999999996,-999.0,3.0,51.15,178.65,7.8,4,5,0,0,0,3,2,0,2003-11-17T06:43:03.359997Z,0.1927692263206219,-999.0
33,-999.0,-999,1,1,949,10.0,-999.0,2.3,0.0,-60.27,-46.4,7.8,0,0,0,0,3,3,0,0,2013-11-17T09:04:53.760004Z,-999.0,11.219147349201636
34,-999.0,-999,1,1,976,35.0,1.1999999999999993,-999.0,2.0,10.1,-85.31,7.6,3,3,2,2,0,0,0,0,2012-09-05T14:42:08.639999Z,0.06640429591532872,-999.0
35,-999.0,-999,-1,-1,987,33.0,-999.0,-999.0,3.0,-9.62,-79.57,7.5,0,1,0,0,0,0,0,0,1996-02-21T12:51:07.200000Z,-999.0,-999.0
36,-999.0,-999,1,1,1000,21.0,0.8999999999999995,-999.0,3.0,0.35,-79.93,7.8,6,12,6,4,0,0,0,0,2016-04-16T23:58:33.600006Z,0.2085730474960696,-999.0
37,-999.0,-999,1,-1,1003,35.0,2.3,-999.0,2.0,-8.51,121.89,7.7,2,3,0,0,0,0,0,0,1992-12-12T05:29:28.320003Z,0.40945010850509067,-999.0
38,-999.0,-999,1,1,1011,33.0,0.9000000000000004,0.5999999999999996,3.0,1.17,122.76,7.5,4,5,2,1,1,1,1,1,1991-06-20T05:18:48.960003Z,0.08203512744139091,inf
39,-999.0,-999,1,1,1013,33.0,1.8999999999999995,-999.0,3.0,54.84,162.04,7.8,3,3,1,1,0,0,0,0,1997-12-05T11:26:52.800006Z,9.655616349216123,-999.0
40,-999.0,-999,-1,-1,1046,40.0,-999.0,-999.0,1.0,12.53,-88.12,7.3,0,1,1,0,0,0,0,0,2014-10-14T03:51:33.119996Z,-999.0,-999.0
41,-999.0,-999,-1,-1,1073,21.0,-999.0,-999.0,2.0,16.84,-98.6,7.3,0,0,0,0,0,2,2,0,1995-09-14T14:04:33.599998Z,-999.0,-999.0
42,-999.0,-999,3,-1,1075,33.0,1.9000000000000004,0.10000000000000053,1.0,7.17,126.86,7.2,1,5,5,1,1,1,1,1,1992-05-17T10:15:27.360004Z,inf,inf
43,-999.0,-999,1,1,1083,47.0,1.7000000000000002,-999.0,0.0,-23.36,-70.31,8.0,8,13,3,3,0,0,0,0,1995-07-30T05:11:19.680002Z,0.8447551266093195,-999.0
44,-999.0,-999,1,-1,1123,10.0,-999.0,-999.0,1.0,28.82,34.86,7.2,0,1,1,0,0,2,2,0,1995-11-22T04:15:10.080003Z,-999.0,-999.0
45,-999.0,-999,-1,-1,1126,17.0,2.4000000000000004,-999.0,2.0,42.84,139.25,7.7,1,1,0,0,0,0,0,0,1993-07-12T13:17:11.039999Z,inf,-999.0
46,-999.0,-999,1,1,1129,33.0,1.799999999999999,-999.0,3.0,-0.95,137.03,8.2,7,8,2,2,0,0,0,0,1996-02-17T05:59:25.439998Z,0.35830368796783707,-999.0
47,-999.0,-999,-1,-1,1134,33.0,2.4000000000000004,-999.0,1.0,-2.07,124.89,7.7,1,1,0,0,0,1,0,0,1998-11-29T14:10:27.840000Z,inf,-999.0
48,-999.0,-999,1,1,1140,31.0,1.2999999999999998,-999.0,2.0,-15.19,-173.59,7.3,5,15,15,5,0,16,16,0,1995-04-07T22:06:57.600005Z,0.170414652933652,-999.0
49,-999.0,-999,-1,-1,1155,33.0,1.7000000000000002,-999.0,2.0,-9.05,158.49,7.2,2,2,2,2,0,0,0,0,1991-10-14T15:58:10.560005Z,0.06965316207951315,-999.0
50,-999.0,-999,-1,-1,1220,25.1,2.8999999999999995,-999.0,3.0,0.8,92.46,8.2,1,1,0,0,0,0,0,0,2012-04-11T10:43:14.879997Z,inf,-999.0
51,-999.0,-999,1,-1,1224,20.0,2.6999999999999993,-999.0,1.0,2.33,93.06,8.6,2,2,0,0,0,1,1,0,2012-04-11T08:38:32.640004Z,0.23753251226320973,-999.0
52,-999.0,-999,5,5,1225,10.0,0.20000000000000018,0.5999999999999996,3.0,-22.01,169.77,7.3,17,23,23,17,7,8,8,7,2003-12-27T16:01:03.360003Z,1.0775179058121311,4.834921950272585
53,-999.0,-999,-1,-1,1241,10.0,2.8,-999.0,1.0,-49.31,161.35,8.1,1,1,0,0,0,0,0,0,2004-12-23T14:59:08.159997Z,inf,-999.0
54,-999.0,-999,-1,-1,1252,39.2,1.9000000000000004,-999.0,3.0,6.91,92.96,7.2,1,1,1,1,0,0,0,0,2004-12-26T04:21:30.240001Z,inf,-999.0
55,-999.0,-999,1,1,1317,19.0,1.8000000000000007,-999.0,2.0,31.0,103.32,7.9,5,5,1,1,0,0,0,0,2008-05-12T06:28:04.800005Z,1.3297165043934325,-999.0
56,-999.0,-999,1,1,1318,39.0,2.0999999999999996,-999.0,3.0,-13.39,-76.6,8.0,5,7,1,0,0,2,2,0,2007-08-15T23:40:59.519996Z,0.9497397713035703,-999.0
57,-999.0,-999,1,1,1326,11.0,2.2,1.5,3.0,54.47,168.82,7.8,1,1,0,0,2,4,2,1,2017-07-17T23:34:13.440002Z,inf,161.29032249100172
58,-999.0,-999,1,-1,1336,36.0,-999.0,-999.0,3.0,38.28,142.04,7.2,0,3,3,0,0,1,1,0,2005-08-16T02:46:27.840002Z,-999.0,-999.0
59,-999.0,-999,-1,-1,1350,36.0,-999.0,-999.0,3.0,46.86,155.15,7.4,0,0,0,0,0,2,1,0,2009-01-15T17:49:37.920001Z,-999.0,-999.0
60,-999.0,-999,1,1,1440,60.0,1.9000000000000004,-999.0,1.0,13.05,-88.66,7.7,10,13,4,2,0,0,0,0,2001-01-13T17:33:30.240005Z,0.3020390657330949,-999.0
61,-999.0,-999,1,1,1442,16.0,1.8999999999999995,-999.0,3.0,23.42,70.23,7.6,3,3,1,1,0,0,0,0,2001-01-26T03:16:42.239997Z,0.13448693235289336,-999.0
62,-999.0,-999,-1,-1,1456,10.0,-999.0,-999.0,0.0,35.95,90.54,7.8,0,0,0,0,0,1,0,0,2001-11-14T09:26:12.480004Z,-999.0,-999.0
63,-999.0,-999,-1,-1,1494,33.0,-999.0,-999.0,2.0,-10.49,160.77,7.3,0,1,1,0,0,0,0,0,2003-01-20T08:43:09.119997Z,-999.0,-999.0
64,-999.0,-999,-1,-1,1536,31.0,1.7000000000000002,-999.0,1.0,6.03,124.25,7.5,2,2,1,1,0,0,0,0,2002-03-05T21:16:07.679996Z,71.17437723457864,-999.0
65,-999.0,-999,1,1,1553,15.0,0.6000000000000005,1.7999999999999998,3.0,40.37,-124.32,7.2,3,3,3,3,1,2,2,1,1992-04-25T18:06:02.879997Z,0.07391565730721403,inf
66,-999.0,-999,-1,-1,1576,21.0,2.0,-999.0,2.0,4.56,-77.49,7.2,1,1,1,1,0,0,0,0,1991-11-19T22:28:50.879997Z,inf,-999.0
67,-999.0,-999,1,1,1613,14.0,1.3999999999999995,-999.0,0.0,52.79,-132.1,7.8,10,10,3,3,0,0,0,0,2012-10-28T03:04:10.559997Z,0.6486051745724667,-999.0
68,-999.0,-999,2,2,1625,36.1,1.0,1.6000000000000005,3.0,37.89,144.09,7.2,3,3,3,3,1,13,13,1,2012-12-07T08:18:23.039997Z,1.712231037000673,inf
69,-999.0,-999,1,1,1630,24.0,1.0,-999.0,3.0,13.96,-91.85,7.4,8,8,4,4,0,4,3,0,2012-11-07T16:35:45.599996Z,0.22085354373347996,-999.0
70,-999.0,-999,1,1,1643,17.0,1.5999999999999996,-999.0,3.0,-29.54,-176.34,7.6,22,31,9,7,0,1,0,0,2011-07-06T19:03:21.600010Z,0.4761162762518748,-999.0
71,-999.0,-999,-1,-1,1644,33.0,2.1000000000000005,-999.0,3.0,-28.99,-176.24,7.4,2,2,0,0,0,0,0,0,2011-10-21T17:57:15.839997Z,0.32996221932898995,-999.0
72,-999.0,-999,1,1,1646,28.0,1.8999999999999995,-999.0,1.0,12.14,-88.59,7.3,3,3,2,2,0,0,0,0,2012-08-27T04:37:20.639996Z,0.30853087879993896,-999.0
73,-999.0,-999,1,1,1656,28.0,2.0,-999.0,0.0,10.81,126.64,7.6,11,13,1,1,0,0,0,0,2012-08-31T12:47:31.199995Z,0.1925480407363721,-999.0
74,-999.0,-999,1,-1,1659,16.4,1.7999999999999998,-999.0,3.0,-22.48,173.12,7.2,2,3,3,2,0,2,2,0,2016-08-12T01:26:32.640000Z,1.8871485185058259,-999.0
75,-999.0,-999,1,1,1660,15.2,1.3999999999999995,-999.0,2.0,-42.74,173.05,7.8,4,4,1,1,0,0,0,0,2016-11-13T11:02:58.559998Z,0.48264877648304105,-999.0
76,-999.0,-999,1,1,1722,10.0,1.4000000000000004,-999.0,3.0,-55.28,-31.88,7.5,8,8,3,3,0,0,0,0,2016-08-19T07:32:26.880002Z,0.23243786645246028,-999.0
77,-999.0,-999,-1,-1,1728,15.0,1.2000000000000002,-999.0,0.0,28.15,84.71,7.9,2,2,1,1,0,0,0,0,2015-04-25T06:11:22.559997Z,2.9065542802725406,-999.0
78,-999.0,-999,1,1,1729,15.0,1.1000000000000005,0.5,3.0,27.81,86.07,7.2,2,2,2,2,2,2,2,2,2015-05-12T07:05:22.559995Z,0.4802151363778987,5.170630815692294
79,-999.0,-999,1,1,1741,20.0,2.3,1.5,3.0,-0.25,119.84,7.6,1,1,0,0,2,2,1,1,2018-09-28T10:02:47.039998Z,inf,33.89830507992996
80,-999.0,-999,2,2,1743,22.6,0.1999999999999993,-999.0,0.0,-11.27,162.15,7.6,11,15,6,5,0,0,0,0,2014-04-12T20:14:38.399996Z,11.898323418519292,-999.0
81,-999.0,-999,1,1,1768,16.6,1.1000000000000005,-999.0,2.0,55.1,164.7,7.2,3,4,4,3,0,2,2,0,2018-12-20T17:01:58.080001Z,1.0849517196182914,-999.0
82,-999.0,-999,-1,-1,1776,14.1,2.6000000000000005,-999.0,1.0,56.0,-149.17,7.9,1,2,0,0,0,0,0,0,2018-01-23T09:31:40.800000Z,inf,-999.0
83,-999.0,-999,1,1,1793,47.4,2.3999999999999995,-999.0,0.0,15.02,-93.9,8.2,9,10,0,0,0,0,0,0,2017-09-08T04:49:17.760005Z,0.19793139697761372,-999.0
84,-999.0,-999,1,1,1812,25.2,0.7999999999999998,-999.0,3.0,-6.07,142.75,7.5,11,11,6,6,0,0,0,0,2018-02-25T17:44:44.159997Z,0.27867432092149524,-999.0
85,0.6996492635769496,-999,1,1,1818,24.0,0.8000000000000007,1.5,3.0,-10.8,165.11,7.9,41,50,16,13,13,21,7,5,2013-02-06T01:12:25.920000Z,0.9897835029654525,2.2349826359411384
86,-999.0,-999,1,1,1830,22.0,1.2000000000000002,-999.0,3.0,16.42,-97.96,7.2,3,3,3,3,0,2,2,0,2018-02-16T23:39:41.759997Z,1.3250883392422381,-999.0
87,-999.0,-999,2,2,1893,25.0,0.39999999999999947,1.3999999999999995,3.0,-19.61,-70.77,8.1,23,32,6,6,14,19,4,4,2014-04-01T23:46:45.120003Z,0.5067854160387987,1.7232678081231594
88,-999.0,-999,1,1,1898,10.0,0.7999999999999998,0.7999999999999998,1.0,-21.95,169.43,7.5,7,12,7,3,8,17,10,5,2018-12-05T04:18:11.519997Z,0.1496135695232223,7.706386667912348
89,-999.0,-999,1,1,1906,22.4,1.200000000000001,2.8000000000000007,3.0,-31.57,-71.67,8.3,13,17,3,3,1,1,0,0,2015-09-16T22:54:28.799999Z,0.5166048727748382,inf
90,-999.0,-999,1,1,1932,46.0,0.7999999999999998,-999.0,0.0,-30.64,-178.1,7.3,5,7,5,3,0,18,12,0,2019-06-15T22:55:03.360001Z,0.24540118185220622,-999.0
91,-999.0,-999,5,2,1942,43.4,1.2999999999999998,0.40000000000000036,3.0,-6.76,155.02,7.5,17,27,11,7,11,29,18,9,2014-04-19T13:27:59.040004Z,0.31526260447764004,0.23292352908784122
92,-999.0,-999,1,1,1951,40.0,0.8999999999999995,-999.0,2.0,-10.68,161.32,7.8,26,30,11,10,0,0,0,0,2016-12-08T17:38:49.919995Z,0.6183497671686613,-999.0
93,-999.0,-999,-1,-1,1953,19.4,1.9000000000000004,-999.0,3.0,-0.59,128.03,7.2,1,2,2,1,0,0,0,0,2019-07-14T09:10:47.999995Z,inf,-999.0
94,-999.0,-999,1,1,1960,41.0,1.5,-999.0,0.0,-4.73,152.56,7.5,3,3,3,3,0,1,0,0,2015-03-29T23:48:28.800007Z,0.056284544639316016,-999.0
95,-999.0,-999,1,1,1961,55.0,1.5,0.7999999999999998,2.0,-5.46,151.88,7.5,8,11,3,3,7,12,5,4,2015-05-05T01:44:06.720000Z,0.14335042189824682,1.7986997969870064
96,-999.0,-999,1,1,1983,16.0,0.7000000000000002,-999.0,0.0,50.04,87.81,7.3,3,3,2,2,0,0,0,0,2003-09-27T11:33:21.599999Z,0.059666108457190475,-999.0
97,-999.0,-999,1,1,1997,33.0,1.9000000000000004,-999.0,2.0,0.72,119.98,7.9,5,14,4,1,0,0,0,0,1996-01-01T08:05:08.160000Z,0.13741662246437886,-999.0
98,-999.0,-999,1,1,2008,27.0,1.0000000000000009,-999.0,1.0,41.81,143.91,8.3,18,24,3,3,0,3,0,0,2003-09-25T19:50:09.599997Z,0.9653182600713607,-999.0
99,-999.0,-999,1,1,2022,30.0,0.9000000000000004,-999.0,0.0,2.82,96.08,7.2,3,3,3,3,0,0,0,0,2002-11-02T01:26:06.720004Z,0.1080532053982236,-999.0
100,-999.0,-999,-1,-1,2025,10.0,-999.0,-999.0,2.0,-2.6,68.38,7.5,0,0,0,0,0,1,0,0,2003-07-15T20:27:53.280004Z,-999.0,-999.0
101,-999.0,-999,-1,-1,2037,10.0,2.3,-999.0,0.0,-60.53,-43.41,7.6,2,2,0,0,0,0,0,0,2003-08-04T04:37:20.639996Z,0.2083463549816435,-999.0
102,-999.0,-999,1,1,2060,10.0,3.2,-999.0,1.0,3.3,95.78,9.0,6,19,1,0,0,0,0,0,2004-12-26T00:58:53.760002Z,0.9898539965432674,-999.0
103,-999.0,-999,1,1,2081,22.1,1.6000000000000005,1.3000000000000007,3.0,44.62,149.32,7.9,9,14,5,5,6,10,6,4,1995-12-03T18:01:09.120003Z,0.16104702036161284,0.6815625958515322
104,-999.0,-999,5,0,2089,10.0,0.5999999999999996,0.2999999999999998,0.0,-4.0,135.02,7.3,6,15,13,5,2,4,4,2,2004-02-07T02:42:34.559996Z,2.06753962784154,149.25373073747787
105,-999.0,-999,1,1,2096,16.0,1.6000000000000005,-999.0,0.0,7.92,92.19,7.2,3,5,5,3,0,3,3,0,2005-07-24T15:42:02.879999Z,0.05944961546002085,-999.0
106,-999.0,-999,1,1,2100,10.0,2.0999999999999996,1.9000000000000004,1.0,-8.15,124.87,7.5,6,7,1,0,1,1,1,1,2004-11-11T21:26:38.400001Z,0.19278223318991883,inf
107,-999.0,-999,1,1,2121,16.0,1.2999999999999998,2.1000000000000005,3.0,-5.81,154.21,7.7,7,24,14,4,1,15,9,0,1995-08-16T10:27:24.480003Z,0.11893919828177509,inf
108,-999.0,-999,1,1,2130,33.0,2.1000000000000005,1.4000000000000004,3.0,51.56,-177.63,7.9,4,15,3,0,4,13,5,1,1996-06-10T04:03:38.880000Z,0.7812652590974091,0.08203916549762078
109,-999.0,-999,1,1,2176,33.0,1.0999999999999996,-999.0,0.0,23.77,120.98,7.6,9,13,6,4,0,1,1,0,1999-09-20T17:47:19.680004Z,0.3242098286010728,-999.0
110,-999.0,-999,1,1,2227,13.0,1.5,2.1999999999999993,0.0,-3.3,142.95,7.6,5,6,3,3,1,4,2,0,2002-09-08T18:44:21.119996Z,0.15267268807752873,inf
111,-999.0,-999,1,1,2236,33.0,1.0999999999999996,2.5,3.0,-5.5,151.78,7.8,4,5,4,4,1,9,3,0,2000-11-17T21:01:52.320000Z,1.1616425625478646,inf
112,-999.0,-999,-1,-1,2256,33.0,2.2,-999.0,1.0,22.31,125.31,7.4,1,1,0,0,0,0,0,0,1998-05-03T23:30:20.159996Z,inf,-999.0
113,-999.0,-999,1,1,2258,33.0,1.2000000000000002,-999.0,3.0,-4.72,102.09,7.9,17,29,5,3,0,2,0,0,2000-06-04T16:28:24.960001Z,0.3442215328785701,-999.0
114,-999.0,-999,1,1,2267,33.0,2.1999999999999993,2.3,3.0,-17.54,-72.08,7.6,1,2,0,0,2,3,1,0,2001-07-07T09:38:44.160005Z,inf,0.548606539382858
115,-999.0,-999,1,-1,2268,33.0,1.9000000000000004,-999.0,3.0,-16.26,-73.64,8.4,2,5,1,1,0,0,0,0,2001-06-23T20:33:12.960004Z,0.9809210848779298,-999.0
116,-999.0,-999,1,1,2277,21.0,0.6000000000000005,1.1000000000000005,3.0,-17.6,167.86,7.2,12,31,31,12,1,7,7,1,2002-01-02T17:22:50.880005Z,0.2732962257793921,inf
117,0.9465392554301657,-999,1,1,2284,30.0,1.2000000000000002,-999.0,3.0,-5.23,153.1,7.8,34,48,14,10,0,11,4,0,2000-11-16T07:42:14.400000Z,0.8022822570577776,-999.0
118,-999.0,-999,1,-1,2296,6.0,1.7999999999999998,-999.0,0.0,32.3,-115.27,7.2,1,1,1,1,0,2,2,0,2010-04-04T22:40:39.360000Z,inf,-999.0
119,-999.0,-999,1,1,2301,12.0,1.7000000000000002,-999.0,0.0,-45.76,166.56,7.8,3,3,1,1,0,0,0,0,2009-07-15T09:22:27.840004Z,0.15725001179347914,-999.0
120,-999.0,-999,2,2,2308,45.0,0.1999999999999993,-999.0,3.0,-13.01,166.51,7.6,7,9,7,6,0,0,0,0,2009-10-07T22:03:12.960004Z,0.7301782678096471,-999.0
121,-999.0,-999,1,1,2317,18.0,2.0999999999999996,-999.0,3.0,-15.49,-172.1,8.1,3,3,0,0,0,1,0,0,2009-09-29T17:48:11.519997Z,0.08906940287869453,-999.0
122,-999.0,-999,1,1,2321,34.0,0.7999999999999998,0.5,1.0,14.73,-92.68,7.2,6,7,7,6,5,8,8,5,1993-09-10T19:12:51.839996Z,0.19942167713669362,0.6531934628336886
123,-999.0,-999,2,2,2362,17.0,0.2999999999999998,-999.0,0.0,-0.41,132.88,7.7,12,17,6,4,0,0,0,0,2009-01-03T19:43:49.439999Z,0.24677952717008847,-999.0
124,-999.0,-999,1,1,2372,14.0,1.0,-999.0,3.0,26.9,143.7,7.4,7,7,5,5,0,0,0,0,2010-12-21T17:19:40.800006Z,0.334317181037928,-999.0
125,-999.0,-999,-1,-1,2376,20.1,2.5999999999999996,-999.0,0.0,-3.49,100.08,7.8,1,1,0,0,0,0,0,0,2010-10-25T14:42:25.920000Z,inf,-999.0
126,-999.0,-999,1,1,2381,16.0,0.7999999999999998,1.7999999999999998,1.0,-19.7,167.94,7.3,16,21,16,12,1,1,1,1,2010-12-25T13:16:36.479997Z,1.0788941335077287,inf
127,-999.0,-999,1,-1,2389,50.0,1.2000000000000002,-999.0,0.0,-6.06,147.59,7.2,2,3,3,2,0,2,2,0,1992-05-15T07:05:05.280004Z,0.08412197686637397,-999.0
128,-999.0,-999,1,1,2391,26.0,1.7999999999999998,0.8999999999999995,0.0,45.47,151.05,7.6,4,6,1,1,11,11,8,8,1991-12-22T08:43:09.119997Z,0.09045762512536783,0.8554452981662914
129,-999.0,-999,1,1,2409,20.0,1.4000000000000004,-999.0,0.0,16.5,-98.22,7.5,3,7,2,1,0,1,0,0,2012-03-20T18:02:44.160003Z,0.2610852443306239,-999.0
130,-999.0,-999,1,1,2413,31.0,0.9000000000000004,-999.0,3.0,-13.7,166.64,7.2,5,9,9,5,0,11,11,0,2010-05-27T17:14:47.040002Z,0.1412984194358668,-999.0
131,-999.0,-999,1,1,2416,35.0,1.0,-999.0,3.0,-12.52,166.38,7.8,13,17,3,3,0,1,1,0,2009-10-07T22:18:54.720004Z,0.2776365865221625,-999.0
132,-999.0,-999,1,1,2419,44.8,2.200000000000001,-999.0,1.0,-35.85,-72.71,8.8,18,31,0,0,0,1,0,0,2010-02-27T06:34:16.319997Z,0.5522980200102788,-999.0
133,0.9367135884187797,-999,1,1,2434,24.4,2.0,1.7999999999999998,2.0,38.32,142.37,9.1,66,110,1,1,11,19,1,1,2011-03-11T05:46:19.199996Z,1.3431970124067922,0.3938530283715535
134,-999.0,-999,3,3,2446,35.0,0.39999999999999947,0.39999999999999947,2.0,-5.93,150.59,7.3,9,21,17,7,2,2,2,2,2010-07-18T13:35:02.399999Z,0.34199856360695996,0.08225815075432005
135,-999.0,-999,1,1,2448,5.0,0.7999999999999998,-999.0,0.0,34.18,-116.51,7.3,4,6,4,4,0,1,1,0,1992-06-28T11:57:33.119998Z,0.38301702510289265,-999.0
136,-999.0,-999,1,1,2450,35.0,2.0,2.3,2.0,7.88,91.94,7.5,4,4,1,1,1,2,1,0,2010-06-12T19:26:49.920001Z,0.33212384898222774,inf
137,-999.0,-999,1,1,2454,25.0,1.3999999999999995,-999.0,0.0,-17.54,168.07,7.3,6,8,6,4,0,14,13,0,2010-08-10T05:23:42.719997Z,1.0122994381786472,-999.0
138,-999.0,-999,1,1,2459,33.0,1.2999999999999998,-999.0,1.0,-23.01,169.89,7.7,4,5,3,2,0,0,0,0,1995-05-16T20:12:46.079996Z,0.10011312783458175,-999.0
139,-999.0,-999,1,1,2487,10.0,1.8999999999999995,2.8,3.0,-8.46,157.04,8.1,9,9,2,2,1,1,0,0,2007-04-01T20:39:59.039998Z,0.337657855047362,inf
140,-999.0,-999,1,1,2494,10.0,2.8999999999999995,1.3999999999999995,2.0,46.24,154.52,8.1,1,2,1,0,5,5,2,2,2007-01-13T04:23:22.560001Z,inf,0.22409264886430513
141,-999.0,-999,1,1,2498,22.0,1.2999999999999998,-999.0,0.0,1.07,126.28,7.5,17,20,10,8,0,2,1,0,2007-01-21T11:27:44.639999Z,0.30905382263239417,-999.0
142,-999.0,-999,1,1,2521,30.0,1.6999999999999993,-999.0,1.0,2.09,97.11,8.6,8,20,2,1,0,1,0,0,2005-03-28T16:09:33.120002Z,0.1599075734228255,-999.0
143,-999.0,-999,1,1,2527,26.0,1.1999999999999993,-999.0,3.0,34.54,73.59,7.6,14,16,5,5,0,2,0,0,2005-10-08T03:50:41.280004Z,0.3188877196336964,-999.0
144,-999.0,-999,1,1,2544,55.0,2.0999999999999996,-999.0,3.0,-20.19,-174.12,8.0,8,9,0,0,0,7,1,0,2006-05-03T15:26:38.400001Z,0.26517813341039526,-999.0
145,-999.0,-999,1,1,2546,34.0,1.7000000000000002,-999.0,2.0,-9.25,107.41,7.7,6,6,3,3,0,0,0,0,2006-07-17T08:19:32.160000Z,3.116883116996214,-999.0
146,-999.0,-999,1,1,2575,29.4,0.9000000000000004,-999.0,3.0,51.36,-179.52,7.2,3,4,4,3,0,12,12,0,2007-12-19T09:30:23.040001Z,0.16022131904877956,-999.0
147,-999.0,-999,1,1,2585,33.0,0.6000000000000005,1.9000000000000004,3.0,-16.62,167.51,7.2,10,10,10,10,1,4,4,1,1994-07-13T02:35:57.119997Z,0.6091506612358489,inf
148,-999.0,-999,1,1,2591,33.0,0.8999999999999995,1.0,3.0,-20.07,168.89,7.3,15,16,14,13,3,7,7,3,2008-04-09T12:46:13.439996Z,0.2813124161919299,1.973424549516006
149,-999.0,-999,1,1,2599,33.0,1.2999999999999998,-999.0,0.0,40.45,143.49,7.7,5,9,3,2,0,1,1,0,1994-12-28T12:19:26.400000Z,0.21416578144881757,-999.0
150,-999.0,-999,1,1,2605,38.9,2.700000000000001,1.700000000000001,0.0,46.57,153.29,8.3,3,13,1,0,9,9,2,2,2006-11-15T11:14:21.119996Z,0.1424474368960664,0.5133587350844422
151,-999.0,-999,1,1,2635,35.0,0.9000000000000004,1.2000000000000002,1.0,-11.61,165.76,7.2,6,16,16,6,1,5,5,1,2007-09-02T01:05:13.920000Z,0.26799233541908213,inf
152,-999.0,-999,1,1,2640,33.0,1.0000000000000009,-999.0,3.0,43.71,147.33,8.3,16,35,2,1,0,2,0,0,1994-10-04T13:22:56.639995Z,0.3360836176034537,-999.0
153,-999.0,-999,1,1,2641,35.0,1.9000000000000004,-999.0,3.0,-2.62,100.84,7.9,8,16,4,2,0,0,0,0,2007-09-12T23:49:03.359999Z,0.16670174349211078,-999.0
154,-999.0,-999,4,1,2643,25.0,0.5,0.7000000000000002,3.0,-2.49,99.97,7.2,4,10,10,4,5,30,30,5,2008-02-25T08:36:31.679998Z,0.4257130693882344,1.0191394386776143
155,-999.0,-999,1,1,2644,34.0,1.7000000000000002,-999.0,0.0,-4.44,101.37,8.5,10,23,3,1,0,0,0,0,2007-09-12T11:10:27.840000Z,0.24041408922713758,-999.0
