,Unnamed: 0,b_a,b_f,cid,depth0,dm_a,dm_f,dm_a_all,dm_f_all,lat0,lon0,m0,na,nf,na_all,nf_all,ot0,rate_a,rate_f,c_type,c_type60,nf_all_apr,na_all_apr,nf_apr,na_apr,MmaxFS,dtmaxFS,MmaxFS60,dtmaxFS60,MmaxAS,dtmaxAS,RmaxFS,RmaxAS,Rpred,InterIntra,fstyle
0,0,-999,-999,8,33,1.7,1.7,1.7,1.7,-28.427,-177.657,8.0,40,1,41,1,1976-01-14T16:47:32.000003,-999,-999,1,1,1,4,1,4,6.3,-351495.999999,6.3,-351495.999999,6.3,21369.999994,89.69128616638041,231.35859240661264,537.7249613305888,1.0,3.0
1,1,-999,-999,10,41,1.2,-999.0,1.2,-999.0,44.915,149.123,7.0,34,0,34,0,1976-01-21T10:05:23.000003,-999,-999,1,1,0,34,0,34,0.0,0.0,0.0,0.0,5.8,827.999995,0.0,100.64695630120592,114.66193259390072,-1.0,3.0
2,2,-999,-999,20,5,1.9,-999.0,1.9,-999.0,15.324,-89.101,7.5,4,0,4,0,1976-02-04T09:01:42.000002,-999,-999,1,1,0,1,0,1,0.0,0.0,0.0,0.0,5.6,342722.999994,0.0,216.98709166233414,248.30743700128235,1.0,1.0
3,3,-999,-999,40,33,0.8,-999.0,0.8,-999.0,40.311,63.773,7.0,4,0,4,0,1976-04-08T02:40:24.999998,-999,-999,1,1,0,4,0,4,0.0,0.0,0.0,0.0,6.2,1119.000004,0.0,27.716332739789525,114.66193259390072,-1.0,2.0
4,4,-999,-999,56,10,2.0,-999.0,2.0,-999.0,40.381,63.472,7.0,1,0,1,0,1976-05-17T02:58:39.000002,-999,-999,-1,-1,0,1,0,1,0.0,0.0,0.0,0.0,5.0,219364.999998,0.0,19.269971135288632,114.66193259390072,-1.0,2.0
5,5,-999,-999,59,10,0.8,0.1,0.8,0.1,24.531,98.71,7.0,4,1,4,1,1976-05-29T14:00:16.999999,-999,-999,2,2,1,4,1,4,6.9,-20196.999999,6.9,-20196.999999,6.2,-5819.999999,24.965086945369947,22.73484678218591,114.66193259390072,-1.0,2.0
6,6,-999,-999,69,33,1.2,-999.0,1.2,-999.0,3.397,96.318,7.0,14,0,16,0,1976-06-20T20:53:12.000001,-999,-999,1,1,0,16,0,14,0.0,0.0,0.0,0.0,5.8,37461.0,0.0,65.32690145049465,114.66193259390072,-1.0,3.0
7,7,-999,-999,70,33,1.2,-999.0,1.2,-999.0,-4.603,140.091,7.1,11,0,11,0,1976-06-25T19:18:55.000002,-999,-999,1,1,0,10,0,10,0.0,0.0,0.0,0.0,5.9,172413.0,0.0,47.85803213118175,133.82379803431266,-1.0,0.0
8,8,-999,-999,72,3,1.4,0.3,1.4,0.3,7.409,-78.127,7.0,15,2,15,2,1976-07-11T20:41:45.999998,-999,-999,2,2,2,15,2,15,6.7,-289128.000005,6.7,-289128.000005,5.6,190246.999999,38.67464941749948,47.77302391560659,114.66193259390072,-1.0,2.0
9,9,-999,-999,79,23,0.1,-999.0,0.1,-999.0,39.57,117.978,7.5,9,0,11,0,1976-07-27T19:42:53.000000,-999,-999,2,2,0,1,0,1,0.0,0.0,0.0,0.0,7.4,54160.999998,0.0,86.78704399371482,248.30743700128235,-1.0,2.0
10,10,-999,-999,85,33,1.1,-999.0,1.1,-999.0,6.262,124.023,7.9,40,0,40,0,1976-08-16T16:11:06.000004,-999,-999,1,1,0,1,0,1,0.0,0.0,0.0,0.0,6.8,43699.999997,0.0,174.46812212422,460.72958753073897,1.0,3.0
11,11,-999,-999,101,33,1.7,-999.0,1.7,-999.0,-4.517,139.918,7.1,2,0,2,0,1976-10-29T02:51:06.000004,-999,-999,-1,-1,0,2,0,2,0.0,0.0,0.0,0.0,5.4,3855.999997,0.0,32.16375707439262,133.82379803431266,-1.0,2.0
12,12,-999,-999,110,36,1.8,-999.0,1.8,-999.0,39.121,44.029,7.3,4,0,4,0,1976-11-24T12:22:17.000003,-999,-999,1,1,0,1,0,1,0.0,0.0,0.0,0.0,5.5,866.999997,0.0,24.8920139017489,182.28945197042378,-1.0,2.0
13,13,-999,-999,137,37,1.2,-999.0,1.2,-999.0,16.773,122.327,7.0,21,0,21,0,1977-03-18T21:43:51.000001,-999,-999,1,1,0,21,0,21,0.0,0.0,0.0,0.0,5.8,78676.000002,0.0,46.852718304223615,114.66193259390072,-1.0,2.0
14,14,-999,-999,141,33,2.5,-999.0,2.5,-999.0,-16.696,-172.095,7.6,1,0,1,0,1977-04-02T07:15:21.000000,-999,-999,-1,-1,0,0,0,0,0.0,0.0,0.0,0.0,5.1,13119.000003,0.0,65.25476262972678,289.8036300972396,-1.0,2.0
15,15,-999,-999,143,33,-999.0,-999.0,-999.0,-999.0,-9.965,160.731,7.5,26,16,27,16,1977-04-21T04:24:08.000000,-999,-999,3,3,10,5,10,5,7.5,-44942.0,7.5,-44942.0,6.0,82012.000001,292.74890015840646,87.25504914171088,248.30743700128235,1.0,3.0
16,16,-999,-999,174,33,2.2,-999.0,2.2,-999.0,-8.031,155.538,7.2,2,0,2,0,1977-07-29T11:15:44.000001,-999,-999,-1,-1,0,0,0,0,0.0,0.0,0.0,0.0,5.0,16899.000001,0.0,31.506700234117933,156.1879214416901,-1.0,1.0
17,17,-999,-999,177,25,2.2,2.2,2.2,2.2,-11.164,118.378,8.3,87,1,91,1,1977-08-19T06:08:53.999999,-999,-999,1,1,0,0,0,0,6.1,-300924.0,6.1,-300924.0,6.1,133656.999998,2.378492064552155,225.22091532884048,641.1560464814495,-1.0,2.0
18,18,-999,-999,181,33,1.7,-999.0,1.7,-999.0,-59.426,-20.508,7.1,2,0,2,0,1977-08-26T19:50:00.000002,-999,-999,-1,-1,0,2,0,2,0.0,0.0,0.0,0.0,5.4,232957.999996,0.0,45.40340795875565,133.82379803431266,-1.0,1.0
19,19,-999,-999,196,33,1.8,-999.0,1.8,-999.0,-25.856,-175.406,7.2,1,0,1,0,1977-10-10T11:53:52.000000,-999,-999,-1,-1,0,1,0,1,0.0,0.0,0.0,0.0,5.4,4486.999999,0.0,16.36272151832894,156.1879214416901,-1.0,2.0
20,20,-999,-999,206,13,1.1,-999.0,1.1,-999.0,-31.028,-67.767,7.4,58,0,59,0,1977-11-23T09:26:23.000001,-999,-999,1,1,0,24,0,23,0.0,0.0,0.0,0.0,6.3,59766.999996,0.0,101.39942376853259,212.75297086326285,-1.0,3.0
21,21,-999,-999,222,33,0.6,-999.0,0.6,-999.0,-30.683,-177.358,7.2,14,0,14,0,1978-02-09T21:35:11.000003,-999,-999,1,1,0,10,0,10,0.0,0.0,0.0,0.0,6.6,95410.999995,0.0,89.51654176925099,156.1879214416901,-1.0,2.0
22,22,-999,-999,236,33,1.9,0.1,1.9,0.1,44.244,148.862,7.6,52,39,53,39,1978-03-24T19:47:48.999999,-999,-999,2,2,13,4,13,4,7.5,-44038.000004,7.5,-44038.000004,5.7,12475.000003,86.03236504392095,154.71047720502906,289.8036300972396,1.0,3.0
23,23,-999,-999,238,33,2.1,-999.0,2.1,-999.0,42.839,78.606,7.1,1,0,1,0,1978-03-24T21:05:46.999999,-999,-999,-1,-1,0,0,0,0,0.0,0.0,0.0,0.0,5.0,128734.999999,0.0,14.764053419484457,133.82379803431266,-1.0,2.0
24,24,-999,-999,259,44,1.4,2.0,1.4,2.0,38.19,142.028,7.7,8,1,8,1,1978-06-12T08:14:25.000003,-999,-999,1,1,1,2,1,2,5.7,-400194.999999,5.7,-400194.999999,6.3,184793.999996,2.152499143767465,110.57014350040583,338.2345089289617,1.0,3.0
25,25,-999,-999,262,33,2.0,-999.0,2.0,-999.0,-17.098,-172.264,7.0,1,0,1,0,1978-06-17T15:11:31.999998,-999,-999,-1,-1,0,1,0,1,0.0,0.0,0.0,0.0,5.0,0.0,0.0,56.41281637978721,114.66193259390072,-1.0,2.0
26,26,-999,-999,269,17,1.9,-999.0,1.9,-999.0,22.282,121.512,7.4,9,0,9,0,1978-07-23T14:42:34.999997,-999,-999,1,1,0,3,0,3,0.0,0.0,0.0,0.0,5.5,75557.000006,0.0,58.51671325882055,212.75297086326285,1.0,3.0
27,27,-999,-999,280,33,2.4,-999.0,1.9,-999.0,33.386,57.434,7.4,1,0,2,0,1978-09-16T15:35:55.000000,-999,-999,-1,-1,0,1,0,0,0.0,0.0,0.0,0.0,5.5,60087.999996,0.0,50.67195291345048,212.75297086326285,-1.0,3.0
28,28,-999,-999,293,33,1.0,0.2,1.0,0.2,-11.132,162.136,7.1,2,5,2,5,1978-11-05T22:02:06.000001,-999,-999,2,2,5,2,5,2,6.9,83413.0,6.9,83413.0,6.1,-65103.000003,18.272083645390452,17.74627158692553,133.82379803431266,1.0,3.0
29,29,-999,-999,300,18,2.0,-999.0,2.0,-999.0,16.01,-96.591,7.7,6,0,7,0,1978-11-29T19:52:46.000003,-999,-999,1,1,0,1,0,1,0.0,0.0,0.0,0.0,5.7,3421.0,0.0,44.79921874804254,338.2345089289617,1.0,3.0
30,30,-999,-999,304,33,2.0,-999.0,2.0,-999.0,23.247,122.075,7.0,2,0,2,0,1978-12-23T11:23:09.999999,-999,-999,-1,-1,0,2,0,2,0.0,0.0,0.0,0.0,5.0,13241.000002,0.0,30.11579256696367,114.66193259390072,1.0,1.0
31,31,-999,-999,318,15,1.7,-999.0,1.7,-999.0,60.642,-141.593,7.1,2,0,2,0,1979-02-28T21:27:05.000001,-999,-999,-1,-1,0,2,0,2,0.0,0.0,0.0,0.0,5.4,130058.999996,0.0,57.616477320127466,133.82379803431266,-1.0,2.0
32,32,-999,-999,321,49,2.1,-999.0,2.1,-999.0,17.813,-101.276,7.6,3,0,3,0,1979-03-14T11:07:15.000003,-999,-999,1,1,0,0,0,0,0.0,0.0,0.0,0.0,5.5,3247.999995,0.0,42.358346986237656,289.8036300972396,1.0,3.0
33,33,-999,-999,353,5,2.0,-999.0,2.0,-999.0,-1.679,136.04,7.9,9,0,9,0,1979-09-12T05:17:49.999997,-999,-999,1,1,0,1,0,1,0.0,0.0,0.0,0.0,5.9,90911.000002,0.0,90.60243651016273,460.72958753073897,1.0,2.0
34,34,-999,-999,356,33,1.9,-999.0,1.9,-999.0,-46.675,165.707,7.4,2,0,2,0,1979-10-12T10:25:21.000001,-999,-999,-1,-1,0,1,0,1,0.0,0.0,0.0,0.0,5.5,11395.999997,0.0,20.193751355619643,212.75297086326285,1.0,3.0
35,35,-999,-999,363,22,1.3,1.2,1.3,1.2,-10.615,161.284,7.1,9,2,9,2,1979-10-23T09:51:05.000001,-999,-999,1,1,1,8,1,8,5.9,-14643.999998,5.9,-14643.999998,5.8,1233.000002,11.907945104409084,63.39517226421691,133.82379803431266,1.0,3.0
36,36,-999,-999,365,10,1.1,0.5,1.1,0.5,33.962,59.726,7.1,1,4,1,4,1979-11-27T17:10:30.999998,-999,-999,1,1,1,1,1,1,6.6,1176549.999998,6.6,1176549.999998,6.0,-1080217.999995,10.722127824803811,11.52337395768497,133.82379803431266,-1.0,1.0
37,37,-999,-999,369,24,1.9,-999.0,1.9,-999.0,1.598,-79.358,7.7,14,0,14,0,1979-12-12T07:59:01.999997,-999,-999,1,1,0,2,0,2,0.0,0.0,0.0,0.0,5.8,77924.000003,0.0,262.95752087098293,338.2345089289617,-1.0,2.0
38,38,-999,-999,388,44,1.1,-999.0,1.1,-999.0,43.53,146.753,7.0,10,0,10,0,1980-02-23T05:51:02.000000,-999,-999,1,1,0,10,0,10,0.0,0.0,0.0,0.0,5.9,370403.0,0.0,83.19592927833385,114.66193259390072,-1.0,3.0
39,39,-999,-999,425,33,0.8,-999.0,0.8,-999.0,-12.41,166.381,7.5,14,0,14,0,1980-07-08T23:19:17.999999,-999,-999,1,1,0,5,0,5,0.0,0.0,0.0,0.0,6.7,77853.999999,0.0,103.79007445124873,248.30743700128235,1.0,3.0
40,40,-999,-999,429,33,2.2,-999.0,2.2,-999.0,-12.525,165.916,7.9,6,0,6,0,1980-07-17T19:42:22.000003,-999,-999,1,1,0,0,0,0,0.0,0.0,0.0,0.0,5.7,4025.0,0.0,96.20998981403305,460.72958753073897,1.0,3.0
41,41,-999,-999,444,10,1.1,-999.0,1.1,-999.0,36.195,1.354,7.3,10,0,11,0,1980-10-10T12:25:21.999997,-999,-999,1,1,0,7,0,7,0.0,0.0,0.0,0.0,6.2,11626.000002,0.0,33.04684134644927,182.28945197042378,-1.0,2.0
42,42,-999,-999,446,33,1.4,0.5,1.4,0.5,-21.89,169.853,7.2,16,6,16,6,1980-10-25T11:00:04.000002,-999,-999,1,1,4,8,4,8,6.7,-8902.0,6.7,-8902.0,5.8,-0.0,34.021780782187896,60.55442604706377,156.1879214416901,-1.0,2.0
43,43,-999,-999,448,19,2.2,-999.0,2.2,-999.0,41.117,-124.253,7.2,3,0,3,0,1980-11-08T10:27:31.999999,-999,-999,1,1,0,0,0,0,0.0,0.0,0.0,0.0,5.0,63695.000003,0.0,114.5220119215366,156.1879214416901,1.0,1.0
44,44,-999,-999,466,33,1.4,-999.0,1.4,-999.0,51.744,176.274,7.0,5,0,5,0,1981-01-30T08:52:43.000000,-999,-999,1,1,0,5,0,5,0.0,0.0,0.0,0.0,5.6,188667.000002,0.0,57.098856973988056,114.66193259390072,1.0,3.0
45,45,-999,-999,486,33,1.9,-999.0,1.9,-999.0,-48.786,164.357,7.6,4,0,4,0,1981-05-25T05:25:12.999999,-999,-999,1,1,0,1,0,1,0.0,0.0,0.0,0.0,5.7,447722.999999,0.0,65.00580609793586,289.8036300972396,1.0,1.0
46,46,-999,-999,491,30,1.4,-999.0,1.4,-999.0,-17.26,167.601,7.0,6,0,6,0,1981-07-15T07:59:07.000001,-999,-999,1,1,0,6,0,6,0.0,0.0,0.0,0.0,5.6,1000.0,0.0,43.23162889961179,114.66193259390072,1.0,3.0
47,47,-999,-999,496,33,2.0,-999.0,2.0,-999.0,30.013,57.794,7.1,1,0,1,0,1981-07-28T17:22:23.000003,-999,-999,-1,-1,0,1,0,1,0.0,0.0,0.0,0.0,5.1,2522.999998,0.0,9.957278268268427,133.82379803431266,-1.0,3.0
48,48,-999,-999,500,25,2.1,-999.0,2.1,-999.0,-14.96,-173.085,7.7,5,0,5,0,1981-09-01T09:29:29.999997,-999,-999,1,1,0,0,0,0,0.0,0.0,0.0,0.0,5.6,51974.000003,0.0,58.335391206836285,338.2345089289617,1.0,2.0
49,49,-999,-999,510,33,2.1,-999.0,2.1,-999.0,-33.134,-73.074,7.2,1,0,1,0,1981-10-16T03:25:40.999998,-999,-999,-1,-1,0,0,0,0,0.0,0.0,0.0,0.0,5.1,0.0,0.0,15.035543304360733,156.1879214416901,1.0,3.0
50,50,-999,-999,512,33,2.1,-999.0,2.1,-999.0,18.048,-102.084,7.3,2,0,2,0,1981-10-25T03:22:14.000001,-999,-999,-1,-1,0,0,0,0,0.0,0.0,0.0,0.0,5.2,801.999998,0.0,74.44865351233578,182.28945197042378,1.0,3.0
51,51,-999,-999,521,10,0.7,-999.0,0.7,-999.0,39.243,25.227,7.2,4,0,4,0,1981-12-19T14:10:49.000002,-999,-999,1,1,0,2,0,2,0.0,0.0,0.0,0.0,6.5,841795.0,0.0,63.388504214690414,156.1879214416901,-1.0,2.0
52,52,-999,-999,522,33,1.7,0.3,1.7,0.3,-29.934,-177.741,7.1,3,9,3,9,1981-12-26T17:05:30.999997,-999,-999,2,2,6,3,6,3,6.8,165853.999994,6.8,165853.999994,5.4,47838.000004,70.27281187305499,56.26574216615085,133.82379803431266,1.0,3.0
53,53,-999,-999,527,45,1.2,-999.0,1.2,-999.0,13.752,124.358,7.1,2,0,2,0,1982-01-11T06:10:04.999996,-999,-999,-1,-1,0,2,0,2,0.0,0.0,0.0,0.0,5.9,2352.000006,0.0,31.31113464976784,133.82379803431266,1.0,3.0
54,54,-999,-999,560,33,2.0,0.1,2.0,0.1,16.558,-98.358,7.0,1,1,1,1,1982-06-07T10:59:39.000002,-999,-999,-1,-1,1,1,1,1,6.9,0.0,6.9,0.0,5.0,-0.0,22.937130607069758,10.868609371417053,114.66193259390072,1.0,3.0
55,55,-999,-999,568,10,1.7,-999.0,1.7,-999.0,-51.225,160.513,7.0,1,0,1,0,1982-07-07T10:43:01.999998,-999,-999,-1,-1,0,1,0,1,0.0,0.0,0.0,0.0,5.3,5634.000001,0.0,17.421840538288034,114.66193259390072,1.0,1.0
56,56,-999,-999,569,36,0.9,1.8,0.9,1.8,36.194,141.702,7.1,6,2,6,2,1982-07-23T14:23:51.999999,-999,-999,1,1,2,3,2,3,5.3,-149855.0,5.3,-149855.0,6.2,12608.999998,9.842937603055727,50.73835524256164,133.82379803431266,1.0,3.0
57,57,-999,-999,573,30,1.5,-999.0,1.5,-999.0,-12.597,165.931,7.0,1,0,1,0,1982-08-05T20:32:51.000000,-999,-999,-1,-1,0,1,0,1,0.0,0.0,0.0,0.0,5.5,555.000002,0.0,44.17078722276985,114.66193259390072,1.0,3.0
58,58,-999,-999,612,33,0.9,1.5,0.9,1.5,-24.133,-175.864,7.2,29,1,29,1,1982-12-19T17:43:52.999997,-999,-999,1,1,1,25,1,25,5.7,-289819.000005,5.7,-289819.000005,6.3,86534.0,7.726812408880226,116.08637468366943,156.1879214416901,-1.0,2.0
59,59,-999,-999,625,14,1.4,-999.0,1.4,-999.0,38.026,20.228,7.0,7,0,7,0,1983-01-17T12:41:27.999998,-999,-999,1,1,0,7,0,7,0.0,0.0,0.0,0.0,5.6,127244.000005,0.0,31.026571376285844,114.66193259390072,1.0,3.0
60,60,-999,-999,649,37,1.5,-999.0,1.5,-999.0,8.717,-83.123,7.1,7,0,7,0,1983-04-03T02:49:59.999999,-999,-999,1,1,0,7,0,7,0.0,0.0,0.0,0.0,5.6,1417.000004,0.0,114.95465186719659,133.82379803431266,-1.0,2.0
61,61,-999,-999,664,23,1.6,-999.0,1.6,-999.0,40.462,139.102,7.4,26,0,26,0,1983-05-26T02:59:57.999999,-999,-999,1,1,0,9,0,9,0.0,0.0,0.0,0.0,5.8,3419.000002,0.0,100.01163582438528,212.75297086326285,1.0,2.0
62,62,-999,-999,697,62,2.1,-999.0,2.1,-999.0,55.867,161.287,7.1,1,0,1,0,1983-08-17T10:55:52.999997,-999,-999,-1,-1,0,0,0,0,0.0,0.0,0.0,0.0,5.0,-0.0,0.0,19.945662393875462,133.82379803431266,-1.0,3.0
63,63,-999,-999,698,14,0.7,-999.0,0.7,-999.0,-26.535,-70.563,7.4,8,0,8,0,1983-10-04T18:52:12.000000,-999,-999,1,1,0,3,0,3,0.0,0.0,0.0,0.0,6.7,405207.000001,0.0,74.28728609047107,212.75297086326285,-1.0,2.0
64,64,-999,-999,700,24,0.7,-999.0,0.7,-999.0,-60.665,-25.451,7.2,6,0,6,0,1983-10-22T04:21:34.000002,-999,-999,1,1,0,5,0,5,0.0,0.0,0.0,0.0,6.5,31564.0,0.0,51.078066832387314,156.1879214416901,-1.0,2.0
65,65,-999,-999,710,10,1.0,-999.0,1.0,-999.0,-6.852,72.11,7.3,24,0,27,0,1983-11-30T17:46:00.000001,-999,-999,1,1,0,10,0,9,0.0,0.0,0.0,0.0,6.3,259032.999999,0.0,139.26184083364944,182.28945197042378,-1.0,2.0
66,66,-999,-999,711,67,1.8,-999.0,1.8,-999.0,14.066,-91.924,7.0,1,0,1,0,1983-12-02T03:09:04.000001,-999,-999,-1,-1,0,1,0,1,0.0,0.0,0.0,0.0,5.2,31578.0,0.0,8.008547992531096,114.66193259390072,1.0,3.0
67,67,-999,-999,731,18,1.2,-999.0,1.2,-999.0,-10.012,160.469,7.6,4,0,4,0,1984-02-07T21:33:19.999997,-999,-999,1,1,0,1,0,1,0.0,0.0,0.0,0.0,6.4,37467.000003,0.0,38.544391309458504,289.8036300972396,-1.0,3.0
68,68,-999,-999,740,14,1.8,-999.0,1.8,-999.0,40.32,63.35,7.0,3,0,3,0,1984-03-19T20:28:36.999998,-999,-999,1,1,0,3,0,3,0.0,0.0,0.0,0.0,5.2,36002.0,0.0,13.021092906584379,114.66193259390072,-1.0,3.0
69,69,-999,-999,741,44,2.0,-999.0,2.0,-999.0,44.117,148.192,7.2,6,0,6,0,1984-03-24T09:44:00.999999,-999,-999,1,1,0,1,0,1,0.0,0.0,0.0,0.0,5.2,11285.0,0.0,62.340804513763736,156.1879214416901,1.0,3.0
70,70,-999,-999,823,33,1.8,-999.0,1.8,-999.0,0.197,98.027,7.1,2,0,2,0,1984-11-17T06:49:29.000000,-999,-999,-1,-1,0,1,0,1,0.0,0.0,0.0,0.0,5.3,2261.0,0.0,17.83350069922757,133.82379803431266,1.0,3.0
71,71,-999,-999,850,33,0.6,2.3,0.6,2.3,-33.135,-71.871,8.0,58,6,60,6,1985-03-03T22:47:06.000004,-999,-999,1,1,0,11,0,11,5.7,878036.000002,5.7,878036.000002,7.4,14941.999993,13.506366362449992,126.10043797777595,537.7249613305888,1.0,3.0
72,72,-999,-999,865,50,1.4,-999.0,1.4,-999.0,1.622,126.411,7.0,3,0,3,0,1985-04-13T03:00:05.000003,-999,-999,1,1,0,3,0,3,0.0,0.0,0.0,0.0,5.6,0.0,0.0,27.283485718240904,114.66193259390072,1.0,3.0
73,73,-999,-999,874,26,1.4,-999.0,1.4,-999.0,-5.599,151.045,7.2,5,0,5,0,1985-05-10T15:35:49.000003,-999,-999,1,1,0,1,0,1,0.0,0.0,0.0,0.0,5.8,9547.999995,0.0,28.700283485234547,156.1879214416901,-1.0,1.0
74,74,-999,-999,888,33,1.7,-999.0,1.7,-999.0,-4.439,152.828,7.3,3,0,3,0,1985-07-03T04:36:50.000003,-999,-999,1,1,0,2,0,2,0.0,0.0,0.0,0.0,5.6,69201.999997,0.0,34.486255544220626,182.28945197042378,1.0,3.0
75,75,-999,-999,904,6,0.8,1.9,0.8,1.9,39.431,75.224,7.0,6,1,6,1,1985-08-23T12:41:54.999998,-999,-999,1,1,1,6,1,6,5.1,-557871.999999,5.1,-557871.999999,6.2,1816760.0,11.257919208919342,50.772209421933624,114.66193259390072,-1.0,3.0
76,76,-999,-999,918,27,0.4,-999.0,0.4,-999.0,18.19,-102.533,8.0,5,0,6,0,1985-09-19T13:17:45.999999,-999,-999,2,2,0,1,0,1,0.0,0.0,0.0,0.0,7.6,498370.000002,0.0,175.69027164831064,537.7249613305888,1.0,3.0
77,77,-999,-999,943,10,1.1,-999.0,1.1,-999.0,-1.639,134.911,7.1,7,0,7,0,1985-11-17T09:40:20.000000,-999,-999,1,1,0,5,0,5,0.0,0.0,0.0,0.0,6.0,16831.999996,0.0,66.13137768306197,133.82379803431266,1.0,1.0
78,78,-999,-999,945,33,-999.0,-999.0,-999.0,-999.0,-13.987,166.185,7.0,14,4,14,4,1985-11-28T03:49:52.999999,-999,-999,3,3,4,14,4,14,7.0,-50989.000004,7.0,-50989.000004,6.6,668453.000002,29.329379027360584,58.353330471038184,114.66193259390072,-1.0,2.0
79,79,-999,-999,951,43,0.6,-999.0,0.6,-999.0,-13.966,166.516,7.1,8,0,8,0,1985-12-21T01:13:20.999998,-999,-999,1,1,0,8,0,8,0.0,0.0,0.0,0.0,6.5,5591.000002,0.0,60.3519592271638,133.82379803431266,1.0,3.0
80,80,-999,-999,986,33,1.5,1.7,1.5,1.7,51.52,-174.776,8.0,84,3,85,3,1986-05-07T22:47:08.999998,-999,-999,1,1,1,3,1,3,6.3,-3905.000002,6.3,-3905.000002,6.5,0.0,22.30540590665758,153.32062083853498,537.7249613305888,1.0,3.0
81,81,-999,-999,1019,33,1.1,-999.0,1.1,-999.0,1.795,126.519,7.5,28,0,29,0,1986-08-14T19:39:12.000001,-999,-999,1,1,0,9,0,9,0.0,0.0,0.0,0.0,6.4,244325.999999,0.0,77.57197970647843,248.30743700128235,1.0,3.0
82,82,-999,-999,1038,29,1.6,-999.0,1.6,-999.0,-28.117,-176.367,7.7,54,0,55,0,1986-10-20T06:46:08.000002,-999,-999,1,1,0,9,0,9,0.0,0.0,0.0,0.0,6.1,28516.999997,0.0,139.84369331933704,338.2345089289617,-1.0,1.0
83,83,-999,-999,1048,33,1.1,-999.0,1.1,-999.0,23.901,121.574,7.4,11,0,12,0,1986-11-14T21:20:09.000000,-999,-999,1,1,0,4,0,3,0.0,0.0,0.0,0.0,6.3,6266.999997,0.0,52.449535422306774,212.75297086326285,1.0,3.0
84,84,-999,-999,1069,47,1.6,-999.0,1.6,-999.0,-60.063,-26.916,7.0,10,0,10,0,1987-01-30T22:29:41.000003,-999,-999,1,1,0,10,0,10,0.0,0.0,0.0,0.0,5.4,36842.0,0.0,47.657604623781516,114.66193259390072,1.0,3.0
85,85,-999,-999,1076,54,1.3,-999.0,1.3,-999.0,-6.088,147.689,7.4,14,0,14,0,1987-02-08T18:33:57.000000,-999,-999,1,1,0,9,0,9,0.0,0.0,0.0,0.0,6.1,1111948.0,0.0,38.08412402368812,212.75297086326285,-1.0,1.0
86,86,-999,-999,1087,62,0.6,-999.0,0.6,-999.0,-24.388,-70.161,7.6,9,0,10,0,1987-03-05T09:17:03.999997,-999,-999,1,1,0,6,0,6,0.0,0.0,0.0,0.0,7.0,5887.000005,0.0,66.01058374699092,289.8036300972396,1.0,3.0
87,87,-999,-999,1088,10,1.2,0.8,1.2,0.8,0.151,-77.821,7.2,3,1,3,1,1987-03-06T04:10:40.000001,-999,-999,1,1,1,3,1,3,6.4,-14646.999996,6.4,-14646.999996,6.0,14646.999996,21.91902535313298,48.03297938920249,156.1879214416901,-1.0,3.0
88,88,-999,-999,1136,33,0.6,-999.0,0.6,-999.0,-58.893,158.513,7.4,5,0,5,0,1987-09-03T06:40:12.000002,-999,-999,1,1,0,3,0,3,0.0,0.0,0.0,0.0,6.8,4882.999996,0.0,88.48865033950312,212.75297086326285,1.0,1.0
89,89,-999,-999,1147,16,2.2,-999.0,2.2,-999.0,-17.94,-172.225,7.3,1,0,1,0,1987-10-06T04:19:04.999999,-999,-999,-1,-1,0,0,0,0,0.0,0.0,0.0,0.0,5.1,46331.000005,0.0,27.084131947770434,182.28945197042378,-1.0,2.0
90,90,-999,-999,1150,24,1.4,-999.0,1.4,-999.0,-7.288,154.371,7.0,5,0,5,0,1987-10-12T13:57:02.999999,-999,-999,1,1,0,5,0,5,0.0,0.0,0.0,0.0,5.6,86257.999998,0.0,16.38797975133727,114.66193259390072,-1.0,2.0
91,91,-999,-999,1151,47,1.9,2.4,1.9,2.4,-6.266,149.06,7.4,2,1,2,1,1987-10-16T20:48:00.000001,-999,-999,1,1,0,1,0,1,5.0,-149806.999998,5.0,-149806.999998,5.5,149806.999998,30.14605661536737,36.724140964689155,212.75297086326285,1.0,3.0
92,92,-999,-999,1164,10,2.0,-999.0,2.0,-999.0,58.679,-142.786,7.9,7,0,7,0,1987-11-30T19:23:17.999998,-999,-999,1,1,0,1,0,1,0.0,0.0,0.0,0.0,5.9,1507.0,0.0,81.39740640868077,460.72958753073897,-1.0,1.0
93,93,-999,-999,1174,36,0.7,0.2,0.7,0.2,-24.753,-70.433,7.2,4,4,4,4,1988-02-05T14:01:00.999998,-999,-999,2,2,3,2,3,2,7.0,1492230.999996,7.0,1492230.999996,6.5,-1378772.999996,22.739205317540986,50.160374150811705,156.1879214416901,1.0,3.0
94,94,-999,-999,1189,24,1.7,-999.0,1.7,-999.0,13.477,124.616,7.3,2,0,3,0,1988-02-24T03:52:02.000001,-999,-999,1,-1,0,2,0,2,0.0,0.0,0.0,0.0,5.6,48358.000001,0.0,27.53123906444689,182.28945197042378,1.0,3.0
95,95,-999,-999,1193,10,1.6,-999.0,1.6,-999.0,56.953,-143.032,7.8,5,0,5,0,1988-03-06T22:35:37.000000,-999,-999,1,1,0,1,0,1,0.0,0.0,0.0,0.0,6.2,2340.000001,0.0,62.27699219174671,394.75897176315374,-1.0,1.0
96,96,-999,-999,1208,33,0.9,-999.0,0.9,-999.0,-17.192,-72.305,7.1,8,0,8,0,1988-04-12T23:19:53.999998,-999,-999,1,1,0,7,0,7,0.0,0.0,0.0,0.0,6.2,4775.999999,0.0,42.648740405843746,133.82379803431266,1.0,3.0
97,97,-999,-999,1232,16,1.4,-999.0,1.4,-999.0,-6.526,152.779,7.0,7,0,7,0,1988-07-23T15:17:07.000003,-999,-999,1,1,0,7,0,7,0.0,0.0,0.0,0.0,5.6,6868.999996,0.0,26.06640637557679,114.66193259390072,-1.0,2.0
98,98,-999,-999,1235,34,1.0,-999.0,1.0,-999.0,-10.366,160.819,7.6,10,0,10,0,1988-08-10T04:38:24.999998,-999,-999,1,1,0,4,0,4,0.0,0.0,0.0,0.0,6.6,7216.000002,0.0,94.54492693562091,289.8036300972396,1.0,3.0
99,99,-999,-999,1245,35,1.7,-999.0,1.7,-999.0,-18.771,-172.415,7.1,1,0,1,0,1988-10-08T04:46:23.000002,-999,-999,-1,-1,0,1,0,1,0.0,0.0,0.0,0.0,5.4,10072.999996,0.0,27.7724852941581,133.82379803431266,1.0,3.0
100,100,-999,-999,1253,17,1.3,-999.0,1.3,-999.0,22.789,99.611,7.7,12,0,12,0,1988-11-06T13:03:18.000002,-999,-999,1,1,0,3,0,3,0.0,0.0,0.0,0.0,6.4,743.999997,0.0,71.53801643556449,338.2345089289617,-1.0,2.0
101,101,-999,-999,1278,44,1.2,-999.0,1.2,-999.0,2.305,126.76,7.1,25,0,25,0,1989-02-10T11:15:22.999998,-999,-999,1,1,0,24,0,24,0.0,0.0,0.0,0.0,5.9,14911.000003,0.0,29.629467081511685,133.82379803431266,1.0,3.0
102,102,-999,-999,1311,10,2.0,-999.0,2.0,-999.0,-52.341,160.568,8.0,18,0,18,0,1989-05-23T10:54:45.000001,-999,-999,1,1,0,2,0,2,0.0,0.0,0.0,0.0,6.0,136805.999999,0.0,166.11486808307203,537.7249613305888,1.0,1.0
103,103,-999,-999,1355,28,1.4,0.5,1.4,0.5,39.837,142.76,7.4,16,7,17,7,1989-11-01T18:25:33.000000,-999,-999,1,1,4,8,4,7,6.9,-267939.0,6.9,-267939.0,6.0,658.999998,66.95680899033833,107.98279492332466,212.75297086326285,1.0,3.0
104,104,-999,-999,1368,24,1.1,-999.0,1.1,-999.0,8.337,126.729,7.6,42,0,43,0,1989-12-15T18:43:44.000003,-999,-999,1,1,0,8,0,8,0.0,0.0,0.0,0.0,6.5,366288.0,0.0,99.88261621623654,289.8036300972396,1.0,3.0
105,105,-999,-999,1397,33,1.4,-999.0,1.4,-999.0,-22.122,175.163,7.6,5,0,5,0,1990-03-03T12:16:26.000001,-999,-999,1,1,0,1,0,1,0.0,0.0,0.0,0.0,6.2,1112.000003,0.0,113.13132216976493,289.8036300972396,1.0,1.0
106,106,-999,-999,1399,20,1.7,-999.0,1.7,-999.0,-18.318,168.063,7.1,2,0,2,0,1990-03-05T16:38:11.000001,-999,-999,-1,-1,0,2,0,2,0.0,0.0,0.0,0.0,5.4,1946.999995,0.0,16.7324806041906,133.82379803431266,1.0,3.0
107,107,-999,-999,1404,22,1.6,0.9,1.6,0.9,9.919,-84.808,7.3,1,1,1,1,1990-03-25T13:22:54.000000,-999,-999,-1,-1,1,1,1,1,6.4,-29549.0,6.4,-29549.0,5.7,29549.0,11.882998677855632,39.97278644002129,182.28945197042378,1.0,3.0
108,108,-999,-999,1410,11,1.3,-999.0,1.3,-999.0,15.125,147.596,7.6,40,0,44,0,1990-04-05T21:12:33.999999,-999,-999,1,1,0,3,0,3,0.0,0.0,0.0,0.0,6.3,63884.999999,0.0,102.92391697427594,289.8036300972396,-1.0,2.0
109,109,-999,-999,1415,25,1.3,-999.0,0.3,-999.0,1.186,122.857,7.8,33,0,45,0,1990-04-18T13:39:18.000000,-999,-999,2,1,0,7,0,4,0.0,0.0,0.0,0.0,7.5,36953285.000001,0.0,113.79193074551758,394.75897176315374,1.0,3.0
110,110,-999,-999,1422,14,0.1,-999.0,0.1,-999.0,5.121,32.145,7.2,8,0,8,0,1990-05-20T02:21:59.999999,-999,-999,2,2,0,4,0,4,0.0,0.0,0.0,0.0,7.1,409087.0,0.0,57.40162594889445,156.1879214416901,-1.0,1.0
111,111,-999,-999,1428,18,1.5,-999.0,1.5,-999.0,11.76,121.899,7.1,3,0,3,0,1990-06-14T07:40:55.000003,-999,-999,1,1,0,2,0,2,0.0,0.0,0.0,0.0,5.6,3013.999994,0.0,62.95340862930408,133.82379803431266,-1.0,1.0
112,112,-999,-999,1432,18,1.6,-999.0,1.6,-999.0,36.957,49.409,7.4,6,0,6,0,1990-06-20T21:00:07.999999,-999,-999,1,1,0,3,0,3,0.0,0.0,0.0,0.0,5.8,43325.000003,0.0,51.39489404099555,212.75297086326285,-1.0,1.0
113,113,-999,-999,1440,25,1.2,-999.0,1.2,-999.0,15.679,121.172,7.7,47,0,47,0,1990-07-16T07:26:32.999997,-999,-999,1,1,0,5,0,5,0.0,0.0,0.0,0.0,6.5,136089.000002,0.0,205.08922265908507,338.2345089289617,-1.0,1.0
114,114,-999,-999,1471,24,2.1,-999.0,1.8,-999.0,53.452,169.871,7.1,1,0,2,0,1990-11-06T20:14:28.000001,-999,-999,-1,-1,0,1,0,0,0.0,0.0,0.0,0.0,5.3,0.0,0.0,35.333165165876814,133.82379803431266,1.0,3.0
115,115,-999,-999,1492,19,1.8,-999.0,1.8,-999.0,23.613,95.901,7.0,1,0,1,0,1991-01-05T14:57:10.000000,-999,-999,-1,-1,0,1,0,1,0.0,0.0,0.0,0.0,5.2,4022.999998,0.0,45.06709492247648,114.66193259390072,1.0,1.0
116,116,-999,-999,1502,23,1.5,-999.0,1.5,-999.0,8.87,126.48,7.0,8,0,8,0,1991-02-18T02:37:24.000003,-999,-999,1,1,0,8,0,8,0.0,0.0,0.0,0.0,5.5,205559.999994,0.0,33.83290358070713,114.66193259390072,-1.0,2.0
117,117,-999,-999,1513,19,1.6,0.6,1.6,0.6,-5.982,-77.094,7.1,9,2,9,2,1991-04-05T04:19:48.000001,-999,-999,1,1,2,5,2,5,6.5,-124120.0,6.5,-124120.0,5.5,2480.999998,7.393055074636243,51.715246368827835,133.82379803431266,-1.0,3.0
118,118,-999,-999,1514,10,1.4,-999.0,1.4,-999.0,9.685,-83.073,7.6,11,0,11,0,1991-04-22T21:56:50.000000,-999,-999,1,1,0,2,0,2,0.0,0.0,0.0,0.0,6.2,162970.999998,0.0,73.57232621435324,289.8036300972396,1.0,3.0
119,119,-999,-999,1516,17,0.9,-999.0,0.9,-999.0,42.453,43.673,7.0,7,0,7,0,1991-04-29T09:12:46.999999,-999,-999,1,1,0,7,0,7,0.0,0.0,0.0,0.0,6.1,33472.999998,0.0,43.26984637392152,114.66193259390072,-1.0,3.0
120,120,-999,-999,1521,28,1.1,-999.0,1.1,-999.0,54.567,-161.606,7.0,4,0,4,0,1991-05-30T13:17:40.000003,-999,-999,1,1,0,4,0,4,0.0,0.0,0.0,0.0,5.9,157104.000001,0.0,14.261276644413265,114.66193259390072,-1.0,3.0
121,121,-999,-999,1534,1,-999.0,0.9,-999.0,0.9,41.679,-125.856,7.0,0,1,0,1,1991-08-17T22:17:08.000000,-999,-999,-1,-1,1,0,1,0,0.0,0.0,0.0,0.0,0.0,0.0,0.0,0.0,114.66193259390072,-1.0,1.0
122,122,-999,-999,1542,23,0.8,-999.0,0.8,-999.0,-9.094,158.442,7.2,5,0,5,0,1991-10-14T15:58:11.000000,-999,-999,1,1,0,3,0,3,0.0,0.0,0.0,0.0,6.4,1125.000004,0.0,33.82856509576462,156.1879214416901,1.0,3.0
123,123,-999,-999,1549,21,2.0,-999.0,2.0,-999.0,4.554,-77.442,7.2,2,0,2,0,1991-11-19T22:28:50.000001,-999,-999,-1,-1,0,1,0,1,0.0,0.0,0.0,0.0,5.2,0.0,0.0,23.549273256390492,156.1879214416901,1.0,3.0
124,124,-999,-999,1553,24,1.8,0.8,1.8,0.8,45.533,151.021,7.6,17,6,17,6,1991-12-22T08:43:11.999999,-999,-999,1,1,3,1,3,1,6.8,-30239.000003,6.8,-30239.000003,5.8,276.000002,47.901794382933836,133.32830661145476,289.8036300972396,1.0,3.0
125,125,-999,-999,1557,10,0.6,-999.0,0.6,-999.0,-56.032,-25.266,7.2,6,0,6,0,1991-12-27T04:05:56.999999,-999,-999,1,1,0,4,0,4,0.0,0.0,0.0,0.0,6.6,80070.0,0.0,100.12849322355606,156.1879214416901,-1.0,2.0
126,126,-999,-999,1586,9,0.6,-999.0,0.6,-999.0,40.335,-124.229,7.2,2,0,2,0,1992-04-25T18:06:04.000001,-999,-999,-1,-1,0,2,0,2,0.0,0.0,0.0,0.0,6.6,0.0,0.0,30.52330385854105,156.1879214416901,1.0,3.0
127,127,-999,-999,1590,58,1.2,-999.0,1.2,-999.0,-6.075,147.572,7.2,2,0,2,0,1992-05-15T07:05:04.000002,-999,-999,-1,-1,0,1,0,1,0.0,0.0,0.0,0.0,6.0,0.0,0.0,59.18159382551817,156.1879214416901,1.0,3.0
128,128,-999,-999,1591,33,2.2,0.2,2.2,0.2,7.191,126.762,7.3,6,1,6,1,1992-05-17T10:15:29.999999,-999,-999,2,2,1,0,1,0,7.1,-263130.0,7.1,-263130.0,5.1,61813.000001,13.97122615452708,59.36587301984855,182.28945197042378,1.0,3.0
129,129,-999,-999,1597,18,1.5,-999.0,1.5,-999.0,-11.122,165.239,7.0,5,0,5,0,1992-05-27T05:13:37.000001,-999,-999,1,1,0,5,0,5,0.0,0.0,0.0,0.0,5.5,0.0,0.0,32.02860951559472,114.66193259390072,1.0,2.0
130,130,-999,-999,1610,0,1.0,-999.0,1.0,-999.0,34.2,-116.437,7.3,17,0,17,0,1992-06-28T11:57:33.000000,-999,-999,1,1,0,10,0,10,0.0,0.0,0.0,0.0,6.3,11275.999998,0.0,44.9603294579904,182.28945197042378,1.0,1.0
131,131,-999,-999,1621,44,1.7,2.0,1.7,2.0,11.742,-87.34,7.7,21,2,21,2,1992-09-02T00:15:59.999996,-999,-999,1,1,1,4,1,4,5.7,1966005.999994,5.7,1966005.999994,6.0,-1966005.999994,7.4845834147491255,154.6589630687317,338.2345089289617,1.0,3.0
132,132,-999,-999,1623,27,0.7,-999.0,0.7,-999.0,42.142,73.575,7.3,7,0,7,0,1992-08-19T02:04:35.999998,-999,-999,1,1,0,3,0,3,0.0,0.0,0.0,0.0,6.6,4550.000002,0.0,29.92421059481497,182.28945197042378,-1.0,3.0
133,133,-999,-999,1642,10,1.6,0.5,1.6,0.5,7.075,-76.862,7.2,15,4,15,4,1992-10-18T15:11:58.000004,-999,-999,1,1,2,6,2,6,6.7,-19912.999999,6.7,-19912.999999,5.6,3224.999999,46.47544658286446,58.96757463829727,156.1879214416901,-1.0,3.0
134,134,-999,-999,1659,27,1.7,-999.0,1.7,-999.0,-8.48,121.896,7.8,26,0,26,0,1992-12-12T05:29:25.000002,-999,-999,1,1,0,1,0,1,0.0,0.0,0.0,0.0,6.1,4142.999996,0.0,129.64104869292407,394.75897176315374,1.0,3.0
135,135,-999,-999,1681,20,0.4,-999.0,0.4,-999.0,-10.972,164.181,7.1,8,0,8,0,1993-03-06T03:05:48.000000,-999,-999,2,2,0,7,0,7,0.0,0.0,0.0,0.0,6.7,48066.999997,0.0,104.09860791859413,133.82379803431266,-1.0,1.0
136,136,-999,-999,1700,58,1.2,-999.0,1.2,-999.0,7.219,126.57,7.0,1,0,1,0,1993-05-11T18:26:49.999998,-999,-999,-1,-1,0,1,0,1,0.0,0.0,0.0,0.0,5.8,286127.000004,0.0,7.929584775348281,114.66193259390072,1.0,3.0
137,137,-999,-999,1718,16,1.4,-999.0,1.4,-999.0,42.851,139.197,7.7,21,0,21,0,1993-07-12T13:17:10.000000,-999,-999,1,1,0,2,0,2,0.0,0.0,0.0,0.0,6.3,5273.999998,0.0,109.29023221317803,338.2345089289617,-1.0,3.0
138,138,-999,-999,1725,59,1.6,-999.0,1.6,-999.0,12.982,144.801,7.8,12,0,12,0,1993-08-08T08:34:22.999998,-999,-999,1,1,0,2,0,2,0.0,0.0,0.0,0.0,6.2,281296.999999,0.0,108.14710725676868,394.75897176315374,-1.0,3.0
139,139,-999,-999,1726,28,1.4,-999.0,1.4,-999.0,-45.277,166.927,7.0,2,0,2,0,1993-08-10T00:51:51.999997,-999,-999,-1,-1,0,2,0,2,0.0,0.0,0.0,0.0,5.6,98239.000002,0.0,21.192659307266663,114.66193259390072,1.0,3.0
140,140,-999,-999,1732,34,1.5,0.4,1.5,0.4,14.717,-92.645,7.2,5,5,5,5,1993-09-10T19:12:53.000003,-999,-999,2,2,5,4,5,4,6.8,628673.000003,6.8,628673.000003,5.7,-628673.000003,36.37117263573911,73.98367794047104,156.1879214416901,1.0,3.0
141,141,-999,-999,1748,34,1.0,-999.0,1.0,-999.0,51.934,158.647,7.0,4,0,4,0,1993-11-13T01:18:03.000000,-999,-999,1,1,0,4,0,4,0.0,0.0,0.0,0.0,6.0,643235.999997,0.0,13.856642509220446,114.66193259390072,-1.0,3.0
142,142,-999,-999,1758,33,0.5,-999.0,0.5,-999.0,-20.23,169.789,7.0,5,0,5,0,1993-12-29T07:48:13.000003,-999,-999,1,1,0,5,0,5,0.0,0.0,0.0,0.0,6.5,3089.999996,0.0,50.14947001790688,114.66193259390072,-1.0,1.0
143,143,-999,-999,1763,19,1.6,-999.0,1.6,-999.0,1.015,127.733,7.0,4,0,4,0,1994-01-21T02:24:28.000000,-999,-999,1,1,0,4,0,4,0.0,0.0,0.0,0.0,5.4,308815.000002,0.0,31.625719758863532,114.66193259390072,-1.0,1.0
144,144,-999,-999,1766,27,1.0,-999.0,1.0,-999.0,-20.553,169.361,7.0,1,0,1,0,1994-02-12T17:58:22.000002,-999,-999,-1,-1,0,1,0,1,0.0,0.0,0.0,0.0,6.0,0.0,0.0,3.51340243995693,114.66193259390072,1.0,3.0
145,145,-999,-999,1773,10,-999.0,1.0,-999.0,1.0,-1.278,-23.569,7.0,0,1,0,1,1994-03-14T04:30:14.000003,-999,-999,-1,-1,1,0,1,0,0.0,0.0,0.0,0.0,0.0,0.0,0.0,0.0,114.66193259390072,-1.0,1.0
146,146,-999,-999,1793,18,1.2,-999.0,1.2,-999.0,-10.477,112.835,7.8,81,0,81,0,1994-06-02T18:17:32.999999,-999,-999,1,1,0,8,0,8,0.0,0.0,0.0,0.0,6.6,96565.000005,0.0,201.81657760825257,394.75897176315374,1.0,3.0
147,147,-999,-999,1800,33,0.5,1.8,0.5,1.8,-16.62,167.518,7.2,13,1,13,1,1994-07-13T02:35:55.000003,-999,-999,1,1,1,10,1,10,5.4,-118236.999997,5.4,-118236.999997,6.7,2243.0,5.8649884855250365,35.73897726549302,156.1879214416901,-1.0,3.0
148,148,-999,-999,1822,14,1.0,-999.0,1.0,-999.0,43.773,147.321,8.3,153,0,160,0,1994-10-04T13:22:54.000001,-999,-999,1,1,0,1,0,1,0.0,0.0,0.0,0.0,7.3,412364.000002,0.0,183.42423672314328,641.1560464814495,1.0,3.0
149,149,-999,-999,1827,31,1.6,-999.0,1.6,-999.0,13.525,121.067,7.1,2,0,2,0,1994-11-14T19:15:29.000002,-999,-999,-1,-1,0,2,0,2,0.0,0.0,0.0,0.0,5.5,40178.999999,0.0,45.083389445470864,133.82379803431266,1.0,1.0
150,150,-999,-999,1831,26,1.3,-999.0,1.3,-999.0,40.525,143.419,7.8,37,0,37,0,1994-12-28T12:19:22.000000,-999,-999,1,1,0,5,0,5,0.0,0.0,0.0,0.0,6.5,346242.000003,0.0,118.81947891255086,394.75897176315374,1.0,3.0
151,151,-999,-999,1834,26,1.0,-999.0,1.0,-999.0,40.246,142.175,7.0,4,0,4,0,1995-01-06T22:37:32.999997,-999,-999,1,1,0,4,0,4,0.0,0.0,0.0,0.0,6.0,14312.000002,0.0,58.228353684939144,114.66193259390072,-1.0,3.0
152,152,-999,-999,1844,21,0.6,-999.0,0.6,-999.0,-37.759,178.752,7.1,13,0,13,0,1995-02-05T22:51:03.999998,-999,-999,1,1,0,12,0,12,0.0,0.0,0.0,0.0,6.5,609641.999999,0.0,35.36960234929023,133.82379803431266,-1.0,2.0
153,153,-999,-999,1856,21,1.3,-999.0,1.3,-999.0,-15.199,-173.529,7.4,5,0,5,0,1995-04-07T22:06:54.999999,-999,-999,1,1,0,4,0,4,0.0,0.0,0.0,0.0,6.1,11592.000001,0.0,24.87127820870602,212.75297086326285,-1.0,3.0
154,154,-999,-999,1861,20,0.4,0.3,0.4,0.3,12.059,125.58,7.2,25,5,25,5,1995-04-21T00:34:44.999999,-999,-999,4,4,4,15,4,15,6.9,1492.000001,6.9,1492.000001,6.8,244440.999998,20.388745189239945,54.28793900761416,156.1879214416901,1.0,3.0
155,155,-999,-999,1866,16,1.0,-999.0,1.0,-999.0,12.626,125.297,7.1,7,0,7,0,1995-05-05T03:53:43.999999,-999,-999,1,1,0,6,0,6,0.0,0.0,0.0,0.0,6.1,2725.000004,0.0,48.9739889031094,133.82379803431266,1.0,3.0
156,156,-999,-999,1872,20,1.2,-999.0,1.2,-999.0,-23.008,169.9,7.7,21,0,21,0,1995-05-16T20:12:43.000003,-999,-999,1,1,0,5,0,5,0.0,0.0,0.0,0.0,6.5,54664.999998,0.0,86.8788006148337,338.2345089289617,-1.0,2.0
157,157,-999,-999,1877,11,1.8,-999.0,1.8,-999.0,52.629,142.827,7.1,2,0,2,0,1995-05-27T13:03:51.000000,-999,-999,-1,-1,0,1,0,1,0.0,0.0,0.0,0.0,5.3,163062.0,0.0,31.34033885621083,133.82379803431266,-1.0,1.0
158,158,-999,-999,1887,35,1.1,-999.0,1.1,-999.0,-29.211,-177.589,7.2,6,0,6,0,1995-07-03T19:50:48.999999,-999,-999,1,1,0,6,0,6,0.0,0.0,0.0,0.0,6.1,7561.000004,0.0,140.00749334539137,156.1879214416901,1.0,3.0
159,159,-999,-999,1895,45,1.6,-999.0,1.6,-999.0,-23.34,-70.294,8.0,25,0,30,0,1995-07-30T05:11:21.999998,-999,-999,1,1,0,4,0,4,0.0,0.0,0.0,0.0,6.4,333956.000003,0.0,186.11262123554593,537.7249613305888,1.0,3.0
160,160,-999,-999,1900,30,0.5,-999.0,0.5,-999.0,-5.799,154.178,7.7,15,0,15,0,1995-08-16T10:27:26.999997,-999,-999,1,1,0,7,0,7,0.0,0.0,0.0,0.0,7.2,45775.000003,0.0,130.8438097410749,338.2345089289617,1.0,3.0
161,161,-999,-999,1904,23,2.3,-999.0,2.3,-999.0,16.779,-98.597,7.4,1,0,1,0,1995-09-14T14:04:30.000002,-999,-999,-1,-1,0,0,0,0,0.0,0.0,0.0,0.0,5.1,134134.999998,0.0,34.994385836648654,212.75297086326285,1.0,3.0
162,162,-999,-999,1909,24,0.5,-999.0,0.5,-999.0,-2.75,-77.881,7.0,11,0,11,0,1995-10-03T01:51:22.000002,-999,-999,1,1,0,11,0,11,0.0,0.0,0.0,0.0,6.5,39214.999999,0.0,21.48282562774825,114.66193259390072,-1.0,3.0
163,163,-999,-999,1912,33,2.0,-999.0,2.0,-999.0,19.055,-104.205,8.0,4,0,5,0,1995-10-09T15:35:52.000002,-999,-999,1,1,0,1,0,1,0.0,0.0,0.0,0.0,6.0,263819.999998,0.0,84.99158898742333,537.7249613305888,1.0,3.0
164,164,-999,-999,1914,28,0.3,-999.0,0.3,-999.0,27.929,130.175,7.1,17,0,17,0,1995-10-18T10:37:24.999998,-999,-999,2,2,0,15,0,15,0.0,0.0,0.0,0.0,6.8,57850.0,0.0,34.50135103452165,133.82379803431266,-1.0,2.0
165,165,-999,-999,1921,10,1.5,-999.0,1.5,-999.0,28.826,34.799,7.2,4,0,6,0,1995-11-22T04:15:09.999997,-999,-999,1,1,0,3,0,2,0.0,0.0,0.0,0.0,5.7,136326.000001,0.0,56.602591232584224,156.1879214416901,1.0,1.0
166,166,-999,-999,1922,33,1.4,1.3,1.4,1.3,44.663,149.3,7.9,62,23,64,23,1995-12-03T18:01:06.999997,-999,-999,1,1,4,9,4,9,6.6,779817.0,6.6,779817.0,6.5,16461.000003,50.68381344749363,194.39159192678707,460.72958753073897,1.0,3.0
167,167,-999,-999,1936,24,2.3,-999.0,2.3,-999.0,0.729,119.931,7.9,7,0,7,0,1996-01-01T08:05:08.999999,-999,-999,1,1,0,0,0,0,0.0,0.0,0.0,0.0,5.6,4164.000002,0.0,49.18679690782922,460.72958753073897,1.0,3.0
168,168,-999,-999,1943,42,1.2,-999.0,1.2,-999.0,45.324,149.892,7.2,3,0,3,0,1996-02-07T21:36:45.000003,-999,-999,1,1,0,2,0,2,0.0,0.0,0.0,0.0,6.0,4613.999999,0.0,137.84044217241293,156.1879214416901,1.0,3.0
169,169,-999,-999,1944,33,1.6,-999.0,1.6,-999.0,-0.891,136.952,8.1,35,0,35,0,1996-02-17T05:59:28.999999,-999,-999,1,1,0,4,0,4,0.0,0.0,0.0,0.0,6.5,51517.000004,0.0,231.5938796703187,470.69063154972355,1.0,3.0
170,170,-999,-999,1946,10,2.5,-999.0,2.1,-999.0,-9.593,-79.587,7.5,1,0,2,0,1996-02-21T12:50:59.999999,-999,-999,-1,-1,0,0,0,0,0.0,0.0,0.0,0.0,5.4,-0.0,0.0,71.64843497112805,248.30743700128235,1.0,3.0
171,171,-999,-999,1947,21,0.9,-999.0,0.9,-999.0,15.978,-98.07,7.1,5,0,5,0,1996-02-25T03:08:14.000001,-999,-999,1,1,0,5,0,5,0.0,0.0,0.0,0.0,6.2,22182.000001,0.0,49.71069849226141,133.82379803431266,1.0,3.0
172,172,-999,-999,1968,44,1.1,-999.0,1.1,-999.0,-6.518,154.999,7.2,10,0,11,0,1996-04-29T14:40:40.000001,-999,-999,1,1,0,9,0,8,0.0,0.0,0.0,0.0,6.1,156267.999996,0.0,47.439293131582424,156.1879214416901,1.0,3.0
173,173,-999,-999,1975,33,0.6,1.4,0.6,1.4,51.564,-177.632,7.9,35,2,36,2,1996-06-10T04:03:33.999998,-999,-999,1,1,1,3,1,2,6.5,-169547.000004,6.5,-169547.000004,7.3,40881.000004,38.8604161963892,111.81229278578216,460.72958753073897,1.0,3.0
174,174,-999,-999,1976,33,1.0,-999.0,1.0,-999.0,12.614,125.154,7.1,3,0,3,0,1996-06-11T18:22:53.999999,-999,-999,1,1,0,3,0,3,0.0,0.0,0.0,0.0,6.1,-0.0,0.0,24.403573522166635,133.82379803431266,1.0,3.0
175,175,-999,-999,1987,33,1.0,0.4,1.0,0.4,1.0,120.45,7.0,5,2,6,2,1996-07-22T14:19:34.000001,-999,-999,2,2,2,6,2,5,6.6,-0.0,6.6,-0.0,6.0,-18461.000001,21.870203959902643,39.62701923770659,114.66193259390072,-1.0,3.0
176,176,-999,-999,2036,33,1.6,-999.0,1.6,-999.0,-14.993,-75.675,7.7,19,0,19,0,1996-11-12T16:59:43.000002,-999,-999,1,1,0,4,0,4,0.0,0.0,0.0,0.0,6.1,34915.000001,0.0,66.40268093442343,338.2345089289617,1.0,3.0
177,177,-999,-999,2050,33,1.7,-999.0,1.7,-999.0,18.219,-102.756,7.2,1,0,1,0,1997-01-11T20:28:25.000003,-999,-999,-1,-1,0,1,0,1,0.0,0.0,0.0,0.0,5.5,436360.999997,0.0,15.950826722403987,156.1879214416901,-1.0,2.0
178,178,-999,-999,2061,33,1.1,-999.0,1.1,-999.0,29.976,68.208,7.1,3,0,4,0,1997-02-27T21:08:00.999996,-999,-999,1,1,0,4,0,3,0.0,0.0,0.0,0.0,6.0,1354.000004,0.0,25.71627651183502,133.82379803431266,1.0,3.0
179,179,-999,-999,2074,33,1.6,-999.0,1.6,-999.0,-12.584,166.676,7.7,3,0,3,0,1997-04-21T12:02:25.000002,-999,-999,1,1,0,1,0,1,0.0,0.0,0.0,0.0,6.1,247.999995,0.0,76.40732369404104,338.2345089289617,1.0,3.0
180,180,-999,-999,2079,10,1.9,-999.0,1.9,-999.0,33.825,59.809,7.3,1,0,1,0,1997-05-10T07:57:27.999997,-999,-999,-1,-1,0,1,0,1,0.0,0.0,0.0,0.0,5.4,8991.000002,0.0,16.928248045451888,182.28945197042378,-1.0,1.0
181,181,-999,-999,2091,19,1.7,-999.0,1.7,-999.0,10.598,-63.486,7.0,2,0,2,0,1997-07-09T19:24:12.000003,-999,-999,-1,-1,0,2,0,2,0.0,0.0,0.0,0.0,5.3,129.0,0.0,87.30125278389615,114.66193259390072,1.0,1.0
182,182,-999,-999,2108,58,0.9,-999.0,0.9,-999.0,-30.933,-71.22,7.1,7,0,7,0,1997-10-15T01:03:32.000000,-999,-999,1,1,0,5,0,5,0.0,0.0,0.0,0.0,6.2,1710559.000002,0.0,27.497209111472593,133.82379803431266,-1.0,2.0
183,183,-999,-999,2113,33,2.2,-999.0,2.2,-999.0,35.069,87.325,7.5,1,0,1,0,1997-11-08T10:02:51.000003,-999,-999,-1,-1,0,0,0,0,0.0,0.0,0.0,0.0,5.3,51721.999999,0.0,177.87788444440616,248.30743700128235,-1.0,1.0
184,184,-999,-999,2121,33,1.4,-999.0,1.4,-999.0,54.841,162.035,7.8,58,0,58,0,1997-12-05T11:26:52.999999,-999,-999,1,1,0,5,0,5,0.0,0.0,0.0,0.0,6.4,26488.000004,0.0,145.50546217171149,394.75897176315374,1.0,3.0
185,185,-999,-999,2144,10,1.7,-999.0,1.7,-999.0,-62.877,149.527,8.1,5,0,5,0,1998-03-25T03:12:24.000002,-999,-999,1,1,0,1,0,1,0.0,0.0,0.0,0.0,6.4,32696.999995,0.0,190.49725771668702,470.69063154972355,-1.0,1.0
186,186,-999,-999,2147,33,2.3,-999.0,2.3,-999.0,22.306,125.308,7.5,2,0,2,0,1998-05-03T23:30:19.999997,-999,-999,-1,-1,0,0,0,0,0.0,0.0,0.0,0.0,5.2,0.0,0.0,16.098103749559957,248.30743700128235,-1.0,1.0
187,187,-999,-999,2164,10,1.1,-999.0,1.1,-999.0,-2.961,141.926,7.0,2,0,2,0,1998-07-17T08:49:12.000001,-999,-999,-1,-1,0,2,0,2,0.0,0.0,0.0,0.0,5.9,1249.000001,0.0,48.269423108166116,114.66193259390072,1.0,3.0
188,188,-999,-999,2168,33,-999.0,1.8,-999.0,1.8,-0.593,-80.393,7.2,0,1,0,1,1998-08-04T18:59:18.999999,-999,-999,-1,-1,1,0,1,0,0.0,0.0,0.0,0.0,0.0,0.0,0.0,0.0,156.1879214416901,1.0,3.0
189,189,-999,-999,2192,33,1.4,0.3,1.4,0.3,-6.92,128.946,7.0,3,1,3,1,1998-11-09T05:38:43.000000,-999,-999,2,2,1,3,1,3,6.7,-55009.999997,6.7,-55009.999997,5.6,55009.999997,9.2043903798546,33.50961491325779,114.66193259390072,-1.0,3.0
190,190,-999,-999,2194,33,2.0,-999.0,2.0,-999.0,-2.071,124.891,7.7,3,0,3,0,1998-11-29T14:10:30.000003,-999,-999,1,1,0,1,0,1,0.0,0.0,0.0,0.0,5.7,12120.999994,0.0,42.46714101417283,338.2345089289617,-1.0,0.0
191,191,-999,-999,2215,33,1.2,-999.0,1.2,-999.0,5.397,121.937,7.1,3,0,3,0,1999-03-04T08:52:00.000002,-999,-999,1,1,0,3,0,3,0.0,0.0,0.0,0.0,5.9,101348.999999,0.0,30.066066500931893,133.82379803431266,-1.0,3.0
192,192,-999,-999,2248,17,1.7,-999.0,1.7,-999.0,40.748,29.864,7.6,5,0,5,0,1999-08-17T00:01:38.000002,-999,-999,1,1,0,1,0,1,0.0,0.0,0.0,0.0,5.9,1238949.999996,0.0,71.03790091566646,289.8036300972396,1.0,1.0
193,193,-999,-999,2254,33,1.2,-999.0,1.2,-999.0,23.772,120.982,7.7,24,0,24,0,1999-09-20T17:47:16.999998,-999,-999,1,1,0,8,0,8,0.0,0.0,0.0,0.0,6.5,453929.999999,0.0,56.137158522942,338.2345089289617,1.0,3.0
194,194,-999,-999,2260,13,1.3,-999.0,1.3,-999.0,34.603,-116.265,7.1,6,0,6,0,1999-10-16T09:46:43.000000,-999,-999,1,1,0,3,0,3,0.0,0.0,0.0,0.0,5.8,771.0,0.0,81.77219393417748,133.82379803431266,1.0,1.0
195,195,-999,-999,2267,10,1.7,-999.0,1.7,-999.0,40.758,31.161,7.2,3,0,3,0,1999-11-12T16:57:18.000002,-999,-999,1,1,0,2,0,2,0.0,0.0,0.0,0.0,5.5,1236.999999,0.0,37.947989459119704,156.1879214416901,1.0,1.0
196,196,-999,-999,2269,33,1.6,1.1,1.6,1.1,-6.351,148.763,7.0,2,1,2,1,1999-11-19T13:56:44.999998,-999,-999,1,1,1,2,1,2,5.9,-2134.000002,5.9,-2134.000002,5.4,2134.000002,26.863498138484463,32.183982115571254,114.66193259390072,1.0,3.0
197,197,-999,-999,2273,33,2.0,-999.0,2.0,-999.0,-16.423,168.214,7.5,1,0,1,0,1999-11-26T13:21:13.999999,-999,-999,-1,-1,0,1,0,1,0.0,0.0,0.0,0.0,5.5,22493.999998,0.0,17.500487855386723,248.30743700128235,1.0,3.0
198,198,-999,-999,2274,10,0.6,-999.0,0.6,-999.0,-1.339,88.976,7.0,4,0,5,0,1999-11-15T05:42:41.999997,-999,-999,1,1,0,5,0,4,0.0,0.0,0.0,0.0,6.4,1203174.000001,0.0,27.293732262391895,114.66193259390072,-1.0,1.0
199,199,-999,-999,2278,43,0.6,-999.0,0.6,-999.0,57.342,-154.347,7.0,3,0,5,0,1999-12-06T23:12:32.000001,-999,-999,1,1,0,5,0,3,0.0,0.0,0.0,0.0,6.4,4037.999997,0.0,17.423275376918575,114.66193259390072,-1.0,1.0
200,200,-999,-999,2282,33,2.2,-999.0,2.2,-999.0,15.766,119.74,7.3,2,0,2,0,1999-12-11T18:03:35.000003,-999,-999,-1,-1,0,0,0,0,0.0,0.0,0.0,0.0,5.1,25667.999996,0.0,30.492761457720196,182.28945197042378,-1.0,2.0
201,201,-999,-999,2323,26,1.9,-999.0,1.9,-999.0,-1.105,123.573,7.6,7,0,7,0,2000-05-04T04:21:15.000002,-999,-999,1,1,0,2,0,2,0.0,0.0,0.0,0.0,5.7,90190.0,0.0,61.94594444656264,289.8036300972396,1.0,1.0
202,202,-999,-999,2332,33,1.2,-999.0,1.2,-999.0,-4.721,102.087,7.9,50,0,51,0,2000-06-04T16:28:25.000003,-999,-999,1,1,0,5,0,4,0.0,0.0,0.0,0.0,6.7,285419.999995,0.0,140.23232899237075,460.72958753073897,-1.0,0.0
203,203,-999,-999,2339,10,2.1,-999.0,2.1,-999.0,-13.802,97.453,7.9,3,0,3,0,2000-06-18T14:44:12.000001,-999,-999,1,1,0,0,0,0,0.0,0.0,0.0,0.0,5.8,161387.999995,0.0,66.3317986094331,460.72958753073897,-1.0,1.0
204,204,-999,-999,2370,23,1.2,-999.0,1.2,-999.0,-15.421,166.91,7.0,1,0,1,0,2000-10-04T16:58:42.999998,-999,-999,-1,-1,0,1,0,1,0.0,0.0,0.0,0.0,5.8,13783.000004,0.0,25.590635569744016,114.66193259390072,1.0,3.0
205,205,-999,-999,2376,50,-999.0,1.4,-999.0,1.4,-4.766,153.945,7.0,0,1,0,1,2000-10-29T08:37:06.999998,-999,-999,-1,-1,1,0,1,0,0.0,0.0,0.0,0.0,0.0,0.0,0.0,0.0,114.66193259390072,-1.0,3.0
206,206,-999,-999,2382,33,-999.0,-999.0,-999.0,-999.0,-5.496,151.781,7.8,57,56,59,56,2000-11-17T21:01:55.000001,-999,-999,2,2,6,8,6,8,7.8,88554.000003,7.8,88554.000003,6.8,35581.999996,197.64557084752295,198.0376103326712,394.75897176315374,1.0,3.0
207,207,-999,-999,2383,33,1.5,-999.0,1.5,-999.0,-3.98,152.169,8.0,37,0,37,0,2000-11-16T04:54:55.000001,-999,-999,1,1,0,3,0,3,0.0,0.0,0.0,0.0,6.5,1830982.999995,0.0,220.60183076549347,537.7249613305888,1.0,3.0
208,208,-999,-999,2393,33,0.7,-999.0,0.7,-999.0,6.898,126.579,7.5,9,0,9,0,2001-01-01T06:57:02.999998,-999,-999,1,1,0,3,0,3,0.0,0.0,0.0,0.0,6.8,7047.000003,0.0,63.714684370713755,248.30743700128235,1.0,3.0
209,209,-999,-999,2396,60,1.9,-999.0,1.8,-999.0,13.049,-88.66,7.7,11,0,14,0,2001-01-13T17:33:31.000002,-999,-999,1,1,0,7,0,5,0.0,0.0,0.0,0.0,5.9,2965438.999996,0.0,42.149697525260784,338.2345089289617,-1.0,2.0
210,210,-999,-999,2402,16,1.9,-999.0,1.9,-999.0,23.419,70.232,7.7,9,0,9,0,2001-01-26T03:16:38.999998,-999,-999,1,1,0,1,0,1,0.0,0.0,0.0,0.0,5.8,164730.000003,0.0,44.83724766905578,338.2345089289617,-1.0,3.0
211,211,-999,-999,2409,36,1.7,-999.0,1.7,-999.0,-4.68,102.562,7.4,8,0,8,0,2001-02-13T19:28:29.000000,-999,-999,1,1,0,2,0,2,0.0,0.0,0.0,0.0,5.7,0.0,0.0,70.03590780627525,212.75297086326285,1.0,3.0
212,212,-999,-999,2411,35,0.9,-999.0,0.9,-999.0,1.271,126.249,7.1,8,0,8,0,2001-02-24T07:23:46.999998,-999,-999,1,1,0,7,0,7,0.0,0.0,0.0,0.0,6.2,32996.000003,0.0,64.15820959197242,133.82379803431266,1.0,3.0
213,213,-999,-999,2443,33,1.7,-999.0,1.7,-999.0,-16.265,-73.641,8.4,58,0,58,0,2001-06-23T20:33:13.000004,-999,-999,1,1,0,2,0,2,0.0,0.0,0.0,0.0,6.7,200716.999994,0.0,364.10622909101284,748.3036028766184,1.0,3.0
214,214,-999,-999,2448,33,2.2,-999.0,2.2,-999.0,-17.543,-72.077,7.6,5,0,6,0,2001-07-07T09:38:42.000000,-999,-999,1,1,0,0,0,0,0.0,0.0,0.0,0.0,5.4,0.0,0.0,39.63200103818309,289.8036300972396,1.0,3.0
215,215,-999,-999,2459,33,1.3,-999.0,1.3,-999.0,-36.813,-179.575,7.1,14,0,14,0,2001-08-21T06:52:04.999998,-999,-999,1,1,0,9,0,9,0.0,0.0,0.0,0.0,5.8,312115.000002,0.0,42.48375892885618,133.82379803431266,-1.0,3.0
216,216,-999,-999,2474,33,2.0,-999.0,2.0,-999.0,-4.102,123.907,7.5,2,0,2,0,2001-10-19T03:28:42.999998,-999,-999,-1,-1,0,1,0,1,0.0,0.0,0.0,0.0,5.5,143348.0,0.0,51.84924897039228,248.30743700128235,1.0,1.0
217,217,-999,-999,2478,33,1.7,-999.0,1.7,-999.0,-5.912,150.196,7.0,1,0,1,0,2001-10-31T09:10:19.000001,-999,-999,-1,-1,0,1,0,1,0.0,0.0,0.0,0.0,5.3,5130.999998,0.0,16.063253537558,114.66193259390072,1.0,3.0
218,218,-999,-999,2480,10,2.2,-999.0,2.2,-999.0,35.946,90.541,7.8,7,0,7,0,2001-11-14T09:26:08.999998,-999,-999,1,1,0,0,0,0,0.0,0.0,0.0,0.0,5.6,1145.000005,0.0,358.57136182029313,394.75897176315374,-1.0,1.0
219,219,-999,-999,2490,10,1.7,-999.0,1.7,-999.0,-42.813,124.688,7.1,2,0,2,0,2001-12-12T14:02:33.999999,-999,-999,-1,-1,0,2,0,2,0.0,0.0,0.0,0.0,5.4,62734.000001,0.0,22.5363099295249,133.82379803431266,-1.0,1.0
220,220,-999,-999,2494,21,0.6,-999.0,0.6,-999.0,-17.6,167.856,7.2,13,0,13,0,2002-01-02T17:22:47.000002,-999,-999,1,1,0,12,0,12,0.0,0.0,0.0,0.0,6.6,60887.999997,0.0,47.824217196948034,156.1879214416901,1.0,3.0
221,221,-999,-999,2513,31,1.5,-999.0,1.5,-999.0,6.033,124.249,7.5,6,0,6,0,2002-03-05T21:16:08.000002,-999,-999,1,1,0,1,0,1,0.0,0.0,0.0,0.0,6.0,249104.0,0.0,65.4222611648023,248.30743700128235,1.0,3.0
222,222,-999,-999,2521,32,1.8,-999.0,1.8,-999.0,24.279,122.179,7.1,1,0,1,0,2002-03-31T06:52:48.999998,-999,-999,-1,-1,0,1,0,1,0.0,0.0,0.0,0.0,5.3,299600.000003,0.0,33.97430029027141,133.82379803431266,-1.0,3.0
223,223,-999,-999,2563,13,1.3,-999.0,1.3,-999.0,-3.302,142.945,7.6,18,0,18,0,2002-09-08T18:44:22.000002,-999,-999,1,1,0,3,0,3,0.0,0.0,0.0,0.0,6.3,730035.999997,0.0,128.82690802655364,289.8036300972396,1.0,3.0
224,224,-999,-999,2573,10,0.9,-999.0,0.9,-999.0,-1.757,134.297,7.6,16,0,16,0,2002-10-10T10:50:18.999999,-999,-999,1,1,0,4,0,4,0.0,0.0,0.0,0.0,6.7,5885.0,0.0,56.54202292831191,289.8036300972396,1.0,1.0
225,225,-999,-999,2580,30,1.1,-999.0,1.1,-999.0,2.824,96.085,7.4,6,0,6,0,2002-11-02T01:26:08.999999,-999,-999,1,1,0,2,0,2,0.0,0.0,0.0,0.0,6.3,30035.999999,0.0,37.247616095472125,212.75297086326285,1.0,3.0
226,226,-999,-999,2582,4,2.3,-999.0,2.3,-999.0,63.514,-147.453,7.9,15,0,15,0,2002-11-03T22:12:39.999998,-999,-999,1,1,0,0,0,0,0.0,0.0,0.0,0.0,5.6,1176.000003,0.0,198.61705863046086,460.72958753073897,-1.0,1.0
227,227,-999,-999,2599,24,1.7,-999.0,1.7,-999.0,18.77,-104.104,7.6,3,0,3,0,2003-01-22T02:06:33.000002,-999,-999,1,1,0,1,0,1,0.0,0.0,0.0,0.0,5.9,63303.999995,0.0,59.993146005265224,289.8036300972396,1.0,3.0
228,228,-999,-999,2611,33,0.9,-999.0,0.9,-999.0,51.272,177.978,7.1,6,0,6,0,2003-03-17T16:36:16.000001,-999,-999,1,1,0,6,0,6,0.0,0.0,0.0,0.0,6.2,8370.000001,0.0,200.32547156736703,133.82379803431266,1.0,3.0
229,229,-999,-999,2627,31,1.7,-999.0,1.7,-999.0,2.354,128.855,7.0,4,0,4,0,2003-05-26T19:23:25.999997,-999,-999,1,1,0,4,0,4,0.0,0.0,0.0,0.0,5.3,54517.000004,0.0,52.39031268760378,114.66193259390072,1.0,3.0
230,230,-999,-999,2646,10,2.0,-999.0,2.0,-999.0,-2.598,68.382,7.6,3,0,4,0,2003-07-15T20:27:49.000000,-999,-999,1,1,0,1,0,1,0.0,0.0,0.0,0.0,5.6,21718.000003,0.0,100.20871065567091,289.8036300972396,1.0,1.0
231,231,-999,-999,2651,10,2.0,-999.0,2.0,-999.0,-60.532,-43.411,7.6,9,0,9,0,2003-08-04T04:37:18.999999,-999,-999,1,1,0,1,0,1,0.0,0.0,0.0,0.0,5.6,29790.000002,0.0,91.62160958240301,289.8036300972396,1.0,2.0
232,232,-999,-999,2655,28,1.3,-999.0,1.3,-999.0,-45.104,167.144,7.2,12,0,12,0,2003-08-21T12:12:47.999998,-999,-999,1,1,0,5,0,5,0.0,0.0,0.0,0.0,5.9,7178.0,0.0,45.11412001661376,156.1879214416901,1.0,3.0
233,233,-999,-999,2667,27,0.8,-999.0,0.8,-999.0,41.815,143.91,8.2,41,0,45,0,2003-09-25T19:50:05.000002,-999,-999,1,1,0,2,0,2,0.0,0.0,0.0,0.0,7.4,4674.999997,0.0,111.46978709716869,549.3506570855053,1.0,3.0
234,234,-999,-999,2668,16,0.6,-999.0,0.6,-999.0,50.038,87.813,7.3,15,0,15,0,2003-09-27T11:33:24.000001,-999,-999,1,1,0,5,0,5,0.0,0.0,0.0,0.0,6.7,307799.999996,0.0,25.528437704355362,182.28945197042378,-1.0,1.0
235,235,-999,-999,2677,10,1.1,-999.0,1.1,-999.0,37.812,142.619,7.0,3,0,3,0,2003-10-31T01:06:26.999998,-999,-999,1,1,0,3,0,3,0.0,0.0,0.0,0.0,5.9,129819.0,0.0,47.944312755820036,114.66193259390072,1.0,3.0
236,236,-999,-999,2684,33,2.0,-999.0,2.0,-999.0,51.146,178.65,7.8,20,0,20,0,2003-11-17T06:43:05.000000,-999,-999,1,1,0,1,0,1,0.0,0.0,0.0,0.0,5.8,90424.000003,0.0,119.39714477422314,394.75897176315374,1.0,3.0
237,237,-999,-999,2692,10,0.6,0.5,0.6,0.5,-22.015,169.766,7.3,15,14,15,14,2003-12-27T16:00:57.999997,-999,-999,1,1,9,12,9,12,6.8,-114455.000001,6.8,-114455.000001,6.7,23821.999999,54.699730262831416,60.71791652148985,182.28945197042378,1.0,3.0
238,238,-999,-999,2697,22,1.0,0.7,1.0,0.7,-22.253,169.683,7.1,11,6,11,6,2004-01-03T16:23:20.000001,-999,-999,1,1,5,9,5,9,6.4,-5780.0,6.4,-5780.0,6.1,667.000002,21.563503417807073,63.97960533485134,133.82379803431266,-1.0,2.0
239,239,-999,-999,2701,60,-999.0,-999.0,2.0,-999.0,16.059,-96.931,7.5,0,0,2,0,1999-09-30T16:31:13.999999,-999,-999,-1,-1,0,1,0,0,0.0,0.0,0.0,0.0,0.0,0.0,0.0,0.0,248.30743700128235,-1.0,2.0
240,240,-999,-999,2707,10,0.6,0.3,0.6,0.3,-4.003,135.023,7.3,10,7,11,7,2004-02-07T02:42:33.999997,-999,-999,0,0,2,7,2,7,7.0,-109385.000006,7.0,-109385.000006,6.7,108976.000001,86.92941715409926,118.4076551707273,182.28945197042378,-1.0,1.0
241,241,-999,-999,2773,10,0.8,0.2,0.8,0.2,33.184,137.071,7.4,8,3,8,3,2004-09-05T14:57:16.999996,-999,-999,2,2,1,7,1,7,7.2,-185942.000004,7.2,-185942.000004,6.6,117137.000001,63.17497830046043,55.24980973965273,212.75297086326285,-1.0,3.0
242,242,-999,-999,2803,10,1.1,-999.0,1.1,-999.0,-8.152,124.868,7.5,21,0,21,0,2004-11-11T21:26:39.999997,-999,-999,1,1,0,4,0,4,0.0,0.0,0.0,0.0,6.4,4987.000001,0.0,399.0152102338626,248.30743700128235,1.0,3.0
243,243,-999,-999,2811,10,0.9,1.8,0.9,1.8,-3.609,135.404,7.1,12,1,12,1,2004-11-26T02:25:01.999998,-999,-999,1,1,1,7,1,7,5.3,-191502.000001,5.3,-191502.000001,6.2,191502.000001,15.10178982423901,29.84072012803118,133.82379803431266,-1.0,2.0
244,244,-999,-999,2814,39,0.2,-999.0,0.2,-999.0,43.006,145.119,7.0,3,0,3,0,2004-11-28T18:32:12.999997,-999,-999,2,2,0,3,0,3,0.0,0.0,0.0,0.0,6.8,0.0,0.0,14.75655752651679,114.66193259390072,-1.0,3.0
245,245,-999,-999,2818,10,2.5,-999.0,2.5,-999.0,-49.312,161.345,8.1,5,0,5,0,2004-12-23T14:59:02.999997,-999,-999,1,1,0,0,0,0,0.0,0.0,0.0,0.0,5.6,17461.000005,0.0,70.1735595867241,470.69063154972355,1.0,1.0
246,246,-999,-999,2819,30,1.9,-999.0,1.9,-999.0,3.295,95.982,9.1,252,0,263,0,2004-12-26T00:58:52.000003,-999,-999,1,1,0,1,0,1,0.0,0.0,0.0,0.0,7.2,12156.0,0.0,1090.2057617991231,1471.5846019280557,1.0,3.0
247,247,-999,-999,2874,30,1.7,-999.0,1.7,-999.0,2.085,97.108,8.6,101,0,113,0,2005-03-28T16:09:35.000002,-999,-999,1,1,0,2,0,1,0.0,0.0,0.0,0.0,6.9,4690698.999997,0.0,447.1594679131616,1019.3093880125635,1.0,3.0
248,248,-999,-999,2897,16,0.6,-999.0,0.6,-999.0,41.292,-125.953,7.2,1,0,1,0,2005-06-15T02:50:52.999997,-999,-999,-1,-1,0,1,0,1,0.0,0.0,0.0,0.0,6.6,0.0,0.0,77.76504387089504,156.1879214416901,-1.0,1.0
249,249,-999,-999,2908,16,1.6,-999.0,1.6,-999.0,7.92,92.19,7.2,8,0,9,0,2005-07-24T15:42:04.999997,-999,-999,1,1,0,5,0,4,0.0,0.0,0.0,0.0,5.6,42251.000006,0.0,90.13513285783003,156.1879214416901,-1.0,1.0
250,250,-999,-999,2936,26,1.2,-999.0,1.2,-999.0,34.539,73.588,7.6,44,0,45,0,2005-10-08T03:50:39.000003,-999,-999,1,1,0,12,0,12,0.0,0.0,0.0,0.0,6.4,24947.999994,0.0,72.26906548359548,289.8036300972396,1.0,3.0
251,251,-999,-999,2971,11,1.3,-999.0,1.3,-999.0,-21.324,33.583,7.0,8,0,8,0,2006-02-22T22:19:06.000002,-999,-999,1,1,0,8,0,8,0.0,0.0,0.0,0.0,5.7,11074.999996,0.0,41.96049020278798,114.66193259390072,-1.0,2.0
252,252,-999,-999,2993,22,1.0,-999.0,1.0,-999.0,60.949,167.089,7.6,21,0,23,0,2006-04-20T23:25:00.999997,-999,-999,1,1,0,4,0,4,0.0,0.0,0.0,0.0,6.6,778653.0,0.0,93.48795196877028,289.8036300972396,-1.0,3.0
253,253,-999,-999,3001,55,2.0,-999.0,2.0,-999.0,-20.187,-174.123,8.0,22,0,22,0,2006-05-03T15:26:38.999997,-999,-999,1,1,0,2,0,2,0.0,0.0,0.0,0.0,6.0,71926.000002,0.0,80.06939896196495,537.7249613305888,-1.0,3.0
254,254,-999,-999,3025,20,1.6,-999.0,1.6,-999.0,-9.284,107.419,7.7,89,0,90,0,2006-07-17T08:19:25.000002,-999,-999,1,1,0,9,0,9,0.0,0.0,0.0,0.0,6.1,26793.0,0.0,160.21031970315795,338.2345089289617,1.0,3.0
255,255,-999,-999,3039,13,1.1,-999.0,1.1,-999.0,-61.029,-34.371,7.0,4,0,6,0,2006-08-20T03:41:47.000004,-999,-999,1,1,0,6,0,4,0.0,0.0,0.0,0.0,5.9,35590.999994,0.0,36.07994750176032,114.66193259390072,1.0,1.0
256,256,-999,-999,3076,10,1.6,3.3,1.6,3.3,46.592,153.266,8.3,90,1,93,1,2006-11-15T11:14:11.999999,-999,-999,1,1,0,3,0,3,5.0,-250601.000003,5.0,-250601.000003,6.7,1601.999998,12.776861748769315,298.56779664712246,641.1560464814495,1.0,3.0
257,257,-999,-999,3086,10,0.2,-999.0,0.2,-999.0,21.799,120.547,7.1,5,0,5,0,2006-12-26T12:26:19.999998,-999,-999,2,2,0,5,0,5,0.0,0.0,0.0,0.0,6.9,472.0,0.0,36.35985178565124,133.82379803431266,-1.0,2.0
258,258,-999,-999,3095,10,2.1,-999.0,2.1,-999.0,46.243,154.524,8.1,18,0,18,0,2007-01-13T04:23:19.999999,-999,-999,1,1,0,0,0,0,0.0,0.0,0.0,0.0,6.0,47625.000003,0.0,166.74465335371605,470.69063154972355,-1.0,2.0
259,259,-999,-999,3097,22,1.3,-999.0,1.3,-999.0,1.065,126.282,7.5,50,0,54,0,2007-01-21T11:27:44.000003,-999,-999,1,1,0,13,0,13,0.0,0.0,0.0,0.0,6.2,21909.999997,0.0,107.19052409218328,248.30743700128235,1.0,3.0
260,260,-999,-999,3130,34,0.2,-999.0,0.2,-999.0,-20.617,169.357,7.1,4,0,4,0,2007-03-25T00:40:00.000003,-999,-999,2,2,0,4,0,4,0.0,0.0,0.0,0.0,6.9,1697.999995,0.0,49.56648091209432,133.82379803431266,1.0,3.0
261,261,-999,-999,3136,24,1.9,-999.0,1.9,-999.0,-8.466,157.043,8.1,20,0,20,0,2007-04-01T20:39:57.000004,-999,-999,1,1,0,2,0,2,0.0,0.0,0.0,0.0,6.2,96024.999995,0.0,106.80634315352252,470.69063154972355,1.0,3.0
262,262,-999,-999,3196,39,1.6,-999.0,1.6,-999.0,-13.386,-76.603,8.0,35,0,36,0,2007-08-15T23:40:56.000003,-999,-999,1,1,0,3,0,3,0.0,0.0,0.0,0.0,6.4,33671.999999,0.0,137.10297151766494,537.7249613305888,1.0,3.0
263,263,-999,-999,3213,35,0.9,-999.0,0.9,-999.0,-11.61,165.762,7.2,9,0,9,0,2007-09-02T01:05:16.999999,-999,-999,1,1,0,5,0,5,0.0,0.0,0.0,0.0,6.3,5405.000002,0.0,35.14582580850628,156.1879214416901,1.0,3.0
264,264,-999,-999,3218,34,0.5,-999.0,0.5,-999.0,-4.438,101.367,8.4,85,0,100,0,2007-09-12T11:10:24.999999,-999,-999,1,1,0,6,0,6,0.0,0.0,0.0,0.0,7.9,45517.000004,0.0,368.3834830364938,748.3036028766184,1.0,3.0
265,265,-999,-999,3229,10,0.8,-999.0,0.8,-999.0,-49.271,164.115,7.4,8,0,8,0,2007-09-30T05:23:33.000003,-999,-999,1,1,0,2,0,2,0.0,0.0,0.0,0.0,6.6,15857.0,0.0,154.55196468618348,212.75297086326285,1.0,3.0
266,266,-999,-999,3247,40,0.9,-999.0,0.9,-999.0,-22.247,-69.89,7.7,35,0,35,0,2007-11-14T15:40:49.000003,-999,-999,1,1,0,8,0,8,0.0,0.0,0.0,0.0,6.8,84307.999998,0.0,144.51044080425385,338.2345089289617,1.0,3.0
267,267,-999,-999,3265,34,0.9,-999.0,0.9,-999.0,51.36,-179.509,7.2,13,0,13,0,2007-12-19T09:30:25.999997,-999,-999,1,1,0,11,0,11,0.0,0.0,0.0,0.0,6.3,165247.000001,0.0,58.12483798316801,156.1879214416901,1.0,3.0
268,268,-999,-999,3296,26,2.0,-999.0,2.0,-999.0,2.768,95.964,7.4,9,0,9,0,2008-02-20T08:08:29.000000,-999,-999,1,1,0,1,0,1,0.0,0.0,0.0,0.0,5.4,1189.999997,0.0,34.15973698617311,212.75297086326285,1.0,3.0
269,269,-999,-999,3303,25,0.5,0.7,0.5,0.7,-2.486,99.972,7.2,7,4,7,4,2008-02-25T08:36:32.000002,-999,-999,1,1,4,5,4,5,6.5,-34169.999997,6.5,-34169.999997,6.7,44744.999997,10.096176523092877,37.850869662545406,156.1879214416901,1.0,3.0
270,270,-999,-999,3318,10,1.6,-999.0,1.6,-999.0,35.49,81.467,7.2,14,0,14,0,2008-03-20T22:32:55.999999,-999,-999,1,1,0,7,0,7,0.0,0.0,0.0,0.0,5.6,2343.999999,0.0,64.88808785300998,156.1879214416901,-1.0,2.0
271,271,-999,-999,3326,33,0.9,0.9,0.9,0.9,-20.071,168.892,7.3,22,3,22,3,2008-04-09T12:46:10.999997,-999,-999,1,1,2,13,2,13,6.4,-186585.0,6.4,-186585.0,6.4,865677.000001,16.9816560503103,46.86443283570153,182.28945197042378,1.0,3.0
272,272,-999,-999,3329,16,2.0,-999.0,2.0,-999.0,-55.664,158.453,7.1,3,0,3,0,2008-04-12T00:30:10.999999,-999,-999,1,1,0,3,0,3,0.0,0.0,0.0,0.0,5.1,-0.0,0.0,40.355552399307,133.82379803431266,1.0,3.0
273,273,-999,-999,3345,19,1.8,-999.0,1.8,-999.0,31.002,103.322,7.9,41,0,41,0,2008-05-12T06:28:00.000000,-999,-999,1,1,0,1,0,1,0.0,0.0,0.0,0.0,6.1,16981.0,0.0,289.8639622602664,460.72958753073897,-1.0,3.0
274,274,-999,-999,3377,8,1.4,-999.0,1.4,-999.0,-58.227,-22.099,7.0,4,0,4,0,2008-06-30T06:17:42.000000,-999,-999,1,1,0,4,0,4,0.0,0.0,0.0,0.0,5.6,660102.000002,0.0,25.234590326538612,114.66193259390072,-1.0,1.0
275,275,-999,-999,3384,22,1.0,-999.0,1.0,-999.0,37.552,142.214,7.0,4,0,4,0,2008-07-19T02:39:27.000000,-999,-999,1,1,0,4,0,4,0.0,0.0,0.0,0.0,6.0,281238.999998,0.0,43.18486798874285,114.66193259390072,-1.0,3.0
276,276,-999,-999,3419,36,1.7,-999.0,1.7,-999.0,-29.756,-177.683,7.0,5,0,5,0,2008-09-29T15:19:29.999997,-999,-999,1,1,0,5,0,5,0.0,0.0,0.0,0.0,5.3,3067.000004,0.0,57.31321642635421,114.66193259390072,-1.0,3.0
277,277,-999,-999,3443,30,1.8,-999.0,1.8,-999.0,1.271,122.091,7.4,3,0,3,0,2008-11-16T17:02:31.000001,-999,-999,1,1,0,2,0,2,0.0,0.0,0.0,0.0,5.6,1926.0,0.0,38.619059749959106,212.75297086326285,1.0,3.0
278,278,-999,-999,3470,17,0.3,-999.0,0.3,-999.0,-0.414,132.885,7.7,47,0,50,0,2009-01-03T19:43:49.000003,-999,-999,2,2,0,6,0,4,0.0,0.0,0.0,0.0,7.4,10189.999996,0.0,109.82302351512224,338.2345089289617,1.0,3.0
279,279,-999,-999,3476,36,2.3,-999.0,2.3,-999.0,46.857,155.154,7.4,1,0,1,0,2009-01-15T17:49:38.000004,-999,-999,-1,-1,0,0,0,0,0.0,0.0,0.0,0.0,5.1,0.0,0.0,35.05232520716542,212.75297086326285,-1.0,3.0
280,280,-999,-999,3480,20,0.9,-999.0,0.9,-999.0,3.886,126.387,7.2,80,0,82,0,2009-02-11T17:34:49.000002,-999,-999,1,1,0,43,0,43,0.0,0.0,0.0,0.0,6.3,70815.999997,0.0,85.76952933920806,156.1879214416901,1.0,3.0
281,281,-999,-999,3485,25,1.7,-999.0,1.7,-999.0,-27.424,-176.33,7.0,2,0,2,0,2009-02-18T21:53:44.000000,-999,-999,-1,-1,0,2,0,2,0.0,0.0,0.0,0.0,5.3,0.0,0.0,47.36625984125514,114.66193259390072,1.0,3.0
282,282,-999,-999,3495,31,2.3,-999.0,2.3,-999.0,-23.043,-174.66,7.6,4,0,4,0,2009-03-19T18:17:39.000001,-999,-999,1,1,0,0,0,0,0.0,0.0,0.0,0.0,5.3,8178.999999,0.0,68.92363356608588,289.8036300972396,1.0,3.0
283,283,-999,-999,3548,12,2.1,-999.0,2.1,-999.0,-45.762,166.562,7.8,18,0,18,0,2009-07-15T09:22:28.000000,-999,-999,1,1,0,0,0,0,0.0,0.0,0.0,0.0,5.7,1164.0,0.0,99.6851507597703,394.75897176315374,1.0,3.0
284,284,-999,-999,3556,24,1.6,-999.0,1.6,-999.0,14.099,92.902,7.5,2,0,3,0,2009-08-10T19:55:36.999999,-999,-999,1,-1,0,1,0,1,0.0,0.0,0.0,0.0,5.9,221157.000005,0.0,20.152103867000047,248.30743700128235,-1.0,2.0
285,285,-999,-999,3568,46,1.5,-999.0,1.5,-999.0,-7.782,107.297,7.0,2,0,2,0,2009-09-02T07:55:00.000001,-999,-999,-1,-1,0,2,0,2,0.0,0.0,0.0,0.0,5.5,439.999996,0.0,16.857952733221772,114.66193259390072,-1.0,3.0
286,286,-999,-999,3575,18,2.1,-999.0,2.1,-999.0,-15.489,-172.095,8.1,7,0,7,0,2009-09-29T17:48:08.999999,-999,-999,1,1,0,0,0,0,0.0,0.0,0.0,0.0,6.0,-0.0,0.0,94.37150696836359,470.69063154972355,-1.0,2.0
287,287,-999,-999,3588,35,0.4,0.1,0.4,0.1,-12.517,166.382,7.8,45,3,45,3,2009-10-07T22:18:49.999998,-999,-999,3,3,2,7,2,7,7.7,-375492.000003,7.7,-375492.000003,7.4,3297.000003,81.33851759774758,113.58060049804698,394.75897176315374,1.0,3.0
288,288,-999,-999,3627,10,1.5,0.5,1.5,0.5,-8.783,157.354,7.1,9,1,9,1,2010-01-03T22:36:23.999998,-999,-999,1,1,1,7,1,7,6.6,-397419.000004,6.6,-397419.000004,5.6,20485.0,15.936650134718612,61.32005257968588,133.82379803431266,1.0,3.0
289,289,-999,-999,3631,13,1.0,-999.0,1.0,-999.0,18.443,-72.571,7.0,16,0,16,0,2010-01-12T21:53:09.000003,-999,-999,1,1,0,16,0,16,0.0,0.0,0.0,0.0,6.0,450.999999,0.0,49.387747233004866,114.66193259390072,1.0,1.0
290,290,-999,-999,3651,22,1.4,-999.0,1.4,-999.0,-36.122,-72.898,8.8,300,0,318,0,2010-02-27T06:34:10.000000,-999,-999,1,1,0,4,0,3,0.0,0.0,0.0,0.0,7.4,5232.000003,0.0,605.1137408268715,1388.4626834569187,1.0,3.0
291,291,-999,-999,3652,25,1.8,-999.0,1.8,-999.0,25.93,128.425,7.0,3,0,3,0,2010-02-26T20:31:25.000001,-999,-999,1,1,0,3,0,3,0.0,0.0,0.0,0.0,5.2,56907.999998,0.0,7.165166726097156,114.66193259390072,-1.0,1.0
292,292,-999,-999,3664,9,1.5,-999.0,1.5,-999.0,32.286,-115.295,7.2,7,0,7,0,2010-04-04T22:40:40.999998,-999,-999,1,1,0,6,0,6,0.0,0.0,0.0,0.0,5.7,575.000004,0.0,62.47400475698454,156.1879214416901,1.0,1.0
293,293,-999,-999,3666,31,2.5,-999.0,2.5,-999.0,2.383,97.048,7.8,4,0,4,0,2010-04-06T22:15:00.000001,-999,-999,1,1,0,0,0,0,0.0,0.0,0.0,0.0,5.3,2343.999999,0.0,63.854287012550756,394.75897176315374,1.0,3.0
294,294,-999,-999,3678,38,1.8,-999.0,1.8,-999.0,3.748,96.018,7.2,1,0,1,0,2010-05-09T05:59:40.000002,-999,-999,-1,-1,0,1,0,1,0.0,0.0,0.0,0.0,5.4,195485.999997,0.0,33.79436953908843,156.1879214416901,-1.0,3.0
295,295,-999,-999,3684,31,1.1,-999.0,1.1,-999.0,-13.698,166.643,7.2,9,0,9,0,2010-05-27T17:14:45.000003,-999,-999,1,1,0,6,0,6,0.0,0.0,0.0,0.0,6.1,12794.999997,0.0,39.134931586018006,156.1879214416901,1.0,3.0
296,296,-999,-999,3690,35,2.0,-999.0,2.0,-999.0,7.881,91.936,7.5,9,0,9,0,2010-06-12T19:26:49.000001,-999,-999,1,1,0,1,0,1,0.0,0.0,0.0,0.0,5.5,1032056.000001,0.0,54.49944941679871,248.30743700128235,-1.0,0.0
297,297,-999,-999,3692,18,0.4,0.8,0.4,0.8,-2.174,136.543,7.0,4,1,11,1,2010-06-16T03:16:25.999999,-999,-999,5,0,1,11,1,4,6.2,-10457.0,6.2,-10457.0,6.6,2500.999999,25.70217830792191,55.0593092893883,114.66193259390072,-1.0,2.0
298,298,-999,-999,3704,35,1.0,0.4,1.0,0.4,-5.931,150.59,7.3,8,1,8,1,2010-07-18T13:34:58.000003,-999,-999,2,2,1,3,1,3,6.9,-197769.0,6.9,-197769.0,6.3,193400.999997,18.340155444041958,76.04091474991152,182.28945197042378,1.0,3.0
299,299,-999,-999,3712,44,1.6,-999.0,1.6,-999.0,-5.746,150.765,7.0,3,0,3,0,2010-08-04T22:01:41.999999,-999,-999,1,1,0,3,0,3,0.0,0.0,0.0,0.0,5.4,25658.999998,0.0,41.97199234224847,114.66193259390072,1.0,3.0
300,300,-999,-999,3715,25,1.4,-999.0,1.4,-999.0,-17.541,168.069,7.3,18,0,18,0,2010-08-10T05:23:43.000000,-999,-999,1,1,0,6,0,6,0.0,0.0,0.0,0.0,5.9,79894.999997,0.0,58.33273508479275,182.28945197042378,1.0,3.0
301,301,-999,-999,3720,12,1.9,-999.0,1.9,-999.0,-43.522,171.83,7.0,3,0,3,0,2010-09-03T16:35:46.000003,-999,-999,1,1,0,3,0,3,0.0,0.0,0.0,0.0,5.1,1411.999996,0.0,47.36069840827774,114.66193259390072,1.0,1.0
302,302,-999,-999,3730,26,1.1,0.8,1.1,0.8,-4.963,133.76,7.0,4,1,4,1,2010-09-29T17:11:23.999997,-999,-999,1,1,1,4,1,4,6.2,-32378.0,6.2,-32378.0,5.9,-0.0,8.023166337227446,30.34890025594986,114.66193259390072,-1.0,2.0
303,303,-999,-999,3744,20,1.5,-999.0,1.5,-999.0,-3.487,100.082,7.8,16,0,16,0,2010-10-25T14:42:21.000001,-999,-999,1,1,0,2,0,2,0.0,0.0,0.0,0.0,6.3,17708.999997,0.0,127.91101419490694,394.75897176315374,1.0,3.0
304,304,-999,-999,3759,14,1.0,-999.0,1.0,-999.0,26.901,143.698,7.4,65,0,65,0,2010-12-21T17:19:38.999998,-999,-999,1,1,0,8,0,8,0.0,0.0,0.0,0.0,6.4,102599.999999,0.0,65.24832584792306,212.75297086326285,-1.0,2.0
305,305,-999,-999,3762,16,0.9,-999.0,0.9,-999.0,-19.702,167.947,7.3,37,0,37,0,2010-12-25T13:16:35.999998,-999,-999,1,1,0,14,0,14,0.0,0.0,0.0,0.0,6.4,323140.000005,0.0,48.27451745563561,182.28945197042378,-1.0,2.0
306,306,-999,-999,3772,9,1.1,-999.0,1.1,-999.0,-20.628,168.471,7.0,13,0,13,0,2011-01-13T16:16:39.999998,-999,-999,1,1,0,13,0,13,0.0,0.0,0.0,0.0,5.9,1586.0,0.0,36.394170185235225,114.66193259390072,-1.0,2.0
307,307,-999,-999,3795,29,1.2,1.8,1.2,1.8,38.297,142.373,9.1,547,26,577,26,2011-03-11T05:46:23.000002,-999,-999,1,1,1,3,1,3,7.3,-406248.999995,7.3,-406248.999995,7.9,1756.000001,85.40342011748089,389.1174601334353,1471.5846019280557,1.0,3.0
308,308,-999,-999,3848,52,1.5,-999.0,1.5,-999.0,52.05,-171.836,7.3,5,0,6,0,2011-06-24T03:09:37.999997,-999,-999,1,1,0,5,0,4,0.0,0.0,0.0,0.0,5.8,359064.000002,0.0,39.53634746314316,182.28945197042378,-1.0,2.0
309,309,-999,-999,3852,17,1.7,-999.0,1.7,-999.0,-29.539,-176.34,7.6,32,0,32,0,2011-07-06T19:03:16.999998,-999,-999,1,1,0,4,0,4,0.0,0.0,0.0,0.0,5.9,389544.999999,0.0,90.16068421674417,289.8036300972396,-1.0,2.0
310,310,-999,-999,3879,32,0.1,-999.0,0.1,-999.0,-18.365,168.143,7.2,18,0,18,0,2011-08-20T16:55:01.000002,-999,-999,2,2,0,9,0,9,0.0,0.0,0.0,0.0,7.1,5060.999996,0.0,70.6350745017911,156.1879214416901,1.0,3.0
311,311,-999,-999,3907,33,2.2,-999.0,2.2,-999.0,-28.993,-176.238,7.4,3,0,3,0,2011-10-21T17:57:14.999997,-999,-999,1,1,0,0,0,0,0.0,0.0,0.0,0.0,5.2,56491.000001,0.0,83.20349283414593,212.75297086326285,1.0,3.0
312,312,-999,-999,3908,18,1.2,-999.0,1.2,-999.0,38.721,43.508,7.1,12,0,12,0,2011-10-23T10:41:21.999998,-999,-999,1,1,0,10,0,10,0.0,0.0,0.0,0.0,5.9,36250.999998,0.0,89.93102124138115,133.82379803431266,1.0,3.0
313,313,-999,-999,3937,19,2.1,-999.0,2.1,-999.0,2.433,93.21,7.2,1,0,1,0,2012-01-10T18:36:58.000002,-999,-999,-1,-1,0,0,0,0,0.0,0.0,0.0,0.0,5.1,909.999995,0.0,30.786012244206354,156.1879214416901,-1.0,1.0
314,314,-999,-999,3957,23,1.0,-999.0,1.0,-999.0,-17.827,167.133,7.1,19,0,19,0,2012-02-02T13:34:39.000002,-999,-999,1,1,0,13,0,13,0.0,0.0,0.0,0.0,6.1,51100.999997,0.0,52.22362207678522,133.82379803431266,-1.0,2.0
315,315,-999,-999,3982,20,1.4,-999.0,1.4,-999.0,16.493,-98.231,7.4,11,0,11,0,2012-03-20T18:02:45.999999,-999,-999,1,1,0,1,0,1,0.0,0.0,0.0,0.0,6.0,1144334.000004,0.0,83.89300879778291,212.75297086326285,1.0,3.0
316,316,-999,-999,3987,20,0.4,-999.0,0.4,-999.0,2.327,93.063,8.6,68,0,69,0,2012-04-11T08:38:34.999997,-999,-999,2,2,0,1,0,1,0.0,0.0,0.0,0.0,8.2,7474.000006,0.0,402.81175668120534,1019.3093880125635,-1.0,1.0
317,317,-999,-999,3988,13,-999.0,1.0,-999.0,1.0,28.696,-113.104,7.0,0,1,0,1,2012-04-12T07:15:47.000003,-999,-999,-1,-1,1,0,1,0,0.0,0.0,0.0,0.0,0.0,0.0,0.0,0.0,114.66193259390072,-1.0,1.0
318,318,-999,-999,4026,28,1.8,-999.0,1.8,-999.0,12.139,-88.59,7.3,5,0,5,0,2012-08-27T04:37:18.000000,-999,-999,1,1,0,3,0,3,0.0,0.0,0.0,0.0,5.5,91856.999997,0.0,72.12173423843508,182.28945197042378,1.0,3.0
319,319,-999,-999,4030,28,2.0,-999.0,2.0,-999.0,10.811,126.638,7.6,27,0,27,0,2012-08-31T12:47:32.000001,-999,-999,1,1,0,1,0,1,0.0,0.0,0.0,0.0,5.6,39024.999998,0.0,67.92213884974028,289.8036300972396,-1.0,3.0
320,320,-999,-999,4036,35,1.1,-999.0,1.1,-999.0,10.085,-85.315,7.6,4,0,4,0,2012-09-05T14:42:06.000003,-999,-999,1,1,0,2,0,2,0.0,0.0,0.0,0.0,6.5,3015456.999997,0.0,18.27150219773003,289.8036300972396,1.0,3.0
321,321,-999,-999,4051,14,1.5,-999.0,1.5,-999.0,52.788,-132.101,7.8,26,0,26,0,2012-10-28T03:04:06.999997,-999,-999,1,1,0,2,0,2,0.0,0.0,0.0,0.0,6.3,57012.000004,0.0,111.98896262248361,394.75897176315374,1.0,3.0
322,322,-999,-999,4056,24,0.9,-999.0,0.9,-999.0,13.988,-91.895,7.4,9,0,9,0,2012-11-07T16:35:44.999999,-999,-999,1,1,0,3,0,3,0.0,0.0,0.0,0.0,6.5,365952.999999,0.0,91.26356186721357,212.75297086326285,1.0,3.0
323,323,-999,-999,4062,31,1.1,-999.0,1.1,-999.0,37.89,143.949,7.3,11,0,11,0,2012-12-07T08:18:22.000001,-999,-999,1,1,0,2,0,2,0.0,0.0,0.0,0.0,6.2,771.0,0.0,62.86715262975656,182.28945197042378,1.0,3.0
324,324,-999,-999,4071,8,1.6,-999.0,1.6,-999.0,55.228,-134.859,7.5,3,0,3,0,2013-01-05T08:58:13.000002,-999,-999,1,1,0,2,0,2,0.0,0.0,0.0,0.0,5.9,799054.999997,0.0,24.16030523394518,248.30743700128235,-1.0,1.0
325,325,-999,-999,4078,24,0.9,2.0,0.9,2.0,-10.799,165.114,8.0,131,2,131,2,2013-02-06T01:12:23.999997,-999,-999,1,1,1,10,1,10,6.0,-640588.000002,6.0,-640588.000002,7.1,224053.0,16.327271025356396,165.9107094094307,537.7249613305888,1.0,3.0
326,326,-999,-999,4130,11,2.2,-999.0,2.2,-999.0,-60.857,-25.07,7.3,1,0,1,0,2013-07-15T14:03:38.000001,-999,-999,-1,-1,0,0,0,0,0.0,0.0,0.0,0.0,5.1,118893.999997,0.0,127.7654155208139,182.28945197042378,1.0,1.0
327,327,-999,-999,4142,29,1.0,-999.0,1.0,-999.0,51.537,-175.23,7.0,11,0,11,0,2013-08-30T16:25:01.000003,-999,-999,1,1,0,11,0,11,0.0,0.0,0.0,0.0,6.0,51214.0,0.0,43.762442523729405,114.66193259390072,1.0,3.0
328,328,-999,-999,4150,15,0.9,-999.0,0.9,-999.0,26.951,65.501,7.7,8,0,8,0,2013-09-24T11:29:46.000002,-999,-999,1,1,0,2,0,2,0.0,0.0,0.0,0.0,6.8,331459.0,0.0,181.25827802274614,338.2345089289617,1.0,3.0
329,329,-999,-999,4156,19,1.4,-999.0,1.4,-999.0,9.88,124.117,7.1,20,0,20,0,2013-10-15T00:12:30.999997,-999,-999,1,1,0,14,0,14,0.0,0.0,0.0,0.0,5.7,30617.000004,0.0,61.45610264916905,133.82379803431266,-1.0,3.0
330,330,-999,-999,4158,35,1.6,-999.0,1.6,-999.0,37.156,144.661,7.1,6,0,6,0,2013-10-25T17:10:18.000002,-999,-999,1,1,0,5,0,5,0.0,0.0,0.0,0.0,5.5,176566.999995,0.0,27.41344899608621,133.82379803431266,-1.0,2.0
331,331,-999,-999,4165,10,1.9,0.8,1.9,0.8,-60.274,-46.401,7.7,18,8,18,8,2013-11-17T09:04:53.999998,-999,-999,1,1,2,2,2,2,6.9,-16669.000002,6.9,-16669.000002,5.8,366.000005,45.246189930339874,206.50030129065124,338.2345089289617,-1.0,3.0
332,332,-999,-999,4168,11,1.0,1.4,1.0,1.4,-53.945,-55.003,7.0,2,2,2,2,2013-11-25T06:27:32.000001,-999,-999,1,1,2,2,2,2,5.6,-3224.999997,5.6,-3224.999997,6.0,3224.999997,48.943323404983204,72.02297844201625,114.66193259390072,1.0,1.0
333,333,-999,-999,4202,25,0.5,1.5,0.5,1.5,-19.61,-70.769,8.2,62,25,69,25,2014-04-01T23:46:46.000001,-999,-999,1,1,4,6,4,6,6.7,1391418.000004,6.7,1391418.000004,7.7,-901908.999999,64.89968357369008,133.3896067267268,549.3506570855053,1.0,3.0
334,334,-999,-999,4208,43,1.3,0.4,1.3,0.4,-6.755,155.024,7.5,24,15,24,15,2014-04-19T13:27:59.999998,-999,-999,2,2,5,6,5,6,7.1,-1508.999998,7.1,-1508.999998,6.2,38877.000001,59.952240298469974,57.08597963567813,248.30743700128235,1.0,3.0
335,335,-999,-999,4210,22,0.2,-999.0,0.2,-999.0,-11.27,162.148,7.6,25,0,25,0,2014-04-12T20:14:38.000002,-999,-999,2,2,0,9,0,9,0.0,0.0,0.0,0.0,7.4,58899.999999,0.0,84.5421691825595,289.8036300972396,-1.0,1.0
336,336,-999,-999,4215,24,2.2,-999.0,2.2,-999.0,17.397,-100.972,7.2,1,0,1,0,2014-04-18T14:27:23.000001,-999,-999,-1,-1,0,0,0,0,0.0,0.0,0.0,0.0,5.0,88251.999997,0.0,25.85938279317303,156.1879214416901,1.0,3.0
337,337,-999,-999,4268,16,0.4,-999.0,0.4,-999.0,-32.108,-110.811,7.0,6,0,6,0,2014-10-09T02:14:29.999999,-999,-999,2,2,0,6,0,6,0.0,0.0,0.0,0.0,6.6,1054.000004,0.0,97.31731386369101,114.66193259390072,1.0,2.0
338,338,-999,-999,4283,45,0.3,-999.0,0.3,-999.0,1.893,126.522,7.1,18,0,18,0,2014-11-15T02:31:40.000002,-999,-999,2,2,0,13,0,13,0.0,0.0,0.0,0.0,6.8,994609.999997,0.0,156.81680130767919,133.82379803431266,1.0,3.0
339,339,-999,-999,4320,16,1.9,1.8,1.9,1.8,52.649,-31.902,7.1,1,1,1,1,2015-02-13T18:59:11.000001,-999,-999,-1,-1,1,1,1,1,5.3,-2037.999998,5.3,-2037.999998,5.2,2037.999998,15.797183775035025,28.755577841497928,133.82379803431266,-1.0,1.0
340,340,-999,-999,4333,41,1.5,-999.0,1.5,-999.0,-4.729,152.562,7.5,7,0,7,0,2015-03-29T23:48:30.000001,-999,-999,1,1,0,3,0,3,0.0,0.0,0.0,0.0,6.0,131392.999998,0.0,77.47809429859429,248.30743700128235,1.0,3.0
341,341,-999,-999,4337,8,0.5,-999.0,0.5,-999.0,28.23,84.731,7.8,31,0,32,0,2015-04-25T06:11:24.000001,-999,-999,1,1,0,5,0,5,0.0,0.0,0.0,0.0,7.3,1472754.999996,0.0,253.8566149822995,394.75897176315374,1.0,3.0
342,342,-999,-999,4338,55,1.7,0.7,1.7,0.7,-5.462,151.875,7.5,18,9,18,9,2015-05-05T01:44:05.000000,-999,-999,1,1,6,3,6,3,6.8,-850.0,6.8,-850.0,5.8,23571.999999,31.097657358781294,83.42409832209754,248.30743700128235,1.0,3.0
343,343,-999,-999,4340,10,1.7,-999.0,1.7,-999.0,-7.218,154.557,7.1,9,0,9,0,2015-05-07T07:10:18.000002,-999,-999,1,1,0,5,0,5,0.0,0.0,0.0,0.0,5.4,15761.999995,0.0,41.5572310837323,133.82379803431266,-1.0,2.0
344,344,-999,-999,4362,11,1.9,-999.0,1.9,-999.0,-10.401,165.141,7.0,3,0,3,0,2015-07-18T02:27:32.000000,-999,-999,1,1,0,3,0,3,0.0,0.0,0.0,0.0,5.1,24898.000002,0.0,48.71044791937781,114.66193259390072,1.0,2.0
345,345,-999,-999,4385,22,1.3,-999.0,1.3,-999.0,-31.573,-71.674,8.3,88,0,96,0,2015-09-16T22:54:30.999998,-999,-999,1,1,0,6,0,6,0.0,0.0,0.0,0.0,7.0,1449.000001,0.0,218.3311064896193,641.1560464814495,1.0,3.0
346,346,-999,-999,4409,22,1.8,-999.0,1.8,-999.0,38.211,72.78,7.2,4,0,4,0,2015-12-07T07:50:03.999998,-999,-999,1,1,0,3,0,3,0.0,0.0,0.0,0.0,5.4,8093.0,0.0,60.98489297847548,156.1879214416901,-1.0,1.0
347,347,-999,-999,4411,35,2.1,-999.0,2.1,-999.0,-47.617,85.091,7.1,1,0,1,0,2015-12-04T22:24:59.999998,-999,-999,-1,-1,0,0,0,0,0.0,0.0,0.0,0.0,5.0,603634.999999,0.0,5.54955207415567,133.82379803431266,-1.0,2.0
348,348,-999,-999,4431,24,2.2,-999.0,2.2,-999.0,-4.952,94.33,7.8,3,0,3,0,2016-03-02T12:49:46.999997,-999,-999,1,1,0,0,0,0,0.0,0.0,0.0,0.0,5.6,40862.000004,0.0,85.5764708457349,394.75897176315374,-1.0,1.0
349,349,-999,-999,4447,10,1.3,0.8,1.3,0.8,32.791,130.754,7.0,12,4,12,4,2016-04-15T16:25:05.000001,-999,-999,1,1,4,12,4,12,6.2,-30205.999998,6.2,-30205.999998,5.7,1249.999998,10.928749946412406,98.16238948856349,114.66193259390072,-1.0,1.0
350,350,-999,-999,4449,20,0.9,-999.0,0.9,-999.0,0.382,-79.922,7.8,13,0,13,0,2016-04-16T23:58:35.000001,-999,-999,1,1,0,7,0,7,0.0,0.0,0.0,0.0,6.9,290110.999998,0.0,112.9102602026972,394.75897176315374,1.0,3.0
351,351,-999,-999,4453,24,1.2,-999.0,1.2,-999.0,-16.043,167.379,7.0,4,0,4,0,2016-04-28T19:33:23.000000,-999,-999,1,1,0,4,0,4,0.0,0.0,0.0,0.0,5.8,136384.999997,0.0,39.50261045543031,114.66193259390072,1.0,3.0
352,352,-999,-999,4481,16,1.8,-999.0,1.8,-999.0,-22.477,173.117,7.2,7,0,7,0,2016-08-12T01:26:34.999998,-999,-999,1,1,0,5,0,5,0.0,0.0,0.0,0.0,5.4,719.000001,0.0,73.8052989990455,156.1879214416901,1.0,1.0
353,353,-999,-999,4485,10,1.3,-999.0,1.3,-999.0,-55.285,-31.877,7.4,33,0,34,0,2016-08-19T07:32:21.000001,-999,-999,1,1,0,6,0,6,0.0,0.0,0.0,0.0,6.1,159181.0,0.0,123.15868514583677,212.75297086326285,1.0,3.0
354,354,-999,-999,4488,10,2.1,-999.0,1.5,-999.0,-0.046,-17.826,7.1,2,0,3,0,2016-08-29T04:29:56.000002,-999,-999,1,-1,0,1,0,0,0.0,0.0,0.0,0.0,5.6,2655736.0,0.0,18.158062807709843,133.82379803431266,-1.0,1.0
355,355,-999,-999,4490,19,0.9,-999.0,0.9,-999.0,-37.359,179.146,7.0,26,0,26,0,2016-09-01T16:37:56.000003,-999,-999,1,1,0,26,0,26,0.0,0.0,0.0,0.0,6.1,2169.0,0.0,64.7296524801162,114.66193259390072,-1.0,2.0
356,356,-999,-999,4511,15,1.3,-999.0,1.3,-999.0,-42.737,173.054,7.8,38,0,38,0,2016-11-13T11:02:54.999998,-999,-999,1,1,0,5,0,5,0.0,0.0,0.0,0.0,6.5,48685.999999,0.0,167.17586853982988,394.75897176315374,-1.0,3.0
357,357,-999,-999,4521,40,0.9,-999.0,0.9,-999.0,-10.681,161.327,7.8,55,0,55,0,2016-12-08T17:38:44.999997,-999,-999,1,1,0,5,0,5,0.0,0.0,0.0,0.0,6.9,91880.000002,0.0,71.00637542413878,394.75897176315374,1.0,3.0
358,358,-999,-999,4534,38,2.0,-999.0,2.0,-999.0,-43.406,-73.941,7.6,3,0,3,0,2016-12-25T14:22:26.000000,-999,-999,1,1,0,1,0,1,0.0,0.0,0.0,0.0,5.6,586.000001,0.0,45.73499107392642,289.8036300972396,1.0,3.0
359,359,-999,-999,4600,10,2.2,1.4,2.2,1.4,54.443,168.857,7.7,12,2,12,2,2017-07-17T23:34:12.000000,-999,-999,1,1,1,0,1,0,6.3,-74667.000003,6.3,-74667.000003,5.5,0.0,20.355539764867864,244.6286344039039,338.2345089289617,1.0,1.0
360,360,-999,-999,4614,47,2.4,-999.0,2.4,-999.0,15.022,-93.899,8.2,39,0,40,0,2017-09-08T04:49:18.000000,-999,-999,1,1,0,0,0,0,0.0,0.0,0.0,0.0,5.8,166683.0,0.0,177.5295020117047,549.3506570855053,-1.0,2.0
361,361,-999,-999,4632,19,1.9,-999.0,1.9,-999.0,34.911,45.959,7.3,2,0,2,0,2017-11-12T18:18:16.000001,-999,-999,-1,-1,0,2,0,2,0.0,0.0,0.0,0.0,5.4,0.0,0.0,33.95104782239704,182.28945197042378,1.0,3.0
362,362,-999,-999,4639,10,1.0,0.4,1.0,0.4,-21.325,168.672,7.0,8,13,8,13,2017-11-19T22:43:28.000002,-999,-999,5,5,13,8,13,8,6.6,23636.999999,6.6,23636.999999,6.0,5153.999996,57.954217350503235,22.759770760683814,114.66193259390072,-1.0,2.0
363,363,-999,-999,4651,39,1.6,-999.0,1.6,-999.0,-15.768,-74.709,7.1,2,0,2,0,2018-01-14T09:18:44.000002,-999,-999,-1,-1,0,1,0,1,0.0,0.0,0.0,0.0,5.5,595330.999996,0.0,13.980301963630312,133.82379803431266,1.0,3.0
364,364,-999,-999,4652,14,2.4,-999.0,2.4,-999.0,56.004,-149.166,7.9,13,0,13,0,2018-01-23T09:31:39.000002,-999,-999,1,1,0,0,0,0,0.0,0.0,0.0,0.0,5.5,52387.999996,0.0,91.84065275528725,460.72958753073897,-1.0,1.0
365,365,-999,-999,4665,22,1.3,-999.0,1.3,-999.0,16.386,-97.979,7.2,4,0,4,0,2018-02-16T23:39:37.999999,-999,-999,1,1,0,3,0,3,0.0,0.0,0.0,0.0,5.9,-0.0,0.0,52.53404353255664,156.1879214416901,1.0,3.0
366,366,-999,-999,4667,25,1.2,-999.0,1.2,-999.0,-6.07,142.754,7.5,57,0,57,0,2018-02-25T17:44:42.999997,-999,-999,1,1,0,8,0,8,0.0,0.0,0.0,0.0,6.3,77597.000002,0.0,143.83887029116613,248.30743700128235,-1.0,3.0
367,367,-999,-999,4708,21,0.8,-999.0,0.8,-999.0,-22.029,170.126,7.1,9,0,9,0,2018-08-29T03:51:54.999998,-999,-999,1,1,0,8,0,8,0.0,0.0,0.0,0.0,6.3,-0.0,0.0,46.74289249250225,133.82379803431266,1.0,3.0
368,368,-999,-999,4721,20,1.7,1.4,1.7,1.4,-0.256,119.846,7.5,19,3,19,3,2018-09-28T10:02:43.999997,-999,-999,1,1,1,5,1,5,6.1,-243649.000005,6.1,-243649.000005,5.8,1339.000004,19.696323989720206,154.72571354417278,248.30743700128235,1.0,1.0
369,369,-999,-999,4727,39,1.1,0.9,1.1,0.9,-5.701,151.205,7.0,3,1,3,1,2018-10-10T20:48:18.999997,-999,-999,1,1,1,3,1,3,6.1,-1494.000006,6.1,-1494.000006,5.9,1494.000006,17.03315690164909,28.682363847202115,114.66193259390072,1.0,3.0
370,370,-999,-999,4750,46,1.3,-999.0,1.3,-999.0,61.346,-149.955,7.1,7,0,7,0,2018-11-30T17:29:28.000000,-999,-999,1,1,0,3,0,3,0.0,0.0,0.0,0.0,5.8,368.000003,0.0,15.271999675404855,133.82379803431266,-1.0,2.0
371,371,-999,-999,4753,10,0.9,1.2,0.9,1.2,-21.95,169.427,7.5,40,1,40,1,2018-12-05T04:18:06.999997,-999,-999,1,1,1,7,1,7,6.3,-70047.000002,6.3,-70047.000002,6.6,8696.000003,10.81518020189421,125.6851654702217,248.30743700128235,-1.0,2.0
372,372,-999,-999,4757,16,1.2,-999.0,1.2,-999.0,55.1,164.699,7.3,13,0,13,0,2018-12-20T17:01:54.000000,-999,-999,1,1,0,10,0,10,0.0,0.0,0.0,0.0,6.1,329964.000003,0.0,64.31982867807254,182.28945197042378,-1.0,1.0
373,373,-999,-999,4762,60,1.3,-999.0,1.3,-999.0,5.898,126.921,7.0,2,0,2,0,2018-12-29T03:39:07.999998,-999,-999,-1,-1,0,2,0,2,0.0,0.0,0.0,0.0,5.7,-0.0,0.0,12.098640228497576,114.66193259390072,1.0,3.0
374,374,-999,-999,4804,10,2.6,-999.0,2.6,-999.0,-4.051,152.597,7.6,2,0,2,0,2019-05-14T12:58:24.000000,-999,-999,-1,-1,0,0,0,0,0.0,0.0,0.0,0.0,5.0,5888.999997,0.0,71.67510380012267,289.8036300972396,1.0,1.0
375,375,-999,-999,4812,46,1.0,-999.0,1.0,-999.0,-30.644,-178.1,7.3,10,0,10,0,2019-06-15T22:55:03.000003,-999,-999,1,1,0,4,0,4,0.0,0.0,0.0,0.0,6.3,22929.999999,0.0,143.4231760846381,182.28945197042378,1.0,3.0
376,376,-999,-999,4820,8,1.6,0.7,1.6,0.7,35.77,-117.599,7.1,3,3,3,3,2019-07-06T03:19:52.000003,-999,-999,1,1,2,2,2,2,6.4,-1679.999999,6.4,-1679.999999,5.5,1679.999999,11.217793233058053,19.881473609594998,133.82379803431266,-1.0,1.0
377,377,-999,-999,4826,18,1.4,-999.0,1.4,-999.0,-0.586,128.034,7.2,9,0,10,0,2019-07-14T09:10:49.999999,-999,-999,1,1,0,4,0,4,0.0,0.0,0.0,0.0,5.8,4566.999998,0.0,42.424882171214165,156.1879214416901,1.0,1.0
378,378,-999,-999,4860,33,1.1,-999.0,1.1,-999.0,1.621,126.416,7.1,31,0,31,0,2019-11-14T16:17:39.000000,-999,-999,1,1,0,22,0,22,0.0,0.0,0.0,0.0,6.0,17714.0,0.0,41.325047519530706,133.82379803431266,1.0,3.0
