,Unnamed: 0.2,Unnamed: 0.1,Unnamed: 0,b_a,b_f,cid,depth0,dm_a,dm_f,dm_a_all,dm_f_all,lat0,lon0,m0,na,nf,na_all,nf_all,ot0,rate_a,rate_f,c_type,c_type60,fstyle_m,nf_all_apr,na_all_apr,nf_apr,na_apr,MmaxFS,dtmaxFS,MmaxFS60,dtmaxFS60,MmaxAS,dtmaxAS,RmaxFS,RmaxAS,Rpred,InterIntra,fstyle
0,0,0,0,-999,-999,1,33,1.8,0.1,1.8,0.1,-28.43,-177.66,7.9,2,1,2,1,1976-01-14T16:47:33.000002,-999,-999,2,2,0,1,2,1,2,7.8,3059.000002,7.8,3059.000002,6.1,-3059.000002,89.60775154281949,231.6654420081156,460.72958753073897,1.0,3.0
1,1,1,1,-999,-999,3,33,-999.0,-999.0,-999.0,-999.0,-29.89,-177.87,7.0,1,0,1,0,1976-03-24T04:46:06.000000,-999,-999,-1,-1,3,0,1,0,1,0.0,0.0,0.0,0.0,7.0,0.0,0.0,5.306750914792878,114.66193259390072,-1.0,3.0
2,2,2,2,-999,-999,6,3,-999.0,0.5,-999.0,0.5,7.41,-78.13,7.3,0,1,0,1,1976-07-11T20:41:50.000003,-999,-999,-1,-1,1,1,0,1,0,0.0,0.0,0.0,0.0,0.0,0.0,0.0,0.0,182.28945197042378,1.0,1.0
3,3,3,3,-999,-999,7,23,0.6,-999.0,0.6,-999.0,39.57,117.98,7.6,1,0,1,0,1976-07-27T19:42:55.999998,-999,-999,-1,-1,0,0,1,0,1,0.0,0.0,0.0,0.0,7.0,0.0,0.0,37.35425213400024,289.8036300972396,-1.0,2.0
4,4,4,4,-999,-999,8,33,0.9,-999.0,0.9,-999.0,6.26,124.02,8.0,1,0,1,0,1976-08-16T16:11:07.000003,-999,-999,-1,-1,3,0,1,0,1,0.0,0.0,0.0,0.0,7.1,0.0,0.0,162.34725093421758,537.7249613305888,1.0,3.0
5,5,5,5,-999,-999,11,37,1.1,-999.0,1.1,-999.0,16.77,122.33,7.2,1,0,1,0,1977-03-18T21:43:53.999998,-999,-999,-1,-1,3,0,1,0,1,0.0,0.0,0.0,0.0,6.1,0.0,0.0,4.932667331647144,156.1879214416901,1.0,3.0
6,6,6,6,-999,-999,15,33,1.3,0.1,1.3,0.1,-9.97,160.73,7.3,1,3,1,3,1977-04-21T04:24:03.999997,-999,-999,4,4,3,3,1,3,1,7.2,16873.999998,7.2,16873.999998,6.0,-18652.999997,47.54745825769797,23.52982594086813,182.28945197042378,1.0,3.0
7,7,7,7,-999,-999,17,65,2.3,-999.0,2.3,-999.0,-22.88,-175.9,8.0,1,0,1,0,1977-06-22T12:08:27.999997,-999,-999,-1,-1,0,0,0,0,0,0.0,0.0,0.0,0.0,5.7,-0.0,0.0,4.247220976532617,537.7249613305888,-1.0,2.0
8,8,8,8,-999,-999,19,33,1.7,2.6,1.7,2.6,-11.08,118.46,8.3,17,1,18,1,1977-08-19T06:08:53.999999,-999,-999,1,1,2,0,1,0,1,5.7,3610.999996,5.7,3610.999996,6.6,55564.0,10.908407480033143,134.27783001182777,641.1560464814495,-1.0,2.0
9,9,9,9,-999,-999,21,33,1.4,-999.0,1.4,-999.0,-59.43,-20.51,7.2,1,0,1,0,1977-08-26T19:50:00.000002,-999,-999,-1,-1,1,0,1,0,1,0.0,0.0,0.0,0.0,5.8,-0.0,0.0,45.31801885596321,156.1879214416901,-1.0,1.0
10,10,10,10,-999,-999,27,13,1.3,-999.0,1.3,-999.0,-31.03,-67.77,7.4,6,0,6,0,1977-11-23T09:26:19.999997,-999,-999,1,1,3,0,6,0,6,0.0,0.0,0.0,0.0,6.1,413596.000005,0.0,72.32434489562259,212.75297086326285,-1.0,3.0
11,11,11,11,-999,-999,35,33,0.7,-999.0,0.7,-999.0,-30.68,-177.36,7.0,3,0,3,0,1978-02-09T21:35:14.999999,-999,-999,1,1,3,0,3,0,3,0.0,0.0,0.0,0.0,6.3,79039.000003,0.0,67.91124389195127,114.66193259390072,1.0,3.0
12,12,12,12,-999,-999,39,33,0.1,0.6,0.1,0.6,44.93,148.44,7.6,5,2,6,2,1978-03-23T03:15:22.999997,-999,-999,2,2,0,2,4,2,4,7.0,9857.999999,7.0,9857.999999,7.5,-0.0,99.54686480720903,129.02905777985868,289.8036300972396,1.0,3.0
13,13,13,13,-999,-999,44,44,1.2,-999.0,1.2,-999.0,38.19,142.03,7.6,4,0,4,0,1978-06-12T08:14:28.000000,-999,-999,1,1,0,0,4,0,4,0.0,0.0,0.0,0.0,6.4,0.0,0.0,107.56694121044703,289.8036300972396,1.0,3.0
14,14,14,14,-999,-999,48,33,-999.0,-999.0,-999.0,-999.0,-11.23,162.18,7.0,3,0,3,0,1978-11-04T22:29:24.000000,-999,-999,2,2,0,0,3,0,3,0.0,0.0,0.0,0.0,7.0,19656.000001,0.0,25.952696109544483,114.66193259390072,1.0,3.0
15,15,15,15,-999,-999,50,18,2.4,-999.0,2.4,-999.0,16.01,-96.59,7.8,2,0,2,0,1978-11-29T19:52:43.999998,-999,-999,-1,-1,0,0,0,0,0,0.0,0.0,0.0,0.0,5.4,0.0,0.0,12.573070247652248,394.75897176315374,1.0,3.0
16,16,16,16,-999,-999,54,33,-999.0,-999.0,1.9,-999.0,33.39,57.43,7.4,0,0,1,0,1978-09-16T15:36:00.000002,-999,-999,-1,-1,3,0,1,0,0,0.0,0.0,0.0,0.0,0.0,0.0,0.0,0.0,212.75297086326285,-1.0,3.0
17,17,17,17,-999,-999,55,53,1.5,-999.0,1.5,-999.0,-16.39,-72.66,7.1,1,0,1,0,1979-02-16T10:08:48.000000,-999,-999,-1,-1,0,0,1,0,1,0.0,0.0,0.0,0.0,5.6,0.0,0.0,12.235281655255795,133.82379803431266,-1.0,3.0
18,18,18,18,-999,-999,57,15,2.4,-999.0,2.4,-999.0,60.64,-141.59,7.5,1,0,1,0,1979-02-28T21:27:03.000003,-999,-999,-1,-1,0,0,0,0,0,0.0,0.0,0.0,0.0,5.1,0.0,0.0,57.24861435896599,248.30743700128235,1.0,3.0
19,19,19,19,-999,-999,67,5,1.4,-999.0,1.4,-999.0,-1.68,136.04,7.5,4,0,4,0,1979-09-12T05:17:47.000000,-999,-999,1,1,1,0,3,0,3,0.0,0.0,0.0,0.0,6.1,0.0,0.0,84.98754572941532,248.30743700128235,1.0,1.0
20,20,20,20,-999,-999,70,22,1.5,0.9,1.5,0.9,-10.62,161.28,7.0,1,1,1,1,1979-10-23T09:51:06.000000,-999,-999,-1,-1,3,1,1,1,1,6.1,5529.999999,6.1,5529.999999,5.5,-5529.999999,3.963106425010002,12.912526774835763,114.66193259390072,1.0,3.0
21,21,21,21,-999,-999,73,10,0.9,0.5,0.9,0.5,33.96,59.73,7.0,1,1,1,1,1979-11-27T17:10:35.000001,-999,-999,-1,-1,1,1,1,1,1,6.5,1176552.000003,6.5,1176552.000003,6.1,-1176552.000003,4.543881468264305,11.380181882562681,114.66193259390072,-1.0,1.0
22,22,22,22,-999,-999,74,24,1.8,-999.0,1.8,-999.0,1.6,-79.36,8.1,2,0,2,0,1979-12-12T07:59:04.000002,-999,-999,-1,-1,0,0,1,0,1,0.0,0.0,0.0,0.0,6.3,-0.0,0.0,113.41478630045295,470.69063154972355,1.0,3.0
23,23,23,23,-999,-999,80,44,1.0,-999.0,1.0,-999.0,43.53,146.75,7.1,3,0,3,0,1980-02-23T05:51:02.999999,-999,-999,1,1,0,0,3,0,3,0.0,0.0,0.0,0.0,6.1,-0.0,0.0,65.43919672562005,133.82379803431266,-1.0,3.0
24,24,24,24,-999,-999,82,38,-999.0,0.9,-999.0,0.9,-22.67,171.36,7.2,0,1,0,1,1980-03-08T22:12:06.999999,-999,-999,-1,-1,0,1,0,1,0,0.0,0.0,0.0,0.0,0.0,0.0,0.0,0.0,156.1879214416901,1.0,3.0
25,25,25,25,-999,-999,93,33,0.9,-999.0,0.9,-999.0,-12.41,166.38,7.5,4,0,4,0,1980-07-08T23:19:22.000003,-999,-999,1,1,3,0,4,0,4,0.0,0.0,0.0,0.0,6.6,43527.999997,0.0,53.88199024755986,248.30743700128235,1.0,3.0
26,26,26,26,-999,-999,100,10,0.9,-999.0,0.9,-999.0,36.2,1.35,7.1,3,0,3,0,1980-10-10T12:25:18.999999,-999,-999,1,1,3,0,3,0,3,0.0,0.0,0.0,0.0,6.2,-0.0,0.0,23.439910119391463,133.82379803431266,-1.0,3.0
27,27,27,27,-999,-999,101,33,0.8,0.3,0.8,0.3,-21.89,169.85,7.4,6,2,6,2,1980-10-25T11:00:04.000002,-999,-999,5,5,3,2,6,2,6,7.1,14394.000002,7.1,14394.000002,6.6,-113668.000002,34.83901305299494,85.68429601666307,212.75297086326285,1.0,3.0
28,28,28,28,-999,-999,107,33,0.6,1.1,0.6,1.1,38.64,142.75,7.0,3,2,3,2,1981-01-18T18:11:30.000002,-999,-999,1,1,0,2,3,2,3,5.9,23078.0,5.9,23078.0,6.4,-23078.0,25.386302745030005,54.56532770822461,114.66193259390072,1.0,3.0
29,29,29,29,-999,-999,110,33,1.2,-999.0,1.2,-999.0,51.74,176.27,7.0,3,0,3,0,1981-01-30T08:52:47.000003,-999,-999,1,1,3,0,3,0,3,0.0,0.0,0.0,0.0,5.8,0.0,0.0,56.783396864616314,114.66193259390072,1.0,3.0
30,30,30,30,-999,-999,117,33,1.9,-999.0,1.9,-999.0,-48.79,164.36,7.6,3,0,3,0,1981-05-25T05:25:16.000003,-999,-999,1,1,1,0,2,0,2,0.0,0.0,0.0,0.0,5.7,221520.999998,0.0,48.71630947527686,289.8036300972396,1.0,1.0
31,31,31,31,-999,-999,119,30,1.3,-999.0,1.3,-999.0,-17.3,167.59,7.1,1,0,1,0,1981-07-15T07:59:03.999997,-999,-999,-1,-1,3,0,1,0,1,0.0,0.0,0.0,0.0,5.8,-0.0,0.0,33.38581692184923,133.82379803431266,1.0,3.0
32,32,32,32,-999,-999,121,15,1.6,-999.0,1.6,-999.0,-14.99,-173.17,7.5,3,0,3,0,1981-09-01T09:29:29.999997,-999,-999,1,1,2,0,3,0,3,0.0,0.0,0.0,0.0,5.9,51969.000001,0.0,57.1518491746961,248.30743700128235,-1.0,2.0
33,33,33,33,-999,-999,125,33,1.6,0.2,1.6,0.2,-29.81,-177.85,7.0,2,4,2,4,1981-12-26T17:05:33.000002,-999,-999,2,2,3,4,2,4,2,6.8,214332.999999,6.8,214332.999999,5.4,-214332.999999,78.12618609274591,47.20045350302497,114.66193259390072,-1.0,3.0
34,34,34,34,-999,-999,129,10,1.3,-999.0,1.3,-999.0,-0.97,-21.86,7.1,1,0,1,0,1982-01-03T14:09:51.999998,-999,-999,-1,-1,0,0,1,0,1,0.0,0.0,0.0,0.0,5.8,0.0,0.0,11.01045832498317,133.82379803431266,-1.0,1.0
35,35,35,35,-999,-999,134,26,0.5,-999.0,0.5,-999.0,13.74,124.32,7.1,1,0,1,0,1982-01-11T06:10:02.999998,-999,-999,-1,-1,0,0,1,0,1,0.0,0.0,0.0,0.0,6.6,0.0,0.0,7.950677387046698,133.82379803431266,1.0,3.0
36,36,36,36,-999,-999,144,34,1.0,1.7,1.0,1.7,36.21,141.76,7.0,2,1,2,1,1982-07-23T14:23:50.000001,-999,-999,1,1,0,1,2,1,2,5.3,75082.000003,5.3,75082.000003,6.0,-75082.000003,6.319947612273428,19.100202164659475,114.66193259390072,1.0,3.0
37,37,37,37,-999,-999,159,33,1.2,-999.0,1.2,-999.0,-24.19,-175.77,7.5,7,0,7,0,1982-12-19T17:43:50.999999,-999,-999,1,1,3,0,5,0,5,0.0,0.0,0.0,0.0,6.3,-0.0,0.0,73.25708326194031,248.30743700128235,1.0,3.0
38,38,38,38,-999,-999,175,33,1.5,-999.0,1.5,-999.0,8.73,-83.12,7.4,4,0,4,0,1983-04-03T02:50:01.999997,-999,-999,1,1,3,0,4,0,4,0.0,0.0,0.0,0.0,5.9,123665.000005,0.0,113.87954113891243,212.75297086326285,1.0,3.0
39,39,39,39,-999,-999,180,33,1.8,-999.0,1.8,-999.0,40.37,139.15,7.7,4,0,4,0,1983-05-26T02:59:59.999997,-999,-999,1,1,3,0,2,0,2,0.0,0.0,0.0,0.0,5.9,327705.000004,0.0,38.62242135959149,338.2345089289617,-1.0,3.0
40,40,40,40,-999,-999,191,18,1.1,-999.0,1.1,-999.0,-26.62,-70.77,7.6,2,0,3,0,1983-10-04T18:52:14.999997,-999,-999,1,-1,3,0,1,0,1,0.0,0.0,0.0,0.0,6.5,158976.0,0.0,43.872566568528526,289.8036300972396,1.0,3.0
41,41,41,41,-999,-999,193,33,0.5,-999.0,0.5,-999.0,-60.62,-25.44,7.0,3,0,3,0,1983-10-22T04:21:36.999999,-999,-999,1,1,2,0,3,0,3,0.0,0.0,0.0,0.0,6.5,5504.000003,0.0,39.659631086970144,114.66193259390072,-1.0,2.0
42,42,42,42,-999,-999,200,10,1.4,-999.0,1.4,-999.0,-6.89,72.12,7.7,7,0,8,0,1983-11-30T17:46:00.000001,-999,-999,1,1,2,0,3,0,3,0.0,0.0,0.0,0.0,6.3,183133.999999,0.0,118.88618724435044,338.2345089289617,-1.0,2.0
43,43,43,43,-999,-999,201,69,1.4,-999.0,1.4,-999.0,14.05,-91.94,7.0,1,0,1,0,1983-12-02T03:09:03.000002,-999,-999,-1,-1,3,0,1,0,1,0.0,0.0,0.0,0.0,5.6,-0.0,0.0,10.240563591400537,114.66193259390072,1.0,3.0
44,44,44,44,-999,-999,209,14,1.1,-999.0,1.1,-999.0,-9.92,160.46,7.5,1,0,1,0,1984-02-07T21:33:23.000002,-999,-999,-1,-1,0,0,1,0,1,0.0,0.0,0.0,0.0,6.4,-0.0,0.0,29.493935579565903,248.30743700128235,-1.0,3.0
45,45,45,45,-999,-999,211,26,1.9,-999.0,1.9,-999.0,40.29,63.33,7.0,1,0,2,0,1984-03-19T20:28:35.000000,-999,-999,-1,-1,3,0,2,0,1,0.0,0.0,0.0,0.0,5.1,0.0,0.0,7.954495504454332,114.66193259390072,-1.0,3.0
46,46,46,46,-999,-999,248,33,0.5,-999.0,0.5,-999.0,-33.15,-71.98,7.9,14,0,18,0,1985-03-03T22:47:07.000003,-999,-999,1,1,3,0,7,0,7,0.0,0.0,0.0,0.0,7.4,0.0,0.0,123.60489021389118,460.72958753073897,1.0,3.0
47,47,47,47,-999,-999,262,41,1.6,-999.0,1.6,-999.0,-4.46,152.82,7.2,1,0,1,0,1985-07-03T04:36:53.000000,-999,-999,-1,-1,3,0,1,0,1,0.0,0.0,0.0,0.0,5.6,0.0,0.0,33.86036924533941,156.1879214416901,1.0,3.0
48,48,48,48,-999,-999,276,33,0.5,-999.0,0.5,-999.0,18.18,-102.57,8.0,4,0,5,0,1985-09-19T13:17:44.000001,-999,-999,1,1,3,0,1,0,1,0.0,0.0,0.0,0.0,7.5,0.0,0.0,187.99076896818505,537.7249613305888,1.0,3.0
49,49,49,49,-999,-999,282,13,1.1,-999.0,1.1,-999.0,-1.59,135.01,7.1,2,0,2,0,1985-11-17T09:40:18.000002,-999,-999,-1,-1,1,0,2,0,2,0.0,0.0,0.0,0.0,6.0,-0.0,0.0,69.50653479252179,133.82379803431266,1.0,1.0
50,50,50,50,-999,-999,283,33,1.1,0.1,1.1,0.1,-13.96,166.17,7.0,4,1,4,1,1985-11-28T03:49:57.000003,-999,-999,2,2,1,1,4,1,4,6.9,5055.000003,6.9,5055.000003,5.9,-5055.000003,9.381511578871509,22.828561308152594,114.66193259390072,-1.0,1.0
51,51,51,51,-999,-999,285,33,0.6,0.6,0.6,0.6,-14.04,166.51,7.1,3,1,3,1,1985-12-21T01:13:16.000003,-999,-999,1,1,3,1,3,1,3,6.5,407350.000001,6.5,407350.000001,6.5,-407350.000001,20.287047974228436,27.967045714117166,133.82379803431266,1.0,3.0
52,52,52,52,-999,-999,294,33,1.4,1.7,1.4,1.7,51.41,-174.83,7.9,14,1,20,1,1986-05-07T22:47:07.000000,-999,-999,1,1,3,1,5,1,4,6.2,7413.000001,6.2,7413.000001,6.5,633087.000004,9.551748225763275,102.55256005696332,460.72958753073897,1.0,3.0
53,53,53,53,-999,-999,312,43,1.1,-999.0,1.1,-999.0,1.82,126.64,7.5,7,0,8,0,1986-08-14T19:39:11.000002,-999,-999,1,1,0,0,8,0,7,0.0,0.0,0.0,0.0,6.4,43294.999997,0.0,72.35399975415696,248.30743700128235,1.0,3.0
54,54,54,54,-999,-999,317,33,1.7,-999.0,1.7,-999.0,-28.1,-176.43,7.7,15,0,16,0,1986-10-20T06:46:11.999998,-999,-999,1,1,0,0,6,0,6,0.0,0.0,0.0,0.0,6.0,0.0,0.0,137.50144364071906,338.2345089289617,-1.0,1.0
55,55,55,55,-999,-999,322,33,1.5,-999.0,1.5,-999.0,23.96,121.82,7.3,2,0,2,0,1986-11-14T21:20:00.000002,-999,-999,-1,-1,3,0,2,0,2,0.0,0.0,0.0,0.0,5.8,-0.0,0.0,21.799273429590368,182.28945197042378,1.0,3.0
56,56,56,56,-999,-999,331,33,1.6,-999.0,1.6,-999.0,-60.15,-26.83,7.0,2,0,2,0,1987-01-30T22:29:41.000003,-999,-999,-1,-1,0,0,2,0,2,0.0,0.0,0.0,0.0,5.4,0.0,0.0,24.913095084203626,114.66193259390072,1.0,3.0
57,57,57,57,-999,-999,333,34,1.3,1.1,1.3,1.1,-5.94,147.79,7.3,6,1,6,1,1987-02-08T18:33:57.999999,-999,-999,1,1,1,1,6,1,6,6.2,110185.999998,6.2,110185.999998,6.0,44038.000004,13.393360821558398,24.004076280814616,182.28945197042378,-1.0,1.0
58,58,58,58,-999,-999,337,27,0.6,-999.0,0.6,-999.0,-24.49,-70.17,7.5,5,0,5,0,1987-03-05T09:16:58.000003,-999,-999,1,1,3,0,5,0,5,0.0,0.0,0.0,0.0,6.9,0.0,0.0,46.50815241719293,248.30743700128235,1.0,3.0
59,59,59,59,-999,-999,338,12,1.1,0.7,1.1,0.7,0.15,-77.83,7.1,1,1,1,1,1987-03-06T04:10:41.000000,-999,-999,-1,-1,3,1,1,1,1,6.4,8148.000002,6.4,8148.000002,6.0,-8148.000002,17.935218888711557,14.459848607463131,133.82379803431266,-1.0,3.0
60,60,60,60,-999,-999,362,33,0.6,-999.0,0.6,-999.0,-58.9,158.3,7.4,2,0,2,0,1987-09-03T06:40:08.999998,-999,-999,-1,-1,1,0,1,0,1,0.0,0.0,0.0,0.0,6.8,-0.0,0.0,75.46392714717021,212.75297086326285,1.0,1.0
61,61,61,61,-999,-999,369,20,1.4,-999.0,1.4,-999.0,-7.29,154.39,7.0,2,0,2,0,1987-10-12T13:57:02.999999,-999,-999,-1,-1,2,0,2,0,2,0.0,0.0,0.0,0.0,5.6,-0.0,0.0,8.036990403112172,114.66193259390072,-1.0,2.0
62,62,62,62,-999,-999,370,24,1.8,-999.0,1.8,-999.0,-6.25,149.09,7.3,1,0,1,0,1987-10-16T20:48:01.000000,-999,-999,-1,-1,3,0,1,0,1,0.0,0.0,0.0,0.0,5.5,0.0,0.0,33.43378891292128,182.28945197042378,1.0,3.0
63,63,63,63,-999,-999,375,10,1.3,-999.0,1.3,-999.0,58.82,-143.21,7.1,3,0,3,0,1987-11-17T08:46:52.000001,-999,-999,1,1,0,0,2,0,2,0.0,0.0,0.0,0.0,5.8,80784.000001,0.0,41.5857602514008,133.82379803431266,-1.0,1.0
64,64,64,64,-999,-999,379,10,2.0,-999.0,2.0,-999.0,58.68,-142.79,7.8,4,0,4,0,1987-11-30T19:23:11.999997,-999,-999,1,1,1,0,1,0,1,0.0,0.0,0.0,0.0,5.8,-0.0,0.0,68.10039393866619,394.75897176315374,-1.0,1.0
65,65,65,65,-999,-999,384,33,0.9,0.2,0.9,0.2,-24.77,-70.37,7.2,4,2,4,2,1988-02-05T14:01:05.000003,-999,-999,2,2,3,2,4,2,4,7.0,1492241.000004,7.0,1492241.000004,6.3,-1492241.000004,31.291589384864842,63.64864362262499,156.1879214416901,1.0,3.0
66,66,66,66,-999,-999,390,21,1.6,-999.0,1.6,-999.0,13.42,124.6,7.2,1,0,1,0,1988-02-24T03:51:57.999997,-999,-999,-1,-1,3,0,1,0,1,0.0,0.0,0.0,0.0,5.6,-0.0,0.0,4.865832315084933,156.1879214416901,1.0,3.0
67,67,67,67,-999,-999,396,10,2.7,-999.0,2.7,-999.0,57.27,-142.79,7.7,1,0,1,0,1988-03-06T22:35:35.000002,-999,-999,-1,-1,1,0,0,0,0,0.0,0.0,0.0,0.0,5.0,0.0,0.0,9.845917677595214,338.2345089289617,-1.0,1.0
68,68,68,68,-999,-999,400,54,0.9,-999.0,0.9,-999.0,-17.32,-72.4,7.1,3,0,3,0,1988-04-12T23:19:57.000003,-999,-999,1,1,0,0,3,0,3,0.0,0.0,0.0,0.0,6.2,-0.0,0.0,23.19200296717517,133.82379803431266,1.0,3.0
69,69,69,69,-999,-999,415,38,1.9,-999.0,1.9,-999.0,-10.21,160.77,7.5,2,0,2,0,1988-08-10T04:38:28.000003,-999,-999,-1,-1,3,0,1,0,1,0.0,0.0,0.0,0.0,5.6,-0.0,0.0,56.605403497092,248.30743700128235,1.0,3.0
70,70,70,70,-999,-999,428,10,0.9,-999.0,0.9,-999.0,22.81,99.77,7.0,4,0,4,0,1988-11-06T13:03:11.000000,-999,-999,1,1,1,0,4,0,4,0.0,0.0,0.0,0.0,6.1,1782881.999998,0.0,72.81520782252856,114.66193259390072,-1.0,1.0
71,71,71,71,-999,-999,442,33,1.2,-999.0,1.2,-999.0,2.26,126.82,7.1,8,0,8,0,1989-02-10T11:15:20.000001,-999,-999,1,1,3,0,8,0,8,0.0,0.0,0.0,0.0,5.9,0.0,0.0,38.299259085714006,133.82379803431266,1.0,3.0
72,72,72,72,-999,-999,464,10,2.1,-999.0,2.1,-999.0,-52.24,160.2,8.0,6,0,6,0,1989-05-23T10:54:45.000001,-999,-999,1,1,1,0,0,0,0,0.0,0.0,0.0,0.0,5.9,0.0,0.0,141.03541580413352,537.7249613305888,1.0,1.0
73,73,73,73,-999,-999,483,38,1.5,-999.0,1.5,-999.0,39.8,142.84,7.4,8,0,9,0,1989-11-01T18:25:35.999997,-999,-999,1,1,0,0,4,0,4,0.0,0.0,0.0,0.0,5.9,69397.000002,0.0,100.1954491718039,212.75297086326285,1.0,3.0
74,74,74,74,-999,-999,489,33,1.0,-999.0,1.0,-999.0,8.39,126.78,7.5,9,0,9,0,1989-12-15T18:43:45.000002,-999,-999,1,1,3,0,7,0,7,0.0,0.0,0.0,0.0,6.5,305053.0,0.0,72.93757866833738,248.30743700128235,1.0,3.0
75,75,75,75,-999,-999,506,19,1.6,-999.0,1.6,-999.0,9.89,-84.89,7.3,1,0,1,0,1990-03-25T13:22:54.999999,-999,-999,-1,-1,0,0,1,0,1,0.0,0.0,0.0,0.0,5.7,-0.0,0.0,35.97493385052805,182.28945197042378,1.0,3.0
76,76,76,76,-999,-999,507,33,2.3,-999.0,2.3,-999.0,-22.04,175.16,7.6,1,0,1,0,1990-03-03T12:16:22.999997,-999,-999,-1,-1,1,0,0,0,0,0.0,0.0,0.0,0.0,5.3,0.0,0.0,22.46026312799179,289.8036300972396,1.0,1.0
77,77,77,77,-999,-999,509,32,1.2,-999.0,1.2,-999.0,15.23,147.53,7.4,2,0,2,0,1990-04-05T21:12:39.000001,-999,-999,-1,-1,2,0,1,0,1,0.0,0.0,0.0,0.0,6.2,0.0,0.0,20.050138833294046,212.75297086326285,-1.0,2.0
78,78,78,78,-999,-999,511,28,1.1,-999.0,0.1,-999.0,1.16,122.84,7.6,7,0,12,0,1990-04-18T13:39:19.999998,-999,-999,2,1,3,0,6,0,4,0.0,0.0,0.0,0.0,7.5,12473404.000001,0.0,98.1434437464887,289.8036300972396,1.0,3.0
79,79,79,79,-999,-999,514,7,-999.0,-999.0,-999.0,-999.0,5.04,32.11,7.1,2,0,2,0,1990-05-20T02:21:58.000001,-999,-999,-1,-1,1,0,2,0,2,0.0,0.0,0.0,0.0,7.1,407565.999999,0.0,40.05395333651399,133.82379803431266,-1.0,1.0
80,80,80,80,-999,-999,517,15,1.7,-999.0,1.7,-999.0,11.33,122.17,7.1,1,0,1,0,1990-06-14T07:40:55.000003,-999,-999,-1,-1,1,0,1,0,1,0.0,0.0,0.0,0.0,5.4,-0.0,0.0,10.14076022657248,133.82379803431266,-1.0,1.0
81,81,81,81,-999,-999,519,10,1.7,-999.0,1.7,-999.0,36.96,49.41,7.4,3,0,3,0,1990-06-20T21:00:07.000000,-999,-999,1,1,0,0,1,0,1,0.0,0.0,0.0,0.0,5.7,0.0,0.0,49.57820764037347,212.75297086326285,-1.0,1.0
82,82,82,82,-999,-999,523,25,1.2,-999.0,1.2,-999.0,15.66,121.23,7.7,9,0,9,0,1990-07-16T07:26:30.999999,-999,-999,1,1,1,0,4,0,4,0.0,0.0,0.0,0.0,6.5,124805.0,0.0,170.39098657765538,338.2345089289617,-1.0,1.0
83,83,83,83,-999,-999,551,10,1.4,-999.0,1.4,-999.0,9.68,-83.08,7.6,5,0,5,0,1991-04-22T21:56:50.999999,-999,-999,1,1,3,0,3,0,3,0.0,0.0,0.0,0.0,6.2,373551.000001,0.0,70.16149894725844,289.8036300972396,1.0,3.0
84,84,84,84,-999,-999,553,10,0.9,-999.0,0.9,-999.0,42.49,43.65,7.0,2,0,2,0,1991-04-29T09:12:46.999999,-999,-999,-1,-1,3,0,2,0,2,0.0,0.0,0.0,0.0,6.1,-0.0,0.0,38.52043776547749,114.66193259390072,-1.0,3.0
85,85,85,85,-999,-999,563,10,-999.0,0.7,-999.0,0.7,41.61,-125.51,7.0,0,1,0,1,1991-08-17T22:17:09.999998,-999,-999,-1,-1,1,1,0,1,0,0.0,0.0,0.0,0.0,0.0,0.0,0.0,0.0,114.66193259390072,-1.0,1.0
86,86,86,86,-999,-999,567,33,1.9,-999.0,1.9,-999.0,-9.05,158.49,7.2,1,0,1,0,1991-10-14T15:58:09.000002,-999,-999,-1,-1,3,0,1,0,1,0.0,0.0,0.0,0.0,5.3,0.0,0.0,9.923836046294989,156.1879214416901,1.0,3.0
87,87,87,87,-999,-999,572,21,2.0,-999.0,2.0,-999.0,4.56,-77.49,7.2,1,0,1,0,1991-11-19T22:28:49.000002,-999,-999,-1,-1,0,0,1,0,1,0.0,0.0,0.0,0.0,5.2,0.0,0.0,20.052040578819838,156.1879214416901,1.0,3.0
88,88,88,88,-999,-999,574,26,2.2,0.9,2.2,0.9,45.47,151.05,7.6,2,2,2,2,1991-12-22T08:43:08.000003,-999,-999,1,1,3,2,0,2,0,6.7,284965.000003,6.7,284965.000003,5.4,-284965.000003,54.80466875708375,82.90303118073341,289.8036300972396,1.0,3.0
89,89,89,89,-999,-999,575,33,0.5,-999.0,0.5,-999.0,-56.04,-25.33,7.1,2,0,2,0,1991-12-27T04:05:56.000000,-999,-999,-1,-1,2,0,2,0,2,0.0,0.0,0.0,0.0,6.6,0.0,0.0,59.27387063016118,133.82379803431266,-1.0,2.0
90,90,90,90,-999,-999,592,15,0.6,-999.0,0.6,-999.0,40.37,-124.32,7.2,3,0,3,0,1992-04-25T18:06:01.000003,-999,-999,1,1,0,0,3,0,3,0.0,0.0,0.0,0.0,6.6,48936.999993,0.0,24.36264703254644,156.1879214416901,1.0,3.0
91,91,91,91,-999,-999,595,33,-999.0,0.1,1.3,0.1,7.17,126.86,7.2,0,1,2,1,1992-05-17T10:15:26.000002,-999,-999,2,-1,3,1,2,1,0,0.0,0.0,0.0,0.0,0.0,0.0,0.0,0.0,156.1879214416901,1.0,3.0
92,92,92,92,-999,-999,596,50,1.2,-999.0,1.2,-999.0,-6.06,147.59,7.2,1,0,1,0,1992-05-15T07:05:04.000002,-999,-999,-1,-1,3,0,1,0,1,0.0,0.0,0.0,0.0,6.0,0.0,0.0,33.67687511507909,156.1879214416901,1.0,3.0
93,93,93,93,-999,-999,599,33,1.7,-999.0,1.7,-999.0,-11.04,165.18,7.0,1,0,1,0,1992-05-27T05:13:36.000001,-999,-999,-1,-1,2,0,1,0,1,0.0,0.0,0.0,0.0,5.3,0.0,0.0,40.060922681287444,114.66193259390072,1.0,2.0
94,94,94,94,-999,-999,610,5,0.8,-999.0,0.8,-999.0,34.18,-116.51,7.3,5,0,5,0,1992-06-28T11:57:32.000001,-999,-999,1,1,1,0,4,0,4,0.0,0.0,0.0,0.0,6.5,0.0,0.0,40.03663245942659,182.28945197042378,1.0,1.0
95,95,95,95,-999,-999,619,10,1.6,-999.0,1.6,-999.0,11.76,-87.42,7.6,9,0,9,0,1992-09-02T00:15:57.999998,-999,-999,1,1,0,0,5,0,5,0.0,0.0,0.0,0.0,6.0,59684.999999,0.0,158.43641094227263,289.8036300972396,1.0,3.0
96,96,96,96,-999,-999,629,10,1.6,0.5,1.6,0.5,7.12,-76.89,7.1,1,1,1,1,1992-10-18T15:11:55.999998,-999,-999,-1,-1,0,1,1,1,1,6.6,110358.999998,6.6,110358.999998,5.5,-110358.999998,28.861370472722264,64.12246868954033,133.82379803431266,-1.0,3.0
97,97,97,97,-999,-999,639,35,2.3,-999.0,2.3,-999.0,-8.51,121.89,7.7,2,0,2,0,1992-12-12T05:29:27.000001,-999,-999,-1,-1,3,0,0,0,0,0.0,0.0,0.0,0.0,5.4,0.0,0.0,33.90802402007758,338.2345089289617,1.0,3.0
98,98,98,98,-999,-999,648,14,0.5,-999.0,0.5,-999.0,-10.96,164.19,7.1,4,0,4,0,1993-03-06T03:05:43.999997,-999,-999,1,1,0,0,4,0,4,0.0,0.0,0.0,0.0,6.6,0.0,0.0,103.63995356131652,133.82379803431266,-1.0,1.0
99,99,99,99,-999,-999,660,33,1.2,-999.0,1.2,-999.0,7.23,126.62,7.0,1,0,1,0,1993-05-11T18:26:46.000002,-999,-999,-1,-1,3,0,1,0,1,0.0,0.0,0.0,0.0,5.8,0.0,0.0,5.9489886874093925,114.66193259390072,1.0,3.0
100,100,100,100,-999,-999,669,17,2.4,-999.0,2.4,-999.0,42.84,139.25,7.7,2,0,2,0,1993-07-12T13:17:10.000000,-999,-999,-1,-1,3,0,0,0,0,0.0,0.0,0.0,0.0,5.3,188481.000002,0.0,40.86016016030632,338.2345089289617,-1.0,3.0
101,101,101,101,-999,-999,671,61,1.7,-999.0,1.7,-999.0,12.96,144.78,7.7,4,0,4,0,1993-08-08T08:34:21.000000,-999,-999,1,1,0,0,2,0,2,0.0,0.0,0.0,0.0,6.0,173940.0,0.0,103.74002470802827,338.2345089289617,-1.0,3.0
102,102,102,102,-999,-999,674,34,0.8,0.5,0.8,0.5,14.73,-92.68,7.2,6,5,6,5,1993-09-10T19:12:49.999999,-999,-999,1,1,3,5,6,5,6,6.7,628671.999997,6.7,628671.999997,6.4,-837.999998,36.957576124104456,87.76600025205548,156.1879214416901,1.0,3.0
103,103,103,103,-999,-999,679,34,1.0,-999.0,1.0,-999.0,51.92,158.7,7.0,1,0,1,0,1993-11-13T01:18:01.000002,-999,-999,-1,-1,3,0,1,0,1,0.0,0.0,0.0,0.0,6.0,0.0,0.0,12.235281655255795,114.66193259390072,-1.0,3.0
104,104,104,104,-999,-999,682,33,0.6,-999.0,0.6,-999.0,-20.17,169.76,7.0,1,0,1,0,1993-12-29T07:48:16.000000,-999,-999,-1,-1,0,0,1,0,1,0.0,0.0,0.0,0.0,6.4,0.0,0.0,25.021982742419766,114.66193259390072,-1.0,1.0
105,105,105,105,-999,-999,685,33,1.1,-999.0,1.1,-999.0,-20.58,169.36,7.0,1,0,1,0,1994-02-12T17:58:23.000001,-999,-999,-1,-1,3,0,1,0,1,0.0,0.0,0.0,0.0,5.9,0.0,0.0,10.486518192260089,114.66193259390072,1.0,3.0
106,106,106,106,-999,-999,686,33,0.9,-999.0,0.9,0.8,-20.07,168.89,7.3,17,0,17,6,2008-04-09T12:46:12.000003,-999,-999,1,1,3,6,12,0,12,6.5,446398456.000005,0.0,0.0,6.4,184083.999998,34.87391569837708,114.17758300566621,182.28945197042378,1.0,3.0
107,107,107,107,-999,-999,699,39,1.2,-999.0,1.2,-999.0,-10.47,112.98,7.8,19,0,19,0,1994-06-02T18:17:32.999999,-999,-999,1,1,0,0,5,0,5,0.0,0.0,0.0,0.0,6.6,86321.999998,0.0,97.50554148346423,394.75897176315374,1.0,3.0
108,108,108,108,-999,-999,704,33,0.6,1.9,0.6,1.9,-16.62,167.51,7.2,6,1,6,1,1994-07-13T02:35:56.000002,-999,-999,1,1,0,1,6,1,6,5.3,7846.000004,5.3,7846.000004,6.6,-7846.000004,6.162385101212364,35.18904072945643,156.1879214416901,-1.0,3.0
109,109,109,109,-999,-999,718,33,1.0,-999.0,1.0,-999.0,43.71,147.33,8.3,27,0,32,0,1994-10-04T13:22:55.000000,-999,-999,1,1,0,0,1,0,1,0.0,0.0,0.0,0.0,7.3,341452.999999,0.0,142.38262527336778,641.1560464814495,1.0,3.0
110,110,110,110,-999,-999,723,33,1.6,-999.0,1.6,-999.0,13.53,121.09,7.1,2,0,2,0,1994-11-14T19:15:25.999997,-999,-999,-1,-1,1,0,2,0,2,0.0,0.0,0.0,0.0,5.5,0.0,0.0,53.40129290594751,133.82379803431266,1.0,1.0
111,111,111,111,-999,-999,726,33,1.3,-999.0,1.3,-999.0,40.45,143.49,7.7,11,0,11,0,1994-12-28T12:19:24.999996,-999,-999,1,1,0,0,4,0,4,0.0,0.0,0.0,0.0,6.4,264660.000001,0.0,118.20468192551778,338.2345089289617,1.0,3.0
112,112,112,112,-999,-999,729,57,1.0,-999.0,1.0,-999.0,40.23,142.24,7.0,1,0,1,0,1995-01-06T22:37:36.000001,-999,-999,-1,-1,3,0,1,0,1,0.0,0.0,0.0,0.0,6.0,0.0,0.0,14.8138007043574,114.66193259390072,-1.0,3.0
113,113,113,113,-999,-999,736,59,0.6,-999.0,0.6,-999.0,-37.71,178.77,7.1,12,0,12,0,1995-02-05T22:51:09.000000,-999,-999,1,1,2,0,12,0,12,0.0,0.0,0.0,0.0,6.5,309768.999998,0.0,68.26413510630452,133.82379803431266,-1.0,2.0
114,114,114,114,-999,-999,746,31,1.8,-999.0,1.8,-999.0,-15.19,-173.59,7.3,3,0,3,0,1995-04-07T22:06:55.999998,-999,-999,1,1,0,0,3,0,3,0.0,0.0,0.0,0.0,5.5,-0.0,0.0,23.98491861374822,182.28945197042378,-1.0,3.0
115,115,115,115,-999,-999,750,23,0.3,0.3,0.3,0.3,12.06,125.93,7.1,11,3,11,3,1995-04-21T00:34:49.000002,-999,-999,4,4,3,3,11,3,11,6.8,1493.999999,6.8,1493.999999,6.8,-1918.000004,43.02395578447326,73.8980161280182,133.82379803431266,1.0,3.0
116,116,116,116,-999,-999,754,33,1.4,-999.0,1.4,-999.0,12.62,125.31,7.0,3,0,3,0,1995-05-05T03:53:50.000000,-999,-999,1,1,0,0,3,0,3,0.0,0.0,0.0,0.0,5.6,1091612.000001,0.0,52.71686568430704,114.66193259390072,1.0,3.0
117,117,117,117,-999,-999,756,33,1.3,-999.0,1.3,-999.0,-23.01,169.89,7.7,4,0,4,0,1995-05-16T20:12:45.000001,-999,-999,1,1,2,0,3,0,3,0.0,0.0,0.0,0.0,6.4,0.0,0.0,90.26561086889201,338.2345089289617,-1.0,2.0
118,118,118,118,-999,-999,759,33,2.0,-999.0,2.0,-999.0,52.56,142.81,7.0,1,0,1,0,1995-05-27T13:03:55.000003,-999,-999,-1,-1,1,0,1,0,1,0.0,0.0,0.0,0.0,5.0,-0.0,0.0,37.96780727519409,114.66193259390072,-1.0,1.0
119,119,119,119,-999,-999,767,33,1.6,-999.0,1.6,-999.0,-29.2,-177.61,7.1,4,0,4,0,1995-07-03T19:50:50.999997,-999,-999,1,1,3,0,4,0,4,0.0,0.0,0.0,0.0,5.5,0.0,0.0,133.09794444287675,133.82379803431266,-1.0,3.0
120,120,120,120,-999,-999,770,47,1.7,-999.0,1.7,-999.0,-23.36,-70.31,8.0,12,0,16,0,1995-07-30T05:11:18.000002,-999,-999,1,1,3,0,3,0,3,0.0,0.0,0.0,0.0,6.3,299774.0,0.0,182.18039989675157,537.7249613305888,1.0,3.0
121,121,121,121,-999,-999,773,16,1.1,-999.0,1.1,-999.0,-5.81,154.21,7.7,8,0,8,0,1995-08-16T10:27:23.000001,-999,-999,1,1,3,0,6,0,6,0.0,0.0,0.0,0.0,6.6,0.0,0.0,131.78714293848105,338.2345089289617,1.0,3.0
122,122,122,122,-999,-999,778,27,0.6,-999.0,0.6,-999.0,-2.77,-77.88,7.0,6,0,6,0,1995-10-03T01:51:25.999998,-999,-999,1,1,3,0,6,0,6,0.0,0.0,0.0,0.0,6.4,-0.0,0.0,21.102068994506585,114.66193259390072,-1.0,3.0
123,123,123,123,-999,-999,779,49,2.1,-999.0,2.1,-999.0,19.15,-104.22,8.0,2,0,4,0,1995-10-09T15:36:00.000002,-999,-999,1,-1,0,0,0,0,0,0.0,0.0,0.0,0.0,5.9,0.0,0.0,77.6829953724505,537.7249613305888,1.0,3.0
124,124,124,124,-999,-999,781,27,0.4,-999.0,0.4,-999.0,27.92,130.34,7.1,9,0,9,0,1995-10-18T10:37:28.000003,-999,-999,0,0,2,0,8,0,8,0.0,0.0,0.0,0.0,6.7,50077.0,0.0,39.7984153496595,133.82379803431266,-1.0,2.0
125,125,125,125,-999,-999,787,10,1.5,-999.0,1.5,-999.0,28.82,34.86,7.2,2,0,3,0,1995-11-22T04:15:08.999998,-999,-999,1,-1,0,0,3,0,2,0.0,0.0,0.0,0.0,5.7,64903.000003,0.0,52.39605450113634,156.1879214416901,1.0,1.0
126,126,126,126,-999,-999,788,22,1.6,1.3,1.6,1.3,44.62,149.32,7.9,12,6,14,6,1995-12-03T18:01:08.000003,-999,-999,1,1,0,4,5,4,5,6.6,89269.000001,6.6,89269.000001,6.3,-0.0,35.56181013046285,120.33336770254283,460.72958753073897,1.0,3.0
127,127,127,127,-999,-999,794,33,1.9,-999.0,1.9,-999.0,0.72,119.98,7.9,6,0,6,0,1996-01-01T08:05:07.000000,-999,-999,1,1,0,0,1,0,1,0.0,0.0,0.0,0.0,6.0,3146031.000003,0.0,53.411357424954545,460.72958753073897,1.0,3.0
128,128,128,128,-999,-999,799,33,1.4,-999.0,1.4,-999.0,45.32,149.91,7.1,3,0,3,0,1996-02-07T21:36:41.999998,-999,-999,1,1,3,0,3,0,3,0.0,0.0,0.0,0.0,5.7,364927.0,0.0,43.93649100115416,133.82379803431266,-1.0,3.0
129,129,129,129,-999,-999,800,33,1.7,-999.0,1.7,-999.0,-0.95,137.03,8.2,14,0,16,0,1996-02-17T05:59:24.000002,-999,-999,1,1,0,0,4,0,4,0.0,0.0,0.0,0.0,6.5,0.0,0.0,147.55783229903042,549.3506570855053,1.0,3.0
130,130,130,130,-999,-999,802,33,1.2,-999.0,1.2,-999.0,16.2,-97.96,7.1,2,0,2,0,1996-02-25T03:08:19.999997,-999,-999,-1,-1,3,0,2,0,2,0.0,0.0,0.0,0.0,5.9,0.0,0.0,21.58613443377373,133.82379803431266,1.0,3.0
131,131,131,131,-999,-999,817,44,0.9,-999.0,0.9,-999.0,-6.52,155.0,7.2,10,0,15,0,1996-04-29T14:40:41.000001,-999,-999,1,1,3,0,13,0,10,0.0,0.0,0.0,0.0,6.3,414546.999998,0.0,71.76024324784491,156.1879214416901,1.0,3.0
132,132,132,132,-999,-999,819,33,-999.0,-999.0,2.2,-999.0,-9.62,-79.57,7.5,0,0,1,0,1996-02-21T12:51:06.000002,-999,-999,-1,-1,0,0,0,0,0,0.0,0.0,0.0,0.0,0.0,0.0,0.0,0.0,248.30743700128235,1.0,3.0
133,133,133,133,-999,-999,823,33,0.7,1.4,0.7,1.4,51.56,-177.63,7.9,13,2,15,2,1996-06-10T04:03:37.000003,-999,-999,1,1,3,1,3,1,2,6.5,103464.000006,6.5,103464.000006,7.2,-103464.000006,38.49364472907506,111.61810434186047,460.72958753073897,1.0,3.0
134,134,134,134,-999,-999,824,33,1.0,-999.0,1.0,-999.0,12.61,125.15,7.1,3,0,5,0,1996-06-11T18:22:52.000000,-999,-999,1,1,3,0,3,0,3,0.0,0.0,0.0,0.0,6.1,22041.0,0.0,44.74482399558735,133.82379803431266,1.0,3.0
135,135,135,135,-999,-999,832,33,1.1,0.4,1.1,0.4,1.0,120.45,7.0,2,1,3,1,1996-07-22T14:19:31.000003,-999,-999,2,2,0,1,3,1,2,6.6,533512.000004,6.6,533512.000004,5.9,-0.0,22.35348055690843,27.825421091770544,114.66193259390072,-1.0,3.0
136,136,136,136,-999,-999,869,33,1.6,-999.0,1.6,-999.0,-14.99,-75.68,7.7,8,0,8,0,1996-11-12T16:59:37.999998,-999,-999,1,1,3,0,4,0,4,0.0,0.0,0.0,0.0,6.1,-0.0,0.0,64.93716871005508,338.2345089289617,1.0,3.0
137,137,137,137,-999,-999,878,33,1.6,-999.0,1.6,-999.0,18.22,-102.76,7.1,1,0,1,0,1997-01-11T20:28:26.000002,-999,-999,-1,-1,0,0,1,0,1,0.0,0.0,0.0,0.0,5.5,0.0,0.0,15.800238401020426,133.82379803431266,-1.0,2.0
138,138,138,138,-999,-999,883,33,1.2,-999.0,1.2,-999.0,29.98,68.21,7.1,2,0,3,0,1997-02-27T21:08:02.000003,-999,-999,1,-1,0,0,3,0,2,0.0,0.0,0.0,0.0,5.9,402944.0,0.0,83.78613696488418,133.82379803431266,1.0,3.0
139,139,139,139,-999,-999,922,58,0.9,-999.0,0.9,-999.0,-30.93,-71.22,7.1,1,0,1,0,1997-10-15T01:03:29.000003,-999,-999,-1,-1,0,0,1,0,1,0.0,0.0,0.0,0.0,6.2,-0.0,0.0,21.133668313623836,133.82379803431266,-1.0,2.0
140,140,140,140,-999,-999,923,33,2.2,-999.0,2.2,-999.0,35.07,87.32,7.5,1,0,1,0,1997-11-08T10:02:54.000000,-999,-999,-1,-1,1,0,0,0,0,0.0,0.0,0.0,0.0,5.3,0.0,0.0,177.9619193749907,248.30743700128235,-1.0,1.0
141,141,141,141,-999,-999,928,33,1.4,2.3,1.4,2.3,54.84,162.04,7.8,19,3,19,3,1997-12-05T11:26:51.000001,-999,-999,1,1,3,0,4,0,4,5.5,45904.000003,5.5,45904.000003,6.4,-45904.000003,56.157651014843225,128.19272124233808,394.75897176315374,1.0,3.0
142,142,142,142,-999,-999,943,10,1.7,-999.0,1.7,-999.0,-62.88,149.53,8.1,5,0,5,0,1998-03-25T03:12:21.999997,-999,-999,1,1,1,0,1,0,1,0.0,0.0,0.0,0.0,6.4,0.0,0.0,190.42712866376687,470.69063154972355,-1.0,1.0
143,143,143,143,-999,-999,947,33,2.2,-999.0,2.2,-999.0,22.31,125.31,7.4,3,0,3,0,1998-05-03T23:30:18.999998,-999,-999,1,1,1,0,0,0,0,0.0,0.0,0.0,0.0,5.2,315498.000005,0.0,43.15432739556906,212.75297086326285,-1.0,1.0
144,144,144,144,-999,-999,962,10,1.8,-999.0,1.8,-999.0,-2.96,141.93,7.0,1,0,1,0,1998-07-17T08:49:11.000002,-999,-999,-1,-1,0,0,1,0,1,0.0,0.0,0.0,0.0,5.2,0.0,0.0,28.048422349677264,114.66193259390072,1.0,3.0
145,145,145,145,-999,-999,981,33,1.5,0.3,1.5,0.3,-6.92,128.95,7.0,3,1,3,1,1998-11-09T05:38:40.000003,-999,-999,2,2,3,1,3,1,3,6.7,510.000004,6.7,510.000004,5.5,-0.0,8.418682609609457,33.895280315536176,114.66193259390072,-1.0,0.0
146,146,146,146,-999,-999,983,33,2.4,-999.0,2.4,-999.0,-2.07,124.89,7.7,1,0,1,0,1998-11-29T14:10:26.000000,-999,-999,-1,-1,0,0,0,0,0,0.0,0.0,0.0,0.0,5.3,0.0,0.0,37.009016431223685,338.2345089289617,-1.0,0.0
147,147,147,147,-999,-999,998,33,1.2,-999.0,1.2,-999.0,5.4,121.94,7.1,3,0,3,0,1999-03-04T08:52:02.999999,-999,-999,1,1,3,0,2,0,2,0.0,0.0,0.0,0.0,5.9,-0.0,0.0,29.855111496170988,133.82379803431266,-1.0,3.0
148,148,148,148,-999,-999,1022,17,1.8,-999.0,1.8,-999.0,40.75,29.86,7.6,4,0,4,0,1999-08-17T00:01:33.999999,-999,-999,1,1,1,0,1,0,1,0.0,0.0,0.0,0.0,5.8,1238958.000003,0.0,62.42676344060871,289.8036300972396,1.0,1.0
149,149,149,149,-999,-999,1026,33,1.1,-999.0,1.1,-999.0,23.77,120.98,7.6,10,0,11,0,1999-09-20T17:47:17.999997,-999,-999,1,1,3,0,4,0,4,0.0,0.0,0.0,0.0,6.5,399376.000004,0.0,42.31648170295789,289.8036300972396,1.0,3.0
150,150,150,150,-999,-999,1036,33,-999.0,1.1,-999.0,1.1,-6.35,148.76,7.0,0,1,0,1,1999-11-19T13:56:45.999997,-999,-999,-1,-1,3,1,0,1,0,0.0,0.0,0.0,0.0,0.0,0.0,0.0,0.0,114.66193259390072,1.0,3.0
151,151,151,151,-999,-999,1043,66,0.6,-999.0,0.6,-999.0,57.41,-154.49,7.0,1,0,1,0,1999-12-06T23:12:35.999997,-999,-999,-1,-1,1,0,1,0,1,0.0,0.0,0.0,0.0,6.4,0.0,0.0,5.689277771245294,114.66193259390072,-1.0,1.0
152,152,152,152,-999,-999,1077,26,1.8,-999.0,1.8,-999.0,-1.11,123.57,7.5,3,0,3,0,2000-05-04T04:21:10.999998,-999,-999,1,1,1,0,2,0,2,0.0,0.0,0.0,0.0,5.7,-0.0,0.0,42.278500978349335,248.30743700128235,1.0,1.0
153,153,153,153,-999,-999,1083,33,1.2,-999.0,1.2,-999.0,-4.72,102.09,7.9,17,0,17,0,2000-06-04T16:28:22.999997,-999,-999,1,1,0,0,3,0,3,0.0,0.0,0.0,0.0,6.7,149386.000001,0.0,132.8672855566635,460.72958753073897,-1.0,0.0
154,154,154,154,-999,-999,1088,10,2.2,-999.0,2.2,-999.0,-13.8,97.45,7.9,2,0,2,0,2000-06-18T14:44:07.999997,-999,-999,-1,-1,1,0,0,0,0,0.0,0.0,0.0,0.0,5.7,0.0,0.0,65.86821515642993,460.72958753073897,-1.0,1.0
155,155,155,155,-999,-999,1118,33,1.9,-999.0,1.9,-999.0,-3.98,152.17,8.0,9,0,9,0,2000-11-16T04:54:53.000003,-999,-999,1,1,0,0,1,0,1,0.0,0.0,0.0,0.0,6.1,2653386.999998,0.0,155.0884047919185,537.7249613305888,1.0,3.0
156,156,156,156,-999,-999,1119,30,-999.0,-999.0,-999.0,-999.0,-5.23,153.1,7.8,26,0,28,0,2000-11-16T07:42:13.000000,-999,-999,2,2,0,0,10,0,10,0.0,0.0,0.0,0.0,7.8,116700.000002,0.0,161.00918098392097,394.75897176315374,1.0,3.0
157,157,157,157,-999,-999,1124,33,0.6,-999.0,0.6,-999.0,6.9,126.58,7.4,3,0,3,0,2001-01-01T06:57:00.000001,-999,-999,1,1,3,0,3,0,3,0.0,0.0,0.0,0.0,6.8,0.0,0.0,46.381490266814,212.75297086326285,1.0,3.0
158,158,158,158,-999,-999,1126,60,1.9,-999.0,1.8,-999.0,13.05,-88.66,7.7,10,0,14,0,2001-01-13T17:33:28.999996,-999,-999,1,1,2,0,4,0,2,0.0,0.0,0.0,0.0,5.9,2965438.000005,0.0,42.23579730189789,338.2345089289617,-1.0,2.0
159,159,159,159,-999,-999,1131,16,1.9,-999.0,1.9,-999.0,23.42,70.23,7.6,3,0,3,0,2001-01-26T03:16:41.000003,-999,-999,1,1,0,0,1,0,1,0.0,0.0,0.0,0.0,5.7,-0.0,0.0,31.23668325348633,289.8036300972396,-1.0,3.0
160,160,160,160,-999,-999,1134,36,1.6,-999.0,1.6,-999.0,-4.68,102.56,7.3,5,0,5,0,2001-02-13T19:28:31.999997,-999,-999,1,1,3,0,2,0,2,0.0,0.0,0.0,0.0,5.7,482510.000005,0.0,53.950932865634066,182.28945197042378,-1.0,3.0
161,161,161,161,-999,-999,1137,35,0.8,-999.0,0.8,-999.0,1.27,126.25,7.0,6,0,6,0,2001-02-24T07:23:46.999998,-999,-999,1,1,3,0,6,0,6,0.0,0.0,0.0,0.0,6.2,31441.000001,0.0,54.59318695637212,114.66193259390072,1.0,3.0
162,162,162,162,-999,-999,1157,33,0.8,-999.0,0.8,-999.0,-16.26,-73.64,8.4,14,0,19,0,2001-06-23T20:33:10.999998,-999,-999,1,1,3,0,3,0,3,0.0,0.0,0.0,0.0,7.6,1012833.000003,0.0,363.4924452509866,748.3036028766184,1.0,3.0
163,163,163,163,-999,-999,1168,33,1.4,-999.0,1.4,-999.0,-36.81,-179.57,7.1,6,0,6,0,2001-08-21T06:52:05.999997,-999,-999,1,1,3,0,6,0,6,0.0,0.0,0.0,0.0,5.7,311066.000001,0.0,42.74567663958034,133.82379803431266,-1.0,3.0
164,164,164,164,-999,-999,1179,33,1.8,-999.0,1.8,-999.0,-4.1,123.91,7.4,3,0,3,0,2001-10-19T03:28:47.000001,-999,-999,1,1,1,0,2,0,2,0.0,0.0,0.0,0.0,5.6,143346.000002,0.0,84.54194593711095,212.75297086326285,1.0,1.0
165,165,165,165,-999,-999,1184,10,2.6,-999.0,2.6,-999.0,35.95,90.54,7.8,1,0,1,0,2001-11-14T09:26:11.000003,-999,-999,-1,-1,0,0,0,0,0,0.0,0.0,0.0,0.0,5.2,-0.0,0.0,52.994341366341025,394.75897176315374,-1.0,1.0
166,166,166,166,-999,-999,1187,10,1.7,-999.0,1.7,-999.0,-42.81,124.69,7.1,1,0,1,0,2001-12-12T14:02:31.000002,-999,-999,-1,-1,1,0,1,0,1,0.0,0.0,0.0,0.0,5.4,0.0,0.0,18.680074202704805,133.82379803431266,-1.0,1.0
167,167,167,167,-999,-999,1192,21,0.6,-999.0,0.6,-999.0,-17.6,167.86,7.2,8,0,8,0,2002-01-02T17:22:49.000000,-999,-999,1,1,0,0,7,0,7,0.0,0.0,0.0,0.0,6.6,0.0,0.0,46.38451617883518,156.1879214416901,1.0,3.0
168,168,168,168,-999,-999,1207,31,1.7,-999.0,1.7,-999.0,6.03,124.25,7.5,4,0,4,0,2002-03-05T21:16:05.999997,-999,-999,1,1,3,0,1,0,1,0.0,0.0,0.0,0.0,5.8,79428.000006,0.0,65.10900742558701,248.30743700128235,1.0,3.0
169,169,169,169,-999,-999,1212,32,1.8,-999.0,1.8,-999.0,24.28,122.18,7.1,1,0,1,0,2002-03-31T06:52:48.999998,-999,-999,-1,-1,3,0,1,0,1,0.0,0.0,0.0,0.0,5.3,-0.0,0.0,34.48958484432132,133.82379803431266,-1.0,3.0
170,170,170,170,-999,-999,1241,13,1.5,-999.0,1.5,-999.0,-3.3,142.95,7.6,7,0,7,0,2002-09-08T18:44:19.999997,-999,-999,1,1,0,0,3,0,3,0.0,0.0,0.0,0.0,6.1,263018.0,0.0,128.58937270420498,289.8036300972396,1.0,3.0
171,171,171,171,-999,-999,1249,10,1.6,-999.0,1.6,-999.0,-1.76,134.3,7.5,2,0,3,0,2002-10-10T10:50:17.000001,-999,-999,1,-1,1,0,3,0,2,0.0,0.0,0.0,0.0,5.9,27802.999996,0.0,37.633028434171976,248.30743700128235,1.0,1.0
172,172,172,172,-999,-999,1255,30,0.9,-999.0,0.9,-999.0,2.82,96.08,7.2,3,0,3,0,2002-11-02T01:26:05.000003,-999,-999,1,1,3,0,3,0,3,0.0,0.0,0.0,0.0,6.3,-0.0,0.0,37.350128684671944,156.1879214416901,1.0,3.0
173,173,173,173,-999,-999,1258,4,2.8,-999.0,2.8,-999.0,63.52,-147.44,7.9,1,0,1,0,2002-11-03T22:12:41.999996,-999,-999,-1,-1,1,0,0,0,0,0.0,0.0,0.0,0.0,5.1,0.0,0.0,40.939210789729074,460.72958753073897,-1.0,1.0
174,174,174,174,-999,-999,1269,24,1.6,-999.0,1.6,-999.0,18.77,-104.1,7.5,2,0,2,0,2003-01-22T02:06:33.000002,-999,-999,-1,-1,0,0,1,0,1,0.0,0.0,0.0,0.0,5.9,0.0,0.0,39.1123880487279,248.30743700128235,1.0,3.0
175,175,175,175,-999,-999,1279,33,0.9,-999.0,0.9,-999.0,51.27,177.98,7.0,2,0,2,0,2003-03-17T16:36:18.999998,-999,-999,-1,-1,0,0,2,0,2,0.0,0.0,0.0,0.0,6.1,-0.0,0.0,12.040349508847113,114.66193259390072,1.0,3.0
176,176,176,176,-999,-999,1311,10,2.3,-999.0,2.3,-999.0,-60.53,-43.41,7.6,3,0,3,0,2003-08-04T04:37:18.999999,-999,-999,1,1,0,0,0,0,0,0.0,0.0,0.0,0.0,5.3,-0.0,0.0,91.38345273035108,289.8036300972396,1.0,2.0
177,177,177,177,-999,-999,1314,28,1.7,-999.0,1.7,-999.0,-45.1,167.14,7.2,2,0,2,0,2003-08-21T12:12:46.999999,-999,-999,-1,-1,3,0,2,0,2,0.0,0.0,0.0,0.0,5.5,474223.999998,0.0,45.34094431740885,156.1879214416901,1.0,3.0
178,178,178,178,-999,-999,1322,27,1.0,-999.0,1.0,-999.0,41.81,143.91,8.3,27,0,35,0,2003-09-25T19:50:07.999999,-999,-999,1,1,0,0,3,0,3,0.0,0.0,0.0,0.0,7.3,-0.0,0.0,112.1143540729138,641.1560464814495,1.0,3.0
179,179,179,179,-999,-999,1323,16,0.7,-999.0,0.7,-999.0,50.04,87.81,7.3,8,0,8,0,2003-09-27T11:33:19.999998,-999,-999,1,1,1,0,2,0,2,0.0,0.0,0.0,0.0,6.6,26369.000002,0.0,39.83097708321626,182.28945197042378,-1.0,1.0
180,180,180,180,-999,-999,1328,10,1.2,-999.0,1.2,-999.0,37.81,142.62,7.0,3,0,3,0,2003-10-31T01:06:30.000002,-999,-999,1,1,0,0,3,0,3,0.0,0.0,0.0,0.0,5.8,84023.999996,0.0,47.51199924380727,114.66193259390072,1.0,3.0
181,181,181,181,-999,-999,1335,33,2.1,-999.0,2.1,-999.0,51.15,178.65,7.8,6,0,6,0,2003-11-17T06:43:02.000003,-999,-999,1,1,0,0,0,0,0,0.0,0.0,0.0,0.0,5.7,70156.999999,0.0,47.58105613167764,394.75897176315374,1.0,3.0
182,182,182,182,-999,-999,1342,10,0.6,-999.0,0.6,-999.0,-22.01,169.77,7.3,10,0,10,0,2003-12-27T16:01:02.000001,-999,-999,1,1,3,0,10,0,10,0.0,0.0,0.0,0.0,6.7,0.0,0.0,59.68060297589959,182.28945197042378,1.0,3.0
183,183,183,183,-999,-999,1346,22,2.0,0.8,2.0,0.8,-22.25,169.68,7.1,2,5,2,5,2004-01-03T16:23:21.000001,-999,-999,1,1,2,5,1,5,1,6.3,28892.000002,6.3,28892.000002,5.1,-29661.000003,16.716425501470265,33.15976858956284,133.82379803431266,-1.0,2.0
184,184,184,184,-999,-999,1350,60,-999.0,-999.0,2.0,-999.0,16.06,-96.93,7.4,0,0,2,0,1999-09-30T16:31:15.999997,-999,-999,-1,-1,2,0,1,0,0,0.0,0.0,0.0,0.0,0.0,0.0,0.0,0.0,212.75297086326285,-1.0,2.0
185,185,185,185,-999,-999,1356,10,0.6,0.3,0.6,0.3,-4.0,135.02,7.3,8,3,10,3,2004-02-07T02:42:32.999998,-999,-999,0,0,1,2,6,2,6,7.0,106651.999995,7.0,106651.999995,6.7,-105493.999996,77.75183333492924,117.86879909297058,182.28945197042378,-1.0,1.0
186,186,186,186,-999,-999,1377,10,-999.0,-999.0,2.3,-999.0,-2.6,68.38,7.5,0,0,1,0,2003-07-15T20:27:51.999997,-999,-999,-1,-1,1,0,0,0,0,0.0,0.0,0.0,0.0,0.0,0.0,0.0,0.0,248.30743700128235,1.0,1.0
187,187,187,187,-999,-999,1423,10,0.8,0.2,0.8,0.2,33.18,137.07,7.4,7,1,7,1,2004-09-05T14:57:13.999999,-999,-999,2,2,3,1,6,1,6,7.2,17408.999999,7.2,17408.999999,6.6,0.0,43.66784444721826,54.75190666003764,212.75297086326285,-1.0,3.0
188,188,188,188,-999,-999,1443,10,2.1,-999.0,2.1,-999.0,-8.15,124.87,7.5,9,0,9,0,2004-11-11T21:26:36.999999,-999,-999,1,1,3,0,0,0,0,0.0,0.0,0.0,0.0,5.4,41161.0,0.0,54.25591747471348,248.30743700128235,1.0,3.0
189,189,189,189,-999,-999,1452,10,1.0,1.9,1.0,1.9,-3.61,135.4,7.1,10,1,10,1,2004-11-26T02:25:00.000000,-999,-999,1,1,0,1,8,1,8,5.2,27130.999999,5.2,27130.999999,6.1,47043.999998,15.101774725067852,29.447724830563214,133.82379803431266,-1.0,2.0
190,190,190,190,-999,-999,1456,39,0.3,-999.0,0.3,-999.0,43.01,145.12,7.0,1,0,1,0,2004-11-28T18:32:14.000003,-999,-999,-1,-1,3,0,1,0,1,0.0,0.0,0.0,0.0,6.7,-0.0,0.0,15.162180068404899,114.66193259390072,-1.0,3.0
191,191,191,191,-999,-999,1458,10,2.8,-999.0,2.8,-999.0,-49.31,161.35,8.1,1,0,1,0,2004-12-23T14:59:07.000001,-999,-999,-1,-1,1,0,0,0,0,0.0,0.0,0.0,0.0,5.3,-0.0,0.0,27.845064160106155,470.69063154972355,1.0,1.0
192,192,192,192,-999,-999,1459,39,0.6,-999.0,0.6,-999.0,6.91,92.96,7.2,34,0,34,0,2004-12-26T04:21:29.000003,-999,-999,1,1,3,0,21,0,21,0.0,0.0,0.0,0.0,6.6,-0.0,0.0,298.3109416685458,156.1879214416901,1.0,3.0
193,193,193,193,-999,-999,1461,10,2.3,-999.0,2.3,-999.0,3.3,95.78,9.0,87,0,98,0,2004-12-26T00:58:52.000003,-999,-999,1,1,0,0,0,0,0,0.0,0.0,0.0,0.0,6.7,529458.999999,0.0,655.5703155521925,1260.872407680681,1.0,3.0
194,194,194,194,-999,-999,1506,30,1.7,-999.0,1.7,-999.0,2.09,97.11,8.6,51,0,64,0,2005-03-28T16:09:31.999998,-999,-999,1,1,0,0,2,0,1,0.0,0.0,0.0,0.0,6.9,3738009.000001,0.0,447.2855313941869,1019.3093880125635,1.0,3.0
195,195,195,195,-999,-999,1529,10,0.6,-999.0,0.6,-999.0,41.3,-125.97,7.2,1,0,1,0,2005-06-15T02:50:54.000003,-999,-999,-1,-1,1,0,1,0,1,0.0,0.0,0.0,0.0,6.6,-0.0,0.0,77.52071291593784,156.1879214416901,-1.0,1.0
196,196,196,196,-999,-999,1539,16,1.6,-999.0,1.6,-999.0,7.92,92.19,7.2,6,0,7,0,2005-07-24T15:42:01.000001,-999,-999,1,1,1,0,5,0,4,0.0,0.0,0.0,0.0,5.6,38110.999996,0.0,89.9165101446699,156.1879214416901,-1.0,1.0
197,197,197,197,-999,-999,1563,26,1.2,-999.0,1.2,-999.0,34.54,73.59,7.6,19,0,21,0,2005-10-08T03:50:40.000002,-999,-999,1,1,3,0,5,0,5,0.0,0.0,0.0,0.0,6.4,0.0,0.0,61.53288651234964,289.8036300972396,1.0,3.0
198,198,198,198,-999,-999,1598,11,1.3,-999.0,1.3,-999.0,-21.32,33.58,7.0,5,0,5,0,2006-02-22T22:19:10.999997,-999,-999,1,1,2,0,5,0,5,0.0,0.0,0.0,0.0,5.7,0.0,0.0,24.72955070743417,114.66193259390072,-1.0,2.0
199,199,199,199,-999,-999,1620,22,1.0,-999.0,1.0,-999.0,60.95,167.09,7.6,8,0,8,0,2006-04-20T23:24:59.999998,-999,-999,1,1,3,0,3,0,3,0.0,0.0,0.0,0.0,6.6,493921.999999,0.0,83.36235274411739,289.8036300972396,-1.0,3.0
200,200,200,200,-999,-999,1630,55,2.1,-999.0,2.1,-999.0,-20.19,-174.12,8.0,11,0,11,0,2006-05-03T15:26:36.999999,-999,-999,1,1,3,0,0,0,0,0.0,0.0,0.0,0.0,5.9,0.0,0.0,102.37907357587765,537.7249613305888,-1.0,3.0
201,201,201,201,-999,-999,1654,34,1.6,-999.0,1.6,-999.0,-9.25,107.41,7.7,16,0,16,0,2006-07-17T08:19:31.000003,-999,-999,1,1,0,0,6,0,6,0.0,0.0,0.0,0.0,6.1,16364.0,0.0,150.79256187140612,338.2345089289617,1.0,3.0
202,202,202,202,-999,-999,1669,10,1.2,-999.0,1.2,-999.0,-61.03,-34.37,7.0,4,0,5,0,2006-08-20T03:41:43.999999,-999,-999,1,1,1,0,5,0,4,0.0,0.0,0.0,0.0,5.8,-0.0,0.0,23.736567642062678,114.66193259390072,1.0,1.0
203,203,203,203,-999,-999,1706,38,1.6,-999.0,1.6,-999.0,46.57,153.29,8.3,31,0,40,0,2006-11-15T11:14:19.999998,-999,-999,1,1,0,0,2,0,2,0.0,0.0,0.0,0.0,6.7,-0.0,0.0,211.61149211517116,641.1560464814495,1.0,3.0
204,204,204,204,-999,-999,1717,10,0.1,-999.0,0.1,-999.0,21.8,120.55,7.0,2,0,2,0,2006-12-26T12:26:19.999998,-999,-999,-1,-1,2,0,2,0,2,0.0,0.0,0.0,0.0,6.9,-0.0,0.0,23.389575352105748,114.66193259390072,-1.0,2.0
205,205,205,205,-999,-999,1719,10,2.1,-999.0,2.1,-999.0,46.24,154.52,8.1,5,0,5,0,2007-01-13T04:23:20.999998,-999,-999,1,1,2,0,0,0,0,0.0,0.0,0.0,0.0,6.0,-0.0,0.0,165.89331268598738,470.69063154972355,-1.0,2.0
206,206,206,206,-999,-999,1721,22,1.3,-999.0,1.3,-999.0,1.07,126.28,7.5,20,0,23,0,2007-01-21T11:27:42.999997,-999,-999,1,1,3,0,8,0,8,0.0,0.0,0.0,0.0,6.2,-0.0,0.0,74.65665854431931,248.30743700128235,1.0,3.0
207,207,207,207,-999,-999,1751,34,0.2,-999.0,0.2,-999.0,-20.62,169.36,7.1,3,0,3,0,2007-03-25T00:40:00.000003,-999,-999,2,2,3,0,3,0,3,0.0,0.0,0.0,0.0,6.9,0.0,0.0,49.692785766280764,133.82379803431266,1.0,3.0
208,208,208,208,-999,-999,1757,10,1.9,-999.0,1.9,-999.0,-8.46,157.04,8.1,9,0,9,0,2007-04-01T20:39:58.000002,-999,-999,1,1,3,0,2,0,2,0.0,0.0,0.0,0.0,6.2,0.0,0.0,73.44875193390271,470.69063154972355,1.0,3.0
209,209,209,209,-999,-999,1810,39,1.6,-999.0,1.6,-999.0,-13.39,-76.6,8.0,13,0,14,0,2007-08-15T23:40:58.000001,-999,-999,1,1,3,0,3,0,3,0.0,0.0,0.0,0.0,6.4,0.0,0.0,136.54681890935592,537.7249613305888,1.0,3.0
210,210,210,210,-999,-999,1826,35,0.9,-999.0,0.9,-999.0,-11.61,165.76,7.2,7,0,7,0,2007-09-02T01:05:11.999997,-999,-999,1,1,3,0,5,0,5,0.0,0.0,0.0,0.0,6.3,-0.0,0.0,35.738730140013644,156.1879214416901,1.0,3.0
211,211,211,211,-999,-999,1830,34,0.6,-999.0,0.6,-999.0,-4.44,101.37,8.5,34,0,45,0,2007-09-12T11:10:25.999998,-999,-999,1,1,0,0,5,0,5,0.0,0.0,0.0,0.0,7.9,-0.0,0.0,359.45791098942925,873.3572507832988,1.0,3.0
212,212,212,212,-999,-999,1838,10,0.8,-999.0,0.8,-999.0,-49.27,164.12,7.4,7,0,7,0,2007-09-30T05:23:33.000003,-999,-999,1,1,3,0,2,0,2,0.0,0.0,0.0,0.0,6.6,0.0,0.0,154.66112870178006,212.75297086326285,1.0,3.0
213,213,213,213,-999,-999,1839,14,1.3,-999.0,1.3,-999.0,10.45,145.72,7.0,4,0,4,0,2007-09-30T02:08:24.999997,-999,-999,1,1,1,0,4,0,4,0.0,0.0,0.0,0.0,5.7,227181.000001,0.0,16.21070802375817,114.66193259390072,-1.0,1.0
214,214,214,214,-999,-999,1854,40,0.9,-999.0,0.9,-999.0,-22.25,-69.89,7.7,15,0,15,0,2007-11-14T15:40:52.000000,-999,-999,1,1,3,0,7,0,7,0.0,0.0,0.0,0.0,6.8,84136.999998,0.0,143.73009824992963,338.2345089289617,1.0,3.0
215,215,215,215,-999,-999,1867,29,0.9,-999.0,0.9,-999.0,51.36,-179.52,7.2,4,0,4,0,2007-12-19T09:30:22.000001,-999,-999,1,1,3,0,3,0,3,0.0,0.0,0.0,0.0,6.3,60479.999998,0.0,58.84223193245125,156.1879214416901,1.0,3.0
216,216,216,216,-999,-999,1894,25,0.5,0.7,0.5,0.7,-2.49,99.97,7.2,4,4,4,4,2008-02-25T08:36:30.000003,-999,-999,1,1,0,4,4,4,4,6.5,64212.000003,6.5,64212.000003,6.7,-177560.000001,21.391359617199463,38.2996792753186,156.1879214416901,1.0,3.0
217,217,217,217,-999,-999,1908,10,1.9,-999.0,1.9,-999.0,35.49,81.47,7.1,6,0,6,0,2008-03-20T22:32:59.999997,-999,-999,1,1,2,0,5,0,5,0.0,0.0,0.0,0.0,5.2,-0.0,0.0,64.9833633228768,133.82379803431266,-1.0,2.0
218,218,218,218,-999,-999,1918,16,2.0,-999.0,2.0,-999.0,-55.66,158.45,7.1,2,0,2,0,2008-04-12T00:30:12.999998,-999,-999,-1,-1,3,0,2,0,2,0.0,0.0,0.0,0.0,5.1,-0.0,0.0,39.668227142898836,133.82379803431266,1.0,3.0
219,219,219,219,-999,-999,1932,19,1.8,-999.0,1.8,-999.0,31.0,103.32,7.9,9,0,9,0,2008-05-12T06:28:02.999998,-999,-999,1,1,0,0,1,0,1,0.0,0.0,0.0,0.0,6.1,-0.0,0.0,76.90811757817151,460.72958753073897,-1.0,3.0
220,220,220,220,-999,-999,1960,19,1.4,-999.0,1.4,-999.0,-58.22,-22.1,7.0,4,0,4,0,2008-06-30T06:17:41.000001,-999,-999,1,1,1,0,4,0,4,0.0,0.0,0.0,0.0,5.6,66615.000002,0.0,24.713689792857842,114.66193259390072,-1.0,1.0
221,221,221,221,-999,-999,2000,36,2.0,-999.0,1.4,-999.0,-29.76,-177.68,7.0,1,0,2,0,2008-09-29T15:19:34.000002,-999,-999,-1,-1,3,0,2,0,1,0.0,0.0,0.0,0.0,5.6,128632.000001,0.0,32.934619992784434,114.66193259390072,-1.0,3.0
222,222,222,222,-999,-999,2043,30,2.2,-999.0,2.2,-999.0,1.27,122.09,7.3,1,0,1,0,2008-11-16T17:02:31.000001,-999,-999,-1,-1,3,0,0,0,0,0.0,0.0,0.0,0.0,5.1,0.0,0.0,28.351189155879972,182.28945197042378,1.0,3.0
223,223,223,223,-999,-999,2046,17,0.3,-999.0,0.3,-999.0,-0.41,132.88,7.7,24,0,30,0,2009-01-03T19:43:47.999997,-999,-999,2,2,0,0,6,0,4,0.0,0.0,0.0,0.0,7.4,-0.0,0.0,110.9187839607185,338.2345089289617,1.0,3.0
224,224,224,224,-999,-999,2052,36,2.3,-999.0,2.3,-999.0,46.86,155.15,7.4,1,0,1,0,2009-01-15T17:49:35.999998,-999,-999,-1,-1,3,0,0,0,0,0.0,0.0,0.0,0.0,5.1,-0.0,0.0,35.238914453963176,212.75297086326285,-1.0,3.0
225,225,225,225,-999,-999,2056,22,0.8,-999.0,0.8,-999.0,3.88,126.4,7.1,34,0,35,0,2009-02-11T17:34:46.999996,-999,-999,1,1,3,0,27,0,26,0.0,0.0,0.0,0.0,6.3,1450163.000002,0.0,55.655740412939615,133.82379803431266,1.0,3.0
226,226,226,226,-999,-999,2061,25,1.7,-999.0,1.7,-999.0,-27.42,-176.33,7.0,2,0,2,0,2009-02-18T21:53:41.000003,-999,-999,-1,-1,0,0,2,0,2,0.0,0.0,0.0,0.0,5.3,506070.999994,0.0,47.226918560039806,114.66193259390072,1.0,3.0
227,227,227,227,-999,-999,2076,34,2.6,-999.0,2.6,-999.0,-23.05,-174.66,7.6,1,0,1,0,2009-03-19T18:17:40.999999,-999,-999,-1,-1,3,0,0,0,0,0.0,0.0,0.0,0.0,5.0,-0.0,0.0,70.12814018359657,289.8036300972396,1.0,3.0
228,228,228,228,-999,-999,2118,12,1.7,-999.0,1.7,-999.0,-45.76,166.56,7.8,10,0,10,0,2009-07-15T09:22:26.000002,-999,-999,1,1,0,0,1,0,1,0.0,0.0,0.0,0.0,6.1,1250433.999998,0.0,79.467174796397,394.75897176315374,1.0,3.0
229,229,229,229,-999,-999,2125,4,1.6,-999.0,1.6,-999.0,14.1,92.89,7.5,2,0,3,0,2009-08-10T19:55:36.000000,-999,-999,1,-1,2,0,1,0,1,0.0,0.0,0.0,0.0,5.9,0.0,0.0,20.959295464329177,248.30743700128235,-1.0,2.0
230,230,230,230,-999,-999,2140,18,2.1,-999.0,2.1,-999.0,-15.49,-172.1,8.1,2,0,2,0,2009-09-29T17:48:09.999998,-999,-999,-1,-1,2,0,0,0,0,0.0,0.0,0.0,0.0,6.0,203144.000003,0.0,22.436728033862206,470.69063154972355,-1.0,2.0
231,231,231,231,-999,-999,2147,35,1.0,-999.0,1.0,-999.0,-12.52,166.38,7.8,10,0,10,0,2009-10-07T22:18:53.000002,-999,-999,1,1,3,0,2,0,2,0.0,0.0,0.0,0.0,6.8,0.0,0.0,41.98992560097639,394.75897176315374,1.0,3.0
232,232,232,232,-999,-999,2148,45,0.2,-999.0,0.2,-999.0,-13.01,166.51,7.6,11,0,11,0,2009-10-07T22:03:11.000001,-999,-999,2,2,3,0,7,0,7,0.0,0.0,0.0,0.0,7.4,0.0,0.0,72.55158258464095,289.8036300972396,1.0,3.0
233,233,233,233,-999,-999,2178,26,-999.0,-999.0,1.4,-999.0,2.77,95.96,7.3,0,0,1,0,2008-02-20T08:08:25.000003,-999,-999,-1,-1,0,0,1,0,0,0.0,0.0,0.0,0.0,0.0,0.0,0.0,0.0,182.28945197042378,1.0,3.0
234,234,234,234,-999,-999,2182,25,0.3,0.5,0.3,0.5,-8.8,157.35,7.1,9,1,9,1,2010-01-03T22:36:27.000002,-999,-999,0,0,3,1,7,1,7,6.6,2903.000004,6.6,2903.000004,6.8,56877.000001,15.772347429457605,65.52947594954196,133.82379803431266,1.0,3.0
235,235,235,235,-999,-999,2184,13,1.0,-999.0,1.0,-999.0,18.45,-72.55,7.0,10,0,10,0,2010-01-12T21:53:06.999998,-999,-999,1,1,1,0,10,0,10,0.0,0.0,0.0,0.0,6.0,-0.0,0.0,40.11138862017791,114.66193259390072,1.0,1.0
236,236,236,236,-999,-999,2201,44,1.4,-999.0,1.4,-999.0,-35.85,-72.71,8.8,88,0,101,0,2010-02-27T06:34:15.000002,-999,-999,1,1,3,0,3,0,3,0.0,0.0,0.0,0.0,7.4,0.0,0.0,374.6433107313867,1388.4626834569187,1.0,3.0
237,237,237,237,-999,-999,2210,6,1.8,-999.0,1.8,-999.0,32.3,-115.27,7.2,4,0,4,0,2010-04-04T22:40:38.000001,-999,-999,1,1,1,0,1,0,1,0.0,0.0,0.0,0.0,5.4,53550.999999,0.0,65.27446557117342,156.1879214416901,1.0,1.0
238,238,238,238,-999,-999,2222,38,1.9,-999.0,1.9,-999.0,3.75,96.02,7.3,1,0,1,0,2010-05-09T05:59:41.000001,-999,-999,-1,-1,0,0,1,0,1,0.0,0.0,0.0,0.0,5.4,0.0,0.0,33.60621710657787,182.28945197042378,-1.0,3.0
239,239,239,239,-999,-999,2226,31,1.1,-999.0,1.1,-999.0,-13.7,166.64,7.2,7,0,7,0,2010-05-27T17:14:46.000002,-999,-999,1,1,3,0,4,0,4,0.0,0.0,0.0,0.0,6.1,0.0,0.0,39.06499445006017,156.1879214416901,1.0,3.0
240,240,240,240,-999,-999,2231,35,2.0,-999.0,2.0,-999.0,7.88,91.94,7.5,5,0,5,0,2010-06-12T19:26:48.000002,-999,-999,1,1,0,0,1,0,1,0.0,0.0,0.0,0.0,5.5,273455.999998,0.0,55.004855130286494,248.30743700128235,-1.0,0.0
241,241,241,241,-999,-999,2233,18,0.4,0.8,0.4,0.8,-2.17,136.54,7.0,1,1,1,1,2010-06-16T03:16:23.000002,-999,-999,-1,-1,1,1,1,1,1,6.2,622.0,6.2,622.0,6.6,-622.0,26.436027538487135,19.005155462756598,114.66193259390072,1.0,1.0
242,242,242,242,-999,-999,2244,35,1.0,0.4,1.0,0.4,-5.93,150.59,7.3,6,1,6,1,2010-07-18T13:35:01.000000,-999,-999,2,2,3,1,3,1,3,6.9,1849.000001,6.9,1849.000001,6.3,75721.0,18.251495119109748,75.76041667106513,182.28945197042378,1.0,3.0
243,243,243,243,-999,-999,2254,25,1.4,-999.0,1.4,-999.0,-17.54,168.07,7.3,9,0,9,0,2010-08-10T05:23:41.000002,-999,-999,1,1,3,0,5,0,5,0.0,0.0,0.0,0.0,5.9,79565.999997,0.0,58.72790250224512,182.28945197042378,1.0,3.0
244,244,244,244,-999,-999,2269,26,1.1,-999.0,1.1,-999.0,-4.96,133.76,7.0,3,0,3,0,2010-09-29T17:11:27.000001,-999,-999,1,1,2,0,3,0,3,0.0,0.0,0.0,0.0,5.9,32373.999997,0.0,30.36083937937609,114.66193259390072,-1.0,2.0
245,245,245,245,-999,-999,2282,20,1.5,-999.0,1.5,-999.0,-3.49,100.08,7.8,7,0,8,0,2010-10-25T14:42:23.999998,-999,-999,1,1,0,0,2,0,2,0.0,0.0,0.0,0.0,6.3,-0.0,0.0,129.64386619996017,394.75897176315374,1.0,3.0
246,246,246,246,-999,-999,2298,14,1.0,-999.0,1.0,-999.0,26.9,143.7,7.4,19,0,19,0,2010-12-21T17:19:38.999998,-999,-999,1,1,0,0,5,0,5,0.0,0.0,0.0,0.0,6.4,70891.000001,0.0,53.46420253110683,212.75297086326285,-1.0,2.0
247,247,247,247,-999,-999,2301,16,1.0,-999.0,1.0,-999.0,-19.7,167.94,7.3,9,0,9,0,2010-12-25T13:16:34.999999,-999,-999,1,1,2,0,5,0,5,0.0,0.0,0.0,0.0,6.3,290745.000001,0.0,36.70839393097081,182.28945197042378,-1.0,2.0
248,248,248,248,-999,-999,2330,24,1.5,1.8,1.5,1.8,38.32,142.37,9.1,168,10,199,10,2011-03-11T05:46:18.000000,-999,-999,1,1,0,1,2,1,2,7.3,-125090706.000003,7.3,-125090706.000003,7.6,-183661.000001,86.67723240220015,372.9794347147761,1471.5846019280557,1.0,3.0
249,249,249,249,-999,-999,2331,30,1.6,-999.0,1.6,-999.0,36.13,140.23,7.9,35,0,35,0,2011-03-11T06:15:40.000002,-999,-999,1,1,3,0,3,0,3,0.0,0.0,0.0,0.0,6.3,0.0,0.0,236.22650698702577,460.72958753073897,1.0,3.0
250,250,250,250,-999,-999,2374,52,1.5,-999.0,0.4,-999.0,52.07,-171.84,7.3,5,0,9,0,2011-06-24T03:09:36.999998,-999,-999,2,1,0,0,7,0,4,0.0,0.0,0.0,0.0,6.9,392637.0,0.0,41.279972129677155,182.28945197042378,-1.0,2.0
251,251,251,251,-999,-999,2379,17,1.8,-999.0,1.8,-999.0,-29.54,-176.34,7.6,15,0,17,0,2011-07-06T19:03:20.000002,-999,-999,1,1,2,0,2,0,2,0.0,0.0,0.0,0.0,5.8,50845.999996,0.0,89.7298305616989,289.8036300972396,-1.0,2.0
252,252,252,252,-999,-999,2405,32,0.1,-999.0,0.1,-999.0,-18.36,168.14,7.1,8,0,9,0,2011-08-20T16:55:02.000001,-999,-999,2,2,3,0,8,0,7,0.0,0.0,0.0,0.0,7.0,1079.999998,0.0,31.48269074358328,133.82379803431266,1.0,3.0
253,253,253,253,-999,-999,2431,33,2.1,-999.0,2.1,-999.0,-28.99,-176.24,7.4,4,0,4,0,2011-10-21T17:57:13.999998,-999,-999,1,1,3,0,0,0,0,0.0,0.0,0.0,0.0,5.3,289579.000003,0.0,83.87733005098544,212.75297086326285,1.0,3.0
254,254,254,254,-999,-999,2432,16,1.1,-999.0,1.1,-999.0,38.72,43.51,7.1,8,0,8,0,2011-10-23T10:41:20.999999,-999,-999,1,1,3,0,7,0,7,0.0,0.0,0.0,0.0,6.0,26964.999999,0.0,40.414517910597894,133.82379803431266,1.0,3.0
255,255,255,255,-999,-999,2434,24,1.4,-999.0,1.4,-999.0,-14.44,-75.97,7.0,2,0,2,0,2011-10-28T18:54:33.000000,-999,-999,-1,-1,0,0,2,0,2,0.0,0.0,0.0,0.0,5.6,0.0,0.0,16.020226302784703,114.66193259390072,1.0,3.0
256,256,256,256,-999,-999,2468,19,2.0,-999.0,2.0,-999.0,2.43,93.21,7.2,2,0,2,0,2012-01-10T18:37:00.000001,-999,-999,-1,-1,1,0,1,0,1,0.0,0.0,0.0,0.0,5.2,62344.999997,0.0,39.48686780861985,156.1879214416901,-1.0,1.0
257,257,257,257,-999,-999,2480,33,-999.0,-999.0,1.9,-999.0,-46.68,165.71,7.3,0,0,1,0,1979-10-12T10:25:22.000000,-999,-999,-1,-1,0,0,1,0,0,0.0,0.0,0.0,0.0,0.0,0.0,0.0,0.0,182.28945197042378,1.0,3.0
258,258,258,258,-999,-999,2486,23,0.9,-999.0,0.9,-999.0,-17.83,167.13,7.0,6,0,6,0,2012-02-02T13:34:34.999997,-999,-999,1,1,0,0,6,0,6,0.0,0.0,0.0,0.0,6.1,29592.000001,0.0,52.51904893580373,114.66193259390072,-1.0,2.0
259,259,259,259,-999,-999,2506,12,0.9,-999.0,0.9,-999.0,40.89,144.94,7.0,2,0,2,0,2012-03-14T09:08:36.999999,-999,-999,-1,-1,2,0,2,0,2,0.0,0.0,0.0,0.0,6.1,-0.0,0.0,19.472191645503056,114.66193259390072,-1.0,2.0
260,260,260,260,-999,-999,2508,20,1.4,-999.0,1.4,-999.0,16.5,-98.22,7.5,5,0,5,0,2012-03-20T18:02:43.000001,-999,-999,1,1,0,0,1,0,1,0.0,0.0,0.0,0.0,6.1,1052464.000002,0.0,34.42008327867298,248.30743700128235,1.0,3.0
261,261,261,261,-999,-999,2515,20,0.4,-999.0,0.4,-999.0,2.33,93.06,8.6,24,0,26,0,2012-04-11T08:38:31.000000,-999,-999,2,2,1,0,1,0,1,0.0,0.0,0.0,0.0,8.2,0.0,0.0,393.51305756692494,1019.3093880125635,-1.0,1.0
262,262,262,262,-999,-999,2516,13,-999.0,0.9,-999.0,0.9,28.7,-113.1,7.0,0,1,0,1,2012-04-12T07:15:42.999999,-999,-999,-1,-1,1,1,0,1,0,0.0,0.0,0.0,0.0,0.0,0.0,0.0,0.0,114.66193259390072,-1.0,1.0
263,263,263,263,-999,-999,2576,28,1.9,-999.0,1.9,-999.0,12.14,-88.59,7.3,4,0,5,0,2012-08-27T04:37:18.999999,-999,-999,1,1,0,0,2,0,2,0.0,0.0,0.0,0.0,5.4,-0.0,0.0,38.12022462297386,182.28945197042378,1.0,3.0
264,264,264,264,-999,-999,2578,28,2.0,-999.0,2.0,-999.0,10.81,126.64,7.6,16,0,16,0,2012-08-31T12:47:30.000002,-999,-999,1,1,3,0,1,0,1,0.0,0.0,0.0,0.0,5.6,0.0,0.0,67.77688161160881,289.8036300972396,-1.0,3.0
265,265,265,265,-999,-999,2581,35,1.2,-999.0,1.2,-999.0,10.1,-85.31,7.6,5,0,5,0,2012-09-05T14:42:07.000002,-999,-999,1,1,3,0,2,0,2,0.0,0.0,0.0,0.0,6.4,3015454.999999,0.0,61.96489560850373,289.8036300972396,1.0,3.0
266,266,266,266,-999,-999,2600,14,1.4,-999.0,1.4,-999.0,52.79,-132.1,7.8,18,0,18,0,2012-10-28T03:04:09.000003,-999,-999,1,1,3,0,3,0,3,0.0,0.0,0.0,0.0,6.4,0.0,0.0,75.1919763460583,394.75897176315374,1.0,3.0
267,267,267,267,-999,-999,2606,24,1.0,-999.0,1.0,-999.0,13.96,-91.85,7.4,13,0,13,0,2012-11-07T16:35:43.999999,-999,-999,1,1,3,0,3,0,3,0.0,0.0,0.0,0.0,6.4,261567.000001,0.0,95.9487786621502,212.75297086326285,1.0,3.0
268,268,268,268,-999,-999,2615,36,-999.0,-999.0,-999.0,-999.0,37.89,144.09,7.2,3,0,3,0,2012-12-07T08:18:22.000001,-999,-999,2,2,0,0,3,0,3,0.0,0.0,0.0,0.0,6.2,0.0,0.0,44.54213470080445,156.1879214416901,1.0,3.0
269,269,269,269,-999,-999,2629,10,1.6,-999.0,1.6,-999.0,55.39,-134.65,7.5,2,0,2,0,2013-01-05T08:58:15.000000,-999,-999,-1,-1,0,0,2,0,2,0.0,0.0,0.0,0.0,5.9,799052.999999,0.0,26.355801516181614,248.30743700128235,-1.0,1.0
270,270,270,270,-999,-999,2638,24,0.8,1.9,0.8,1.9,-10.8,165.11,7.9,60,1,60,1,2013-02-06T01:12:23.999997,-999,-999,1,1,3,1,15,1,15,6.0,3904.999995,6.0,3904.999995,7.1,-3904.999995,16.687449904087842,194.7272805963734,460.72958753073897,1.0,3.0
271,271,271,271,-999,-999,2695,11,2.3,-999.0,2.3,-999.0,-60.86,-25.07,7.3,1,0,1,0,2013-07-15T14:03:39.999999,-999,-999,-1,-1,1,0,0,0,0,0.0,0.0,0.0,0.0,5.0,-0.0,0.0,128.57167906019438,182.28945197042378,1.0,1.0
272,272,272,272,-999,-999,2712,33,1.0,-999.0,1.0,-999.0,51.61,-175.36,7.0,9,0,9,0,2013-08-30T16:25:04.999999,-999,-999,1,1,3,0,9,0,9,0.0,0.0,0.0,0.0,6.0,27743.0,0.0,51.652808249542936,114.66193259390072,-1.0,3.0
273,273,273,273,-999,-999,2725,15,1.0,-999.0,1.0,-999.0,26.97,65.52,7.8,3,0,4,0,2013-09-24T11:29:43.999997,-999,-999,1,1,0,0,2,0,2,0.0,0.0,0.0,0.0,6.8,283133.000005,0.0,43.784107382779965,394.75897176315374,1.0,3.0
274,274,274,274,-999,-999,2731,19,1.4,-999.0,1.4,-999.0,9.88,124.12,7.1,16,0,16,0,2013-10-15T00:12:29.999998,-999,-999,1,1,3,0,12,0,12,0.0,0.0,0.0,0.0,5.7,30232.000003,0.0,55.567559779543686,133.82379803431266,-1.0,3.0
275,275,275,275,-999,-999,2734,35,1.4,-999.0,1.4,-999.0,37.16,144.66,7.1,2,0,2,0,2013-10-25T17:10:18.000002,-999,-999,-1,-1,2,0,2,0,2,0.0,0.0,0.0,0.0,5.7,0.0,0.0,11.150385350695139,133.82379803431266,-1.0,2.0
276,276,276,276,-999,-999,2743,10,2.7,0.9,2.7,0.9,-60.27,-46.4,7.8,3,5,3,5,2013-11-17T09:04:52.000000,-999,-999,1,1,0,2,0,2,0,6.9,106220.0,6.9,106220.0,5.1,-106220.0,39.724772564333215,184.51895283441252,394.75897176315374,-1.0,3.0
277,277,277,277,-999,-999,2793,25,0.4,1.4,0.4,1.4,-19.61,-70.77,8.1,36,20,46,20,2014-04-01T23:46:44.000003,-999,-999,2,2,0,4,6,4,6,6.7,-0.0,6.7,-0.0,7.7,94304.999994,64.54720532072446,133.69037709786954,470.69063154972355,1.0,3.0
278,278,278,278,-999,-999,2800,43,1.3,0.4,1.3,0.4,-6.76,155.02,7.5,16,8,16,8,2014-04-19T13:27:58.000000,-999,-999,2,2,3,5,4,5,4,7.1,714036.000003,7.1,714036.000003,6.2,-709872.000003,21.133668313623748,56.81394667653431,248.30743700128235,1.0,3.0
279,279,279,279,-999,-999,2802,22,0.2,-999.0,0.2,-999.0,-11.27,162.15,7.6,18,0,18,0,2014-04-12T20:14:37.000003,-999,-999,2,2,0,0,5,0,5,0.0,0.0,0.0,0.0,7.4,53887.999997,0.0,83.94678050809286,289.8036300972396,-1.0,1.0
280,280,280,280,-999,-999,2812,24,0.8,-999.0,0.8,-999.0,17.4,-100.96,7.3,3,0,3,0,2014-04-18T14:27:25.999998,-999,-999,1,1,3,0,2,0,2,0.0,0.0,0.0,0.0,6.5,-0.0,0.0,34.035713587889155,182.28945197042378,1.0,3.0
281,281,281,281,-999,-999,2863,16,0.4,-999.0,0.4,-999.0,-32.11,-110.81,7.0,6,0,6,0,2014-10-09T02:14:28.000001,-999,-999,2,2,3,0,6,0,6,0.0,0.0,0.0,0.0,6.6,0.0,0.0,108.58164247986494,114.66193259390072,-1.0,3.0
282,282,282,282,-999,-999,2886,45,0.3,-999.0,0.3,-999.0,1.9,126.52,7.1,10,0,11,0,2014-11-15T02:31:35.999998,-999,-999,2,2,3,0,8,0,7,0.0,0.0,0.0,0.0,6.8,295903.0,0.0,21.90793195486103,133.82379803431266,1.0,3.0
283,283,283,283,-999,-999,2930,16,2.1,1.4,2.1,1.4,52.65,-31.9,7.1,1,1,1,1,2015-02-13T18:59:10.000002,-999,-999,-1,-1,1,1,0,1,0,5.7,657.0,5.7,657.0,5.0,-657.0,15.703634528820068,104.7348493069674,133.82379803431266,-1.0,1.0
284,284,284,284,-999,-999,2946,41,1.5,-999.0,1.5,-999.0,-4.73,152.56,7.5,4,0,4,0,2015-03-29T23:48:26.999997,-999,-999,1,1,3,0,3,0,3,0.0,0.0,0.0,0.0,6.0,131216.000004,0.0,47.874502107897,248.30743700128235,1.0,3.0
285,285,285,285,-999,-999,2953,15,0.7,-999.0,0.7,-999.0,28.15,84.71,7.9,9,0,9,0,2015-04-25T06:11:20.999997,-999,-999,1,1,0,0,4,0,4,0.0,0.0,0.0,0.0,7.2,195869.0,0.0,360.2853555559243,460.72958753073897,1.0,3.0
286,286,286,286,-999,-999,2954,55,1.5,0.8,1.5,0.8,-5.46,151.88,7.5,16,2,16,2,2015-05-05T01:44:05.000000,-999,-999,1,1,3,2,3,2,3,6.7,-3339965.0,6.7,-3339965.0,6.0,3340535.000002,30.967810551939934,104.22578036223764,248.30743700128235,1.0,3.0
287,287,287,287,-999,-999,2957,10,1.3,-999.0,1.3,-999.0,-7.22,154.56,7.0,3,0,3,0,2015-05-07T07:10:14.999998,-999,-999,1,1,2,0,3,0,3,0.0,0.0,0.0,0.0,5.7,362465.000001,0.0,22.8232228355879,114.66193259390072,-1.0,2.0
288,288,288,288,-999,-999,2961,11,0.1,0.2,0.1,0.2,-11.05,163.69,7.0,2,3,3,3,2015-05-22T21:45:20.000002,-999,-999,3,3,0,3,3,3,2,6.8,-6023660.999995,6.8,-6023660.999995,6.9,-168990.0,55.72203850326332,58.70972020714302,114.66193259390072,-1.0,1.0
289,289,289,289,-999,-999,3013,22,1.2,-999.0,1.2,-999.0,-31.57,-71.67,8.3,41,0,50,0,2015-09-16T22:54:27.000002,-999,-999,1,1,3,0,3,0,3,0.0,0.0,0.0,0.0,7.1,0.0,0.0,218.23180651712246,641.1560464814495,1.0,3.0
290,290,290,290,-999,-999,3044,35,2.1,-999.0,2.1,-999.0,-47.62,85.09,7.1,1,0,1,0,2015-12-04T22:24:56.000002,-999,-999,-1,-1,2,0,0,0,0,0.0,0.0,0.0,0.0,5.0,0.0,0.0,5.997909004968535,133.82379803431266,-1.0,2.0
291,291,291,291,-999,-999,3062,24,2.1,-999.0,2.1,-999.0,-4.95,94.33,7.8,3,0,3,0,2016-03-02T12:49:47.999997,-999,-999,1,1,1,0,0,0,0,0.0,0.0,0.0,0.0,5.7,-0.0,0.0,85.12160188954445,394.75897176315374,-1.0,1.0
292,292,292,292,-999,-999,3074,10,1.5,0.8,1.5,0.8,32.79,130.75,7.0,5,4,5,4,2016-04-15T16:25:05.000001,-999,-999,1,1,1,4,5,4,5,6.2,100708.000004,6.2,100708.000004,5.5,-91282.000002,10.39667763709495,77.21050013912678,114.66193259390072,-1.0,1.0
293,293,293,293,-999,-999,3076,21,0.9,-999.0,0.9,-999.0,0.35,-79.93,7.8,18,0,21,0,2016-04-16T23:58:32.000003,-999,-999,1,1,3,0,10,0,7,0.0,0.0,0.0,0.0,6.9,2707110.999998,0.0,207.77026106437935,394.75897176315374,1.0,3.0
294,294,294,294,-999,-999,3080,24,1.2,-999.0,1.2,-999.0,-16.04,167.38,7.0,4,0,4,0,2016-04-28T19:33:25.999998,-999,-999,1,1,3,0,4,0,4,0.0,0.0,0.0,0.0,5.8,119102.000002,0.0,39.4873698090331,114.66193259390072,1.0,3.0
295,295,295,295,-999,-999,3114,16,1.8,-999.0,1.8,-999.0,-22.48,173.12,7.2,3,0,3,0,2016-08-12T01:26:31.000001,-999,-999,1,1,1,0,2,0,2,0.0,0.0,0.0,0.0,5.4,72386.000001,0.0,48.174558314499784,156.1879214416901,1.0,1.0
296,296,296,296,-999,-999,3117,10,1.4,-999.0,1.4,-999.0,-55.28,-31.88,7.5,22,0,22,0,2016-08-19T07:32:24.999998,-999,-999,1,1,3,0,4,0,4,0.0,0.0,0.0,0.0,6.1,100491.999999,0.0,104.79416125473753,248.30743700128235,1.0,3.0
297,297,297,297,-999,-999,3124,19,1.2,-999.0,1.2,-999.0,-37.36,179.15,7.1,8,0,8,0,2016-09-01T16:37:53.999997,-999,-999,1,1,0,0,8,0,8,0.0,0.0,0.0,0.0,5.9,-0.0,0.0,50.77005871601347,133.82379803431266,-1.0,2.0
298,298,298,298,-999,-999,3139,10,2.1,-999.0,1.5,-999.0,-0.05,-17.83,7.1,1,0,2,0,2016-08-29T04:29:59.999999,-999,-999,-1,-1,1,0,1,0,0,0.0,0.0,0.0,0.0,5.6,-0.0,0.0,7.865136919515971,133.82379803431266,-1.0,1.0
299,299,299,299,-999,-999,3153,15,1.4,-999.0,1.4,-999.0,-42.74,173.05,7.8,13,0,13,0,2016-11-13T11:02:56.999997,-999,-999,1,1,0,0,1,0,1,0.0,0.0,0.0,0.0,6.4,40591.000001,0.0,149.91048408740107,394.75897176315374,-1.0,3.0
300,300,300,300,-999,-999,3163,40,0.9,-999.0,0.9,-999.0,-10.68,161.32,7.8,19,0,19,0,2016-12-08T17:38:48.000002,-999,-999,1,1,3,0,5,0,5,0.0,0.0,0.0,0.0,6.9,88465.000001,0.0,63.155987635795825,394.75897176315374,1.0,3.0
301,301,301,301,-999,-999,3184,38,2.2,-999.0,2.2,-999.0,-43.41,-73.94,7.6,1,0,1,0,2016-12-25T14:22:23.000002,-999,-999,-1,-1,3,0,0,0,0,0.0,0.0,0.0,0.0,5.4,0.0,0.0,45.7615037126235,289.8036300972396,1.0,3.0
302,302,302,302,-999,-999,3255,11,2.2,1.5,2.2,1.5,54.47,168.82,7.8,3,2,3,2,2017-07-17T23:34:12.000000,-999,-999,1,1,1,1,0,1,0,6.3,44944.999997,6.3,44944.999997,5.6,-43873.999997,16.43553694837455,145.16978099793843,394.75897176315374,1.0,1.0
303,303,303,303,-999,-999,3269,47,2.2,-999.0,2.2,-999.0,15.02,-93.9,8.2,32,0,34,0,2017-09-08T04:49:16.000002,-999,-999,1,1,0,0,0,0,0,0.0,0.0,0.0,0.0,6.0,1316925.999998,0.0,219.12122103968414,549.3506570855053,-1.0,2.0
304,304,304,304,-999,-999,3295,10,0.9,0.5,0.9,0.5,-21.33,168.67,7.0,6,9,6,9,2017-11-19T22:43:30.999999,-999,-999,1,1,2,9,6,9,6,6.5,40037.999997,6.5,40037.999997,6.1,-47865.999998,48.33813633521269,34.86742689758594,114.66193259390072,-1.0,2.0
305,305,305,305,-999,-999,3303,19,1.9,-999.0,1.9,-999.0,34.91,45.96,7.4,1,0,1,0,2017-11-12T18:18:16.000001,-999,-999,-1,-1,0,0,1,0,1,0.0,0.0,0.0,0.0,5.5,2490695.999997,0.0,26.261461450817063,212.75297086326285,1.0,3.0
306,306,306,306,-999,-999,3314,14,2.4,-999.0,2.4,-999.0,56.0,-149.17,7.9,9,0,9,0,2018-01-23T09:31:39.000002,-999,-999,1,1,1,0,0,0,0,0.0,0.0,0.0,0.0,5.5,49784.000001,0.0,92.16459564681459,460.72958753073897,-1.0,1.0
307,307,307,307,-999,-999,3323,39,1.6,-999.0,1.6,-999.0,-15.77,-74.71,7.1,1,0,1,0,2018-01-14T09:18:41.999997,-999,-999,-1,-1,3,0,1,0,1,0.0,0.0,0.0,0.0,5.5,-0.0,0.0,13.918278342320535,133.82379803431266,1.0,3.0
308,308,308,308,-999,-999,3328,22,1.2,-999.0,1.2,-999.0,16.42,-97.96,7.2,3,0,3,0,2018-02-16T23:39:39.999997,-999,-999,1,1,0,0,3,0,3,0.0,0.0,0.0,0.0,6.0,-0.0,0.0,29.869810108863224,156.1879214416901,1.0,3.0
309,309,309,309,-999,-999,3330,25,0.8,-999.0,0.8,-999.0,-6.07,142.75,7.5,27,0,27,0,2018-02-25T17:44:42.999997,-999,-999,1,1,3,0,9,0,9,0.0,0.0,0.0,0.0,6.7,726123.000002,0.0,100.55242580052042,248.30743700128235,-1.0,3.0
310,310,310,310,-999,-999,3412,20,2.2,1.5,2.2,1.5,-0.25,119.84,7.6,7,2,7,2,2018-09-28T10:02:46.000002,-999,-999,1,1,0,1,0,1,0,6.1,-243647.999999,6.1,-243647.999999,5.4,327395.000001,18.411759605134595,154.92348110881883,289.8036300972396,1.0,1.0
311,311,311,311,-999,-999,3421,39,0.9,-999.0,0.9,-999.0,-5.7,151.21,7.0,5,0,5,0,2018-10-10T20:48:18.999997,-999,-999,1,1,3,0,5,0,5,0.0,0.0,0.0,0.0,6.1,-0.0,0.0,56.49916163895189,114.66193259390072,1.0,3.0
312,312,312,312,-999,-999,3446,46,2.0,-999.0,2.0,-999.0,61.35,-149.96,7.1,4,0,4,0,2018-11-30T17:29:27.000001,-999,-999,1,1,2,0,1,0,1,0.0,0.0,0.0,0.0,5.1,52072.999997,0.0,17.828543381655816,133.82379803431266,-1.0,2.0
313,313,313,313,-999,-999,3450,10,0.8,-999.0,0.8,-999.0,-21.95,169.43,7.5,10,0,10,0,2018-12-05T04:18:10.000001,-999,-999,1,1,2,0,2,0,2,0.0,0.0,0.0,0.0,6.7,0.0,0.0,76.66906981796424,248.30743700128235,-1.0,2.0
314,314,314,314,-999,-999,3456,16,1.1,-999.0,1.1,-999.0,55.1,164.7,7.2,8,0,8,0,2018-12-20T17:01:56.999997,-999,-999,1,1,1,0,4,0,4,0.0,0.0,0.0,0.0,6.1,322781.0,0.0,64.20355629580669,156.1879214416901,-1.0,1.0
315,315,315,315,-999,-999,3459,60,1.2,-999.0,1.2,-999.0,5.9,126.92,7.0,2,0,2,0,2018-12-29T03:39:08.999997,-999,-999,-1,-1,0,0,2,0,2,0.0,0.0,0.0,0.0,5.8,20027.000002,0.0,12.285214422732112,114.66193259390072,1.0,3.0
316,316,316,316,-999,-999,3527,46,0.8,-999.0,0.8,-999.0,-30.64,-178.1,7.3,12,0,12,0,2019-06-15T22:55:01.999997,-999,-999,1,1,3,0,5,0,5,0.0,0.0,0.0,0.0,6.5,242222.000003,0.0,143.86693117442158,182.28945197042378,1.0,3.0
317,317,317,317,-999,-999,3539,8,2.0,0.5,2.0,0.5,35.77,-117.6,7.0,1,2,1,2,2019-07-06T03:19:50.999997,-999,-999,1,1,1,2,1,2,1,6.5,121564.999997,6.5,121564.999997,5.0,-121564.999997,11.227149611112454,18.614777903652275,114.66193259390072,-1.0,1.0
318,318,318,318,-999,-999,3547,19,1.9,-999.0,1.9,-999.0,-0.59,128.03,7.2,2,0,2,0,2019-07-14T09:10:46.000003,-999,-999,-1,-1,1,0,1,0,1,0.0,0.0,0.0,0.0,5.3,0.0,0.0,94.01338159136296,156.1879214416901,1.0,1.0
319,319,319,319,-999,-999,3581,33,1.0,-999.0,1.0,-999.0,1.62,126.42,7.1,18,0,18,0,2019-11-14T16:17:34.999997,-999,-999,1,1,3,0,15,0,15,0.0,0.0,0.0,0.0,6.1,16589.000004,0.0,23.384714755034175,133.82379803431266,1.0,3.0
