,Unnamed: 0.1,Unnamed: 0,cid,m0,lat0,lon0,depth0,ot0,nf,na,nf_all,na_all,dm_a,b_a,rate_a,dm_f,b_f,rate_f,c_type,c_type60,fstyle_m,na_apr,nf_apr,na_all_apr,nf_all_apr,MmaxFS,dtmaxFS,MmaxFS60,dtmaxFS60,MmaxAS,dtmaxAS,RmaxFS,RmaxAS,Rpred,InterIntra,fstyle
0,0,0,1,9.1,38.32,142.37,24.4,2011-03-11T05:46:19.199996Z,20,203,20,247,1.1999999999999993,0.914067183269676,6.933249542339604,1.7999999999999998,-999,0.7102045744272317,1,1,0.0,3,1,3,1,7.3,183660.479998,7.3,183660.479998,7.9,-2479394.879997,1189.337239121767,1342.2476218800607,1471.5846019280557,1.0,3.0
1,1,1,2,9.0,3.3,95.78,10.0,2004-12-26T00:58:53.760002Z,2,155,2,310,1.7999999999999998,1.00396188956009,5.242153679658963,3.7,-999,0.6997410957904063,1,1,0.0,1,0,1,0,5.3,2427382.080001,5.3,2427382.080001,7.2,-2427382.080001,716.5459871766514,1236.2622140978378,1260.872407680681,1.0,3.0
2,2,2,3,8.8,-35.85,-72.71,44.8,2010-02-27T06:34:16.319997Z,1,89,1,99,1.4000000000000004,0.8339203643881201,3.00973598866036,3.500000000000001,-999,inf,1,1,3.0,3,0,3,0,5.3,2421843.839995,5.3,2421843.839995,7.4,-2421843.839995,868.4339746779856,1268.412829521836,1388.4626834569187,1.0,3.0
3,3,3,4,8.6,2.33,93.06,20.0,2012-04-11T08:38:32.640004Z,1,29,1,34,0.4000000000000003,-999.0,1.2235306030325743,3.6,-999,inf,2,2,1.0,1,0,1,0,5.0,988580.160008,5.0,988580.160008,8.2,-988580.160008,341.5787418906403,974.4890148032897,1019.3093880125635,-1.0,1.0
4,4,4,5,8.6,2.09,97.11,30.0,2005-03-28T16:09:33.120002Z,10,74,10,97,1.9,0.9949780699950648,2.555681037190209,2.7,-999,0.4518262818311159,1,1,0.0,1,0,3,0,5.9,313476.480003,5.9,313476.480003,6.9,3160157.759995,987.7984165341602,1000.3760554032816,1019.3093880125635,1.0,3.0
5,5,5,6,8.5,-4.44,101.37,34.0,2007-09-12T11:10:27.840000Z,2,36,2,46,0.5999999999999996,0.6541674204400447,1.2401178111893976,3.3,-999,16.736401669466247,1,1,0.0,4,0,5,0,5.2,354646.080003,5.2,354646.080003,7.9,-354646.080003,663.3773168949187,481.43204302910635,873.3572507832988,1.0,3.0
6,6,6,7,8.4,-16.26,-73.64,33.0,2001-06-23T20:33:12.960004Z,0,13,0,21,0.8000000000000007,-999.0,1.061839923541435,-999.0,-999,-999.0,1,1,3.0,3,0,3,0,0.0,0.0,0.0,0.0,7.6,1012832.639998,0.0,584.6683457649092,748.3036028766184,1.0,3.0
7,7,7,8,8.3,-11.08,118.46,33.0,1977-08-19T06:08:55.679995Z,1,14,1,30,1.700000000000001,-999.0,0.7689054630721274,2.6000000000000005,-999,inf,1,1,2.0,1,0,2,0,5.7,3611.51999,5.7,3611.51999,6.6,55563.840009,10.908407480033143,209.8515154194137,641.1560464814495,-1.0,2.0
8,8,8,9,8.3,46.57,153.29,38.9,2006-11-15T11:14:21.119996Z,5,31,5,42,1.6000000000000003,1.1656388691775577,1.1230093753188957,2.4000000000000004,-999,1.1000616034655264,2,1,0.0,2,0,3,0,5.9,222402.239998,5.9,222402.239998,8.1,2612805.120002,203.45613666873007,597.4432076931771,641.1560464814495,1.0,3.0
9,9,9,10,8.3,41.81,143.91,27.0,2003-09-25T19:50:09.599997Z,2,29,2,38,1.0000000000000009,-999.0,1.3139473243088238,2.8000000000000007,-999,0.1143634814533728,1,1,0.0,3,0,4,0,5.5,2281409.279993,5.5,2281409.279993,7.3,-2281409.279993,425.837510323699,622.7704599243428,641.1560464814495,1.0,3.0
10,10,10,11,8.3,43.71,147.33,33.0,1994-10-04T13:22:56.639995Z,0,23,0,30,1.0000000000000009,-999.0,1.1101029017107678,-999.0,-999,-999.0,1,1,0.0,1,0,1,0,0.0,0.0,0.0,0.0,7.3,341452.800004,0.0,142.38262527336778,641.1560464814495,1.0,3.0
11,11,11,12,8.3,-31.57,-71.67,22.4,2015-09-16T22:54:28.799999Z,1,44,1,52,1.200000000000001,0.7464436407712137,1.5258386911057782,2.6000000000000005,-999,inf,1,1,3.0,3,0,6,0,5.7,2072666.879996,5.7,2072666.879996,7.1,3277817.280001,208.79868077696423,241.0172901408439,641.1560464814495,1.0,3.0
12,12,12,13,8.2,15.02,-93.9,47.4,2017-09-08T04:49:17.760005Z,5,29,5,35,2.2,-999.0,1.3730865565312471,2.799999999999999,-999,0.4871585018926681,1,1,0.0,0,0,0,0,5.4,1574424.000003,5.4,1574424.000003,6.0,744370.55999,290.7325886032995,460.024997250678,549.3506570855053,-1.0,2.0
13,13,13,14,8.2,-0.95,137.03,33.0,1996-02-17T05:59:25.439998Z,1,15,1,16,1.6999999999999993,-999.0,0.7485254049519171,3.1,-999,inf,1,1,0.0,4,0,4,0,5.1,932592.959994,5.1,932592.959994,6.5,-932592.959994,294.05789094905833,352.3612590600925,549.3506570855053,1.0,3.0
14,14,14,15,8.2,0.8,92.46,25.1,2012-04-11T10:43:14.879997Z,0,0,0,0,-999.0,-999.0,-999.0,-999.0,-999,-999.0,-1,-1,1.0,0,0,0,0,0.0,0.0,0.0,0.0,0.0,0.0,0.0,0.0,549.3506570855053,-1.0,1.0
15,15,15,16,8.1,-49.31,161.35,10.0,2004-12-23T14:59:08.159997Z,0,2,0,2,2.1,-999.0,0.1901285268845238,-999.0,-999,-999.0,-1,-1,1.0,0,0,0,0,0.0,0.0,0.0,0.0,6.0,52358.400003,0.0,154.69606110249347,470.69063154972355,1.0,1.0
16,16,16,17,8.1,-8.46,157.04,10.0,2007-04-01T20:39:59.039998Z,1,41,1,50,1.1999999999999993,0.694193908695256,1.4045809895124095,2.8,-999,inf,1,1,3.0,5,0,5,0,5.3,554471.999998,5.3,554471.999998,6.9,-554471.999998,20.76367100518242,307.5407435982334,470.69063154972355,1.0,3.0
17,17,17,18,8.1,46.24,154.52,10.0,2007-01-13T04:23:22.560001Z,0,5,0,8,2.7,-999.0,0.2028685614597282,-999.0,-999,-999.0,4,4,2.0,0,0,0,0,0.0,0.0,0.0,0.0,5.4,889885.440003,0.0,399.9503397607517,470.69063154972355,-1.0,2.0
18,18,18,19,8.1,-15.49,-172.1,18.0,2009-09-29T17:48:11.519997Z,0,38,0,45,1.9,1.1460548828002497,1.3264914301673372,-999.0,-999,-999.0,1,1,2.0,2,0,2,0,0.0,0.0,0.0,0.0,6.2,1260645.12,0.0,436.5003789353946,470.69063154972355,-1.0,2.0
19,19,19,20,8.1,-62.88,149.53,10.0,1998-03-25T03:12:23.039995Z,0,5,0,5,1.6999999999999993,-999.0,0.2091385166230413,-999.0,-999,-999.0,1,1,1.0,1,0,1,0,0.0,0.0,0.0,0.0,6.4,0.0,0.0,190.42712866376687,470.69063154972355,-1.0,1.0
20,20,20,21,8.1,-19.61,-70.77,25.0,2014-04-01T23:46:45.120003Z,20,32,20,38,0.3999999999999994,0.7896263307331853,1.077455588629835,1.3999999999999997,-999,2.4618111544616563,2,2,0.0,6,4,6,4,6.7,-0.0,6.7,-0.0,7.7,94305.599998,64.54720532072446,206.65235078586278,470.69063154972355,1.0,3.0
21,21,21,22,8.1,1.6,-79.36,24.0,1979-12-12T07:59:05.280002Z,0,4,0,5,1.7999999999999998,-999.0,0.1605800150144883,-999.0,-999,-999.0,1,1,0.0,1,0,1,0,0.0,0.0,0.0,0.0,6.3,67469.760002,0.0,453.2530106040888,470.69063154972355,1.0,3.0
22,22,22,23,8.0,-22.88,-175.9,65.0,1977-06-22T12:08:29.759999Z,1,3,1,3,2.3,-999.0,0.1913729092511233,2.3,-999,inf,1,1,0.0,0,0,0,0,5.7,784779.840004,5.7,784779.840004,5.7,-784779.840004,520.322977046481,94.46827880141468,537.7249613305888,-1.0,2.0
23,23,23,24,8.0,-3.98,152.17,33.0,2000-11-16T04:54:54.719996Z,2,49,2,56,0.2000000000000001,0.5806392800343614,1.7853434235573575,1.0999999999999996,-999,0.1802207704432643,3,3,0.0,10,1,12,1,6.9,1541868.479996,6.9,1541868.479996,7.8,-2500692.479999,216.08410029910368,496.05642696746895,537.7249613305888,1.0,3.0
24,24,24,25,8.0,19.15,-104.22,49.0,1995-10-09T15:36:00.000002Z,1,2,1,3,2.1,-999.0,0.3196726552033868,2.2,-999,inf,1,1,0.0,0,0,0,0,5.8,296550.719999,5.8,296550.719999,5.9,-296550.719999,31.147300358809165,120.23271935617936,537.7249613305888,1.0,3.0
25,25,25,26,8.0,-20.19,-174.12,55.0,2006-05-03T15:26:38.400001Z,5,25,5,32,2.1,-999.0,0.8675886241771746,2.0,-999,0.1841959845274109,1,1,3.0,0,1,0,1,6.0,244399.679997,6.0,244399.679997,5.9,-2589727.679998,536.6757929049044,522.1917851776885,537.7249613305888,-1.0,3.0
26,26,26,27,8.0,-52.24,160.2,10.0,1989-05-23T10:54:46.080000Z,1,9,1,9,2.1,-999.0,0.5149595756727718,2.5,-999,inf,1,1,1.0,0,0,0,0,5.5,1192838.399998,5.5,1192838.399998,5.9,-1192838.399998,84.08871733030735,270.47570115294536,537.7249613305888,1.0,1.0
27,27,27,28,8.0,6.26,124.02,33.0,1976-08-16T16:11:08.160002Z,0,2,0,3,0.9000000000000004,-999.0,15.290519886298473,-999.0,-999,-999.0,1,-1,3.0,2,0,2,0,0.0,0.0,0.0,0.0,7.1,32400.0,0.0,469.17685001901134,537.7249613305888,1.0,3.0
28,28,28,29,8.0,-13.39,-76.6,39.0,2007-08-15T23:40:59.519996Z,1,12,1,14,1.5999999999999996,-999.0,2.1136435692663462,3.0,-999,inf,1,1,3.0,3,0,3,0,5.0,1589345.279992,5.0,1589345.279992,6.4,-1589345.279992,302.2412082339724,426.0791609877844,537.7249613305888,1.0,3.0
29,29,29,30,8.0,-23.36,-70.31,47.0,1995-07-30T05:11:19.680002Z,0,12,0,12,1.7000000000000002,-999.0,1.103113537962708,-999.0,-999,-999.0,1,1,3.0,3,0,3,0,0.0,0.0,0.0,0.0,6.3,299773.439996,0.0,182.18039989675157,537.7249613305888,1.0,3.0
30,30,30,31,8.0,18.18,-102.57,33.0,1985-09-19T13:17:45.600000Z,0,3,0,4,0.5,-999.0,0.4228806630738708,-999.0,-999,-999.0,1,1,3.0,1,0,1,0,0.0,0.0,0.0,0.0,7.5,0.0,0.0,187.99076896818505,537.7249613305888,1.0,3.0
31,31,31,32,7.9,-4.72,102.09,33.0,2000-06-04T16:28:24.960001Z,0,17,0,23,1.2000000000000002,-999.0,1.103007967608336,-999.0,-999,-999.0,1,1,0.0,3,0,3,0,0.0,0.0,0.0,0.0,6.7,149385.600004,0.0,432.77344261882246,460.72958753073897,-1.0,0.0
32,32,32,33,7.9,36.13,140.23,30.2,2011-03-11T06:15:41.759999Z,0,0,0,0,-999.0,-999.0,-999.0,-999.0,-999,-999.0,-1,-1,3.0,0,0,0,0,0.0,0.0,0.0,0.0,0.0,0.0,0.0,0.0,460.72958753073897,1.0,3.0
33,33,33,34,7.9,63.52,-147.44,4.9,2002-11-03T22:12:43.200001Z,1,4,1,4,2.7,-999.0,0.1729019429861272,1.3000000000000007,-999,inf,1,1,1.0,0,1,0,1,6.6,989124.479999,6.6,989124.479999,5.2,415333.439998,23.34055543038831,319.4868381204831,460.72958753073897,-1.0,1.0
34,34,34,35,7.9,-2.62,100.84,35.0,2007-09-12T23:49:03.359999Z,0,0,0,0,-999.0,-999.0,-999.0,-999.0,-999,-999.0,-1,-1,3.0,0,0,0,0,0.0,0.0,0.0,0.0,0.0,0.0,0.0,0.0,460.72958753073897,1.0,3.0
35,35,35,36,7.9,-13.8,97.45,10.0,2000-06-18T14:44:09.599995Z,0,2,0,2,2.2,-999.0,1.316049220287454,-999.0,-999,-999.0,-1,-1,1.0,0,0,0,0,0.0,0.0,0.0,0.0,5.7,0.0,0.0,65.86821515642993,460.72958753073897,-1.0,1.0
36,36,36,37,7.9,28.15,84.71,15.0,2015-04-25T06:11:22.559997Z,1,9,1,9,0.7000000000000002,-999.0,0.4245162872752502,2.9000000000000004,-999,inf,1,1,0.0,4,0,4,0,5.0,317347.199996,5.0,317347.199996,7.2,123284.160007,241.58190269471066,360.2853555559243,460.72958753073897,1.0,3.0
37,37,37,38,7.9,0.72,119.98,33.0,1996-01-01T08:05:08.160000Z,0,4,0,6,2.3000000000000007,-999.0,0.4049771694103713,-999.0,-999,-999.0,1,1,0.0,0,0,1,0,0.0,0.0,0.0,0.0,6.0,3146031.360002,0.0,53.411357424954545,460.72958753073897,1.0,3.0
38,38,38,39,7.9,51.41,-174.83,33.0,1986-05-07T22:47:08.160004Z,1,14,1,19,1.4000000000000004,-999.0,0.4892060186316365,1.7000000000000002,-999,inf,1,1,3.0,4,1,5,1,6.2,7413.12,6.2,7413.12,6.5,633087.359995,9.551748225763275,343.72642086202256,460.72958753073897,1.0,3.0
39,39,39,40,7.9,56.0,-149.17,14.1,2018-01-23T09:31:40.800000Z,0,8,0,10,2.4000000000000004,-999.0,0.6233393849209204,-999.0,-999,-999.0,1,1,1.0,0,0,0,0,0.0,0.0,0.0,0.0,5.5,49783.680001,0.0,259.86967453304396,460.72958753073897,-1.0,1.0
40,40,40,41,7.9,44.62,149.32,22.1,1995-12-03T18:01:09.120003Z,7,10,7,17,1.6000000000000003,-999.0,0.6488071680217726,1.3000000000000007,-999,0.7951563618267876,1,1,0.0,4,4,5,4,6.6,89268.480005,6.6,89268.480005,6.3,-19215.360007,380.1663330861403,354.00790173758077,460.72958753073897,1.0,3.0
41,41,41,42,7.9,31.0,103.32,19.0,2008-05-12T06:28:04.800005Z,0,14,0,14,1.8000000000000007,-999.0,0.9400010742899634,-999.0,-999,-999.0,1,1,0.0,2,0,2,0,0.0,0.0,0.0,0.0,6.1,0.0,0.0,283.12388685837277,460.72958753073897,-1.0,3.0
42,42,42,43,7.9,-33.15,-71.98,33.0,1985-03-03T22:47:08.160004Z,1,14,1,18,0.5,-999.0,0.6605050976824363,2.2,-999,inf,1,1,3.0,7,0,9,0,5.7,878040.000008,5.7,878040.000008,7.4,-878040.000008,28.186506042750665,135.240234129269,460.72958753073897,1.0,3.0
43,43,43,44,7.9,-10.8,165.11,24.0,2013-02-06T01:12:25.920000Z,25,81,25,87,0.8000000000000007,0.7722909557445302,3.293057746415497,1.5,-999,2.93948194572204,1,1,3.0,16,7,16,7,6.4,356149.440003,6.4,356149.440003,7.1,-738728.639999,152.73400734478346,263.30091888055046,460.72958753073897,1.0,3.0
44,44,44,45,7.9,-28.43,-177.66,33.0,1976-01-14T16:47:34.080000Z,2,4,2,5,1.5,-999.0,0.3376724239812088,0.1000000000000005,-999,0.1470372004121874,2,2,0.0,3,2,4,2,7.8,3058.560005,7.8,3058.560005,6.4,-1178271.360001,89.60775154281949,231.6654420081156,460.72958753073897,1.0,3.0
45,45,45,46,7.9,51.56,-177.63,33.0,1996-06-10T04:03:38.880000Z,2,11,2,16,0.7000000000000002,-999.0,0.5671886521012305,1.4000000000000004,-999,4.491354143060026,1,1,3.0,2,1,2,1,6.5,103464.000001,6.5,103464.000001,7.2,-103464.000001,38.49364472907506,450.07152464360206,460.72958753073897,1.0,3.0
46,46,46,47,7.8,2.38,97.05,31.0,2010-04-06T22:15:01.439998Z,1,0,1,2,-999.0,-999.0,-999.0,2.0,-999,inf,1,-1,0.0,0,1,1,1,0.0,0.0,0.0,0.0,0.0,0.0,0.0,0.0,394.75897176315374,1.0,3.0
47,47,47,48,7.8,-42.74,173.05,15.2,2016-11-13T11:02:58.559998Z,0,14,0,16,1.3999999999999997,-999.0,0.6888340008452023,-999.0,-999,-999.0,1,1,0.0,1,0,1,0,0.0,0.0,0.0,0.0,6.4,40590.719997,0.0,169.85620176037187,394.75897176315374,-1.0,3.0
48,48,48,49,7.8,-10.47,112.98,39.0,1994-06-02T18:17:34.080000Z,0,19,0,21,1.2000000000000002,-999.0,1.207223005855094,-999.0,-999,-999.0,1,1,0.0,5,0,5,0,0.0,0.0,0.0,0.0,6.6,86322.240001,0.0,97.50554148346423,394.75897176315374,1.0,3.0
49,49,49,50,7.8,26.97,65.52,15.0,2013-09-24T11:29:45.600004Z,0,5,0,6,1.0,-999.0,0.2098019469616004,-999.0,-999,-999.0,1,1,0.0,2,0,2,0,0.0,0.0,0.0,0.0,6.8,283132.8,0.0,181.21725272871112,394.75897176315374,1.0,3.0
50,50,50,51,7.8,-10.68,161.32,40.0,2016-12-08T17:38:49.919995Z,0,37,0,40,0.8999999999999995,0.9002182538050618,1.3722203266617303,-999.0,-999,-999.0,1,1,3.0,8,0,10,0,0.0,0.0,0.0,0.0,6.9,88464.960002,0.0,344.11053732901615,394.75897176315374,1.0,3.0
51,51,51,52,7.8,52.79,-132.1,14.0,2012-10-28T03:04:10.559997Z,0,18,0,18,1.3999999999999997,-999.0,1.1592112211616452,-999.0,-999,-999.0,1,1,3.0,3,0,3,0,0.0,0.0,0.0,0.0,6.4,-0.0,0.0,75.1919763460583,394.75897176315374,1.0,3.0
52,52,52,53,7.8,-12.52,166.38,35.0,2009-10-07T22:18:54.720004Z,2,44,2,48,0.3999999999999994,0.8344522796394357,2.2404741658040823,0.2000000000000001,-999,2.839295854442606,3,3,3.0,9,1,9,1,7.6,941.76,7.6,941.76,7.4,-941.76,93.26683013023204,209.62611519545777,394.75897176315374,1.0,3.0
53,53,53,54,7.8,-3.49,100.08,20.1,2010-10-25T14:42:25.920000Z,0,7,0,8,1.5,-999.0,0.4777406960013179,-999.0,-999,-999.0,1,1,0.0,2,0,2,0,0.0,0.0,0.0,0.0,6.3,0.0,0.0,208.00749797920076,394.75897176315374,1.0,3.0
54,54,54,55,7.8,-5.5,151.78,33.0,2000-11-17T21:01:52.320000Z,0,0,0,0,-999.0,-999.0,-999.0,-999.0,-999,-999.0,-1,-1,3.0,0,0,0,0,0.0,0.0,0.0,0.0,0.0,0.0,0.0,0.0,394.75897176315374,1.0,3.0
55,55,55,56,7.8,-29.21,-177.89,69.0,1976-01-14T15:56:35.519995Z,0,0,0,0,-999.0,-999.0,-999.0,-999.0,-999,-999.0,-1,-1,3.0,0,0,0,0,0.0,0.0,0.0,0.0,0.0,0.0,0.0,0.0,394.75897176315374,1.0,3.0
56,56,56,57,7.8,58.68,-142.79,10.0,1987-11-30T19:23:13.919996Z,5,4,5,4,2.0,-999.0,0.2830876368540151,0.7000000000000002,-999,0.8419634587791545,1,1,1.0,1,2,1,2,7.1,1161380.159998,7.1,1161380.159998,5.8,-1161380.159998,337.9119995003847,68.10039393866619,394.75897176315374,-1.0,1.0
57,57,57,58,7.8,35.95,90.54,10.0,2001-11-14T09:26:12.480004Z,0,5,0,5,2.2,-999.0,0.2596202275309615,-999.0,-999,-999.0,1,1,0.0,0,0,0,0,0.0,0.0,0.0,0.0,5.6,-0.0,0.0,308.70083634411327,394.75897176315374,-1.0,1.0
58,58,58,59,7.8,-5.23,153.1,30.0,2000-11-16T07:42:14.400000Z,0,0,0,0,-999.0,-999.0,-999.0,-999.0,-999,-999.0,-1,-1,0.0,0,0,0,0,0.0,0.0,0.0,0.0,0.0,0.0,0.0,0.0,394.75897176315374,1.0,3.0
59,59,59,60,7.8,16.01,-96.59,18.0,1978-11-29T19:52:45.120004Z,0,2,0,3,2.2,-999.0,0.1127637261642938,-999.0,-999,-999.0,1,-1,0.0,0,0,0,0,0.0,0.0,0.0,0.0,5.6,0.0,0.0,371.9926637683955,394.75897176315374,1.0,3.0
60,60,60,61,7.8,-4.95,94.33,24.0,2016-03-02T12:49:49.440001Z,0,3,0,4,2.1,-999.0,1.425449016386814,-999.0,-999,-999.0,1,1,1.0,0,0,0,0,0.0,0.0,0.0,0.0,5.7,0.0,0.0,85.12160188954445,394.75897176315374,-1.0,1.0
61,61,61,62,7.8,51.15,178.65,33.0,2003-11-17T06:43:03.359997Z,1,7,1,7,1.5999999999999996,-999.0,0.3265123351687084,2.2,-999,inf,1,1,0.0,1,0,1,0,5.6,2144905.919992,5.6,2144905.919992,6.2,1099621.440001,139.18509155768496,146.21600223039172,394.75897176315374,1.0,3.0
62,62,62,63,7.8,54.47,168.82,11.0,2017-07-17T23:34:13.440002Z,2,4,2,5,2.2,-999.0,0.1896273821946669,1.5,-999,161.29032249100172,1,1,1.0,0,1,0,1,6.3,-1894354.559996,6.3,-1894354.559996,5.6,0.0,16.43553694837455,316.16115345873254,394.75897176315374,1.0,1.0
63,63,63,64,7.8,-45.76,166.56,12.0,2009-07-15T09:22:27.840004Z,0,9,0,10,1.7000000000000002,-999.0,0.4428218576862014,-999.0,-999,-999.0,1,1,0.0,1,0,1,0,0.0,0.0,0.0,0.0,6.1,1250432.639998,0.0,79.467174796397,394.75897176315374,1.0,3.0
64,64,64,65,7.8,54.84,162.04,33.0,1997-12-05T11:26:52.799996Z,3,22,3,23,1.3999999999999997,-999.0,0.8132335274007051,2.3,-999,7.618080244520847,1,1,3.0,4,0,4,0,5.5,45904.319993,5.5,45904.319993,6.4,-45904.319993,56.157651014843225,170.686348213343,394.75897176315374,1.0,3.0
65,65,65,66,7.8,0.35,-79.93,21.0,2016-04-16T23:58:33.599996Z,0,15,0,18,1.7000000000000002,-999.0,1.5601759878488906,-999.0,-999,-999.0,1,1,3.0,5,0,7,0,0.0,0.0,0.0,0.0,6.9,2707110.720001,0.0,207.77026106437935,394.75897176315374,1.0,3.0
66,66,66,67,7.8,-60.27,-46.4,10.0,2013-11-17T09:04:53.760004Z,5,4,5,5,2.7,-999.0,0.16115126463445,0.8999999999999995,-999,1.897533206908247,1,1,0.0,0,2,0,2,6.9,292749.119999,6.9,292749.119999,5.1,-106220.160006,39.724772564333215,253.95795266088086,394.75897176315374,-1.0,3.0
67,67,67,68,7.7,-9.25,107.41,34.0,2006-07-17T08:19:32.160000Z,0,17,0,17,1.6000000000000003,-999.0,0.6562591683266304,-999.0,-999,-999.0,1,1,0.0,6,0,6,0,0.0,0.0,0.0,0.0,6.1,16364.160003,0.0,150.79256187140612,338.2345089289617,1.0,3.0
68,68,68,69,7.7,-22.25,-69.89,40.0,2007-11-14T15:40:53.759996Z,0,18,0,19,0.9000000000000004,-999.0,0.6465633362667719,-999.0,-999,-999.0,1,1,3.0,8,0,9,0,0.0,0.0,0.0,0.0,6.8,84136.320003,0.0,165.95611263974368,338.2345089289617,1.0,3.0
69,69,69,70,7.7,-28.1,-176.43,33.0,1986-10-20T06:46:13.439996Z,0,23,0,32,1.6000000000000003,-999.0,0.7772449707184047,-999.0,-999,-999.0,1,1,0.0,8,0,10,0,0.0,0.0,0.0,0.0,6.1,1192803.840007,0.0,201.3661380852046,338.2345089289617,-1.0,1.0
70,70,70,71,7.7,40.45,143.49,33.0,1994-12-28T12:19:26.400000Z,1,18,1,20,0.7000000000000002,-999.0,0.768590277334306,2.5,-999,inf,1,1,0.0,6,0,8,0,5.2,1565567.999999,5.2,1565567.999999,7.0,690491.519997,269.8402128572879,189.76665611270045,338.2345089289617,1.0,3.0
71,71,71,72,7.7,-12.58,166.68,33.0,1997-04-21T12:02:26.880002Z,0,8,0,9,1.7999999999999998,-999.0,1.494014603985686,-999.0,-999,-999.0,1,1,0.0,3,0,3,0,0.0,0.0,0.0,0.0,5.9,129798.719994,0.0,172.74554575334986,338.2345089289617,1.0,3.0
72,72,72,73,7.7,40.37,139.15,33.0,1983-05-26T03:00:00.000000Z,0,5,0,5,0.9000000000000004,-999.0,0.2237156484625067,-999.0,-999,-999.0,1,1,3.0,3,0,3,0,0.0,0.0,0.0,0.0,6.8,2056415.040004,0.0,105.67169141771541,338.2345089289617,-1.0,3.0
73,73,73,74,7.7,-14.99,-75.68,33.0,1996-11-12T16:59:39.840004Z,0,8,0,8,1.6000000000000003,-999.0,0.446929871117589,-999.0,-999,-999.0,1,1,3.0,4,0,4,0,0.0,0.0,0.0,0.0,6.1,-0.0,0.0,64.93716871005508,338.2345089289617,1.0,3.0
74,74,74,75,7.7,-6.89,72.12,10.0,1983-11-30T17:46:01.919995Z,0,9,0,9,1.4000000000000004,-999.0,0.3213803643742979,-999.0,-999,-999.0,1,1,2.0,3,0,3,0,0.0,0.0,0.0,0.0,6.3,183133.440008,0.0,118.88618724435044,338.2345089289617,-1.0,2.0
75,75,75,76,7.7,-0.41,132.88,17.0,2009-01-03T19:43:49.439999Z,0,22,0,25,0.2999999999999998,-999.0,0.8088978766427968,-999.0,-999,-999.0,2,2,0.0,4,0,4,0,0.0,0.0,0.0,0.0,7.4,-0.0,0.0,110.9187839607185,338.2345089289617,1.0,3.0
76,76,76,77,7.7,13.05,-88.66,60.0,2001-01-13T17:33:30.240005Z,0,10,0,12,1.9000000000000004,-999.0,0.4257620075544563,-999.0,-999,-999.0,1,1,2.0,3,0,4,0,0.0,0.0,0.0,0.0,6.5,2134183.679991,0.0,266.1610858131709,338.2345089289617,-1.0,2.0
77,77,77,78,7.7,57.27,-142.79,10.0,1988-03-06T22:35:36.960001Z,0,2,0,3,2.3,-999.0,0.3436839482427485,-999.0,-999,-999.0,1,-1,1.0,0,0,1,0,0.0,0.0,0.0,0.0,5.8,782438.399998,0.0,268.1213031523911,338.2345089289617,-1.0,1.0
78,78,78,79,7.7,15.66,121.23,25.0,1990-07-16T07:26:32.640000Z,1,12,1,12,1.2000000000000002,-999.0,0.4605023312922951,2.3,-999,inf,1,1,1.0,4,0,4,0,5.4,2134157.760004,5.4,2134157.760004,6.5,81881.280002,258.34015641458006,170.39098657765538,338.2345089289617,-1.0,1.0
79,79,79,80,7.7,12.96,144.78,61.0,1993-08-08T08:34:22.079997Z,0,6,0,6,1.7000000000000002,-999.0,0.2319064643932375,-999.0,-999,-999.0,1,1,0.0,2,0,2,0,0.0,0.0,0.0,0.0,6.0,173940.480004,0.0,103.74002470802827,338.2345089289617,-1.0,3.0
80,80,80,81,7.7,-20.57,-70.5,10.0,2014-04-03T02:43:09.119997Z,0,0,0,0,-999.0,-999.0,-999.0,-999.0,-999,-999.0,-1,-1,0.0,0,0,0,0,0.0,0.0,0.0,0.0,0.0,0.0,0.0,0.0,338.2345089289617,1.0,3.0
81,81,81,82,7.7,-23.01,169.89,33.0,1995-05-16T20:12:46.079996Z,0,9,0,15,1.2999999999999998,-999.0,1.8255207805123792,-999.0,-999,-999.0,1,1,2.0,3,0,5,0,0.0,0.0,0.0,0.0,6.4,0.0,0.0,98.5116375444641,338.2345089289617,-1.0,2.0
82,82,82,83,7.7,-5.81,154.21,16.0,1995-08-16T10:27:24.480003Z,2,15,2,16,1.1000000000000003,-999.0,1.103460451975617,1.9000000000000004,-999,6.428801027576603,1,1,3.0,7,1,8,1,5.8,2408339.520002,5.8,2408339.520002,6.6,-2408339.520002,178.99975397449234,131.78714293848105,338.2345089289617,1.0,3.0
83,83,83,84,7.7,-8.51,121.89,35.0,1992-12-12T05:29:28.320003Z,0,3,0,4,2.2,-999.0,0.1766565972403856,-999.0,-999,-999.0,1,1,3.0,0,0,1,0,0.0,0.0,0.0,0.0,5.8,1525677.120001,0.0,243.2496197623324,338.2345089289617,1.0,3.0
84,84,84,85,7.7,-12.52,165.92,33.0,1980-07-17T19:42:23.039995Z,5,2,5,4,1.0,-999.0,0.4420280245763396,0.2000000000000001,-999,0.5902908953538532,2,2,3.0,2,4,2,4,7.5,764579.51999,7.5,764579.51999,6.7,-764579.51999,51.43604703135919,167.76679596988964,338.2345089289617,1.0,3.0
85,85,85,86,7.7,-2.07,124.89,33.0,1998-11-29T14:10:27.840000Z,0,2,0,3,1.7999999999999998,-999.0,0.0769426085082077,-999.0,-999,-999.0,1,-1,0.0,1,0,1,0,0.0,0.0,0.0,0.0,5.9,92292.479998,0.0,333.7215804461213,338.2345089289617,-1.0,0.0
86,86,86,87,7.7,42.84,139.25,17.0,1993-07-12T13:17:11.039999Z,0,3,0,3,1.4000000000000004,-999.0,0.1245526484049804,-999.0,-999,-999.0,1,1,3.0,1,0,1,0,0.0,0.0,0.0,0.0,6.3,282026.879998,0.0,109.9599787882747,338.2345089289617,-1.0,3.0
87,87,87,88,7.6,44.93,148.44,33.0,1978-03-23T03:15:24.479999Z,3,5,3,5,0.0999999999999996,-999.0,1.8859384429949264,0.5999999999999996,-999,3.0410542321366774,2,2,0.0,4,3,4,3,7.0,9858.240001,7.0,9858.240001,7.5,-9858.240001,129.9130579480851,129.02905777985868,289.8036300972396,1.0,3.0
88,88,88,89,7.6,1.16,122.84,28.0,1990-04-18T13:39:21.600002Z,1,9,1,12,1.0999999999999996,-999.0,0.3333444448146362,2.5,-999,inf,1,1,3.0,5,0,6,0,5.1,1225912.320001,5.1,1225912.320001,6.5,-1225912.320001,206.39636053735424,104.68336191233412,289.8036300972396,1.0,3.0
89,89,89,90,7.6,-22.04,175.16,33.0,1990-03-03T12:16:24.959996Z,0,1,0,2,2.3,-999.0,inf,-999.0,-999,-999.0,-1,-1,1.0,0,0,0,0,0.0,0.0,0.0,0.0,5.3,0.0,0.0,102.03976160925889,289.8036300972396,1.0,1.0
90,90,90,91,7.6,-11.27,162.15,22.6,2014-04-12T20:14:38.399996Z,1,22,1,25,0.1999999999999993,-999.0,1.110718432882123,1.5999999999999996,-999,inf,2,2,0.0,5,1,5,1,6.0,722044.799996,6.0,722044.799996,7.4,51105.600009,94.914291444825,289.25130210631636,289.8036300972396,-1.0,1.0
91,91,91,92,7.6,-29.54,-176.34,17.0,2011-07-06T19:03:21.599999Z,2,39,2,42,1.5999999999999996,1.140571366614602,1.3230115814445167,2.0,-999,0.1717254110672358,1,1,2.0,7,1,8,1,5.6,2328410.880002,5.6,2328410.880002,6.0,240658.560005,191.63295726399696,268.35904029469685,289.8036300972396,-1.0,2.0
92,92,92,93,7.6,38.19,142.03,44.0,1978-06-12T08:14:29.760001Z,0,5,0,5,1.1999999999999993,-999.0,0.3754655773150366,-999.0,-999,-999.0,1,1,0.0,5,0,5,0,0.0,0.0,0.0,0.0,6.4,-0.0,0.0,134.07905473290566,289.8036300972396,1.0,3.0
93,93,93,94,7.6,-0.25,119.84,20.0,2018-09-28T10:02:47.039998Z,2,8,2,9,2.2,-999.0,0.3364114985460031,1.5,-999,33.89830507992996,1,1,0.0,0,1,0,1,6.1,-3065446.080002,6.1,-3065446.080002,5.4,327395.520005,18.411759605134595,162.4093312679379,289.8036300972396,1.0,1.0
94,94,94,95,7.6,34.54,73.59,26.0,2005-10-08T03:50:41.280004Z,0,18,0,19,1.1999999999999993,-999.0,0.6284323754376231,-999.0,-999,-999.0,1,1,3.0,5,0,5,0,0.0,0.0,0.0,0.0,6.4,-0.0,0.0,61.53288651234964,289.8036300972396,1.0,3.0
95,95,95,96,7.6,11.76,-87.42,10.0,1992-09-02T00:15:59.040000Z,2,11,2,11,1.5999999999999996,-999.0,0.4805130131660136,1.9,-999,2.0650490447539687,1,1,0.0,7,1,7,1,5.7,1966006.080004,5.7,1966006.080004,6.0,-1882327.679997,10.763839392333653,196.65768934412435,289.8036300972396,1.0,3.0
96,96,96,97,7.6,-60.53,-43.41,10.0,2003-08-04T04:37:20.639996Z,0,3,0,3,2.3,-999.0,0.3125195324724652,-999.0,-999,-999.0,1,1,0.0,0,0,0,0,0.0,0.0,0.0,0.0,5.3,0.0,0.0,91.38345273035108,289.8036300972396,1.0,2.0
97,97,97,98,7.6,-26.62,-70.77,18.0,1983-10-04T18:52:16.320003Z,0,2,0,2,1.0999999999999996,-999.0,0.7017790097823867,-999.0,-999,-999.0,-1,-1,3.0,1,0,1,0,0.0,0.0,0.0,0.0,6.5,158975.999997,0.0,43.872566568528526,289.8036300972396,1.0,3.0
98,98,98,99,7.6,-4.05,152.6,10.0,2019-05-14T12:58:27.839996Z,0,4,0,4,1.5999999999999996,-999.0,0.2550190945546654,-999.0,-999,-999.0,1,1,1.0,2,0,2,0,0.0,0.0,0.0,0.0,6.0,131129.280007,0.0,160.56021229068176,289.8036300972396,1.0,1.0
99,99,99,100,7.6,9.68,-83.08,10.0,1991-04-22T21:56:52.799996Z,0,4,0,5,1.3999999999999997,-999.0,0.3858992417076294,-999.0,-999,-999.0,1,1,3.0,2,0,3,0,0.0,0.0,0.0,0.0,6.2,373550.400005,0.0,70.16149894725844,289.8036300972396,1.0,3.0
100,100,100,101,7.6,45.47,151.05,26.0,1991-12-22T08:43:09.119997Z,13,4,13,6,2.2,-999.0,0.2545419835183763,0.8999999999999995,-999,1.0109808069237989,1,1,3.0,0,8,1,8,6.7,284964.479996,6.7,284964.479996,5.8,-799752.959996,81.59306639267042,82.90303118073341,289.8036300972396,1.0,3.0
101,101,101,102,7.6,-23.05,-174.66,34.0,2009-03-19T18:17:42.719995Z,3,8,3,8,2.0,-999.0,0.4695827757042646,2.1,-999,2.3050326545237105,1,1,3.0,1,0,1,0,5.5,828800.639998,5.5,828800.639998,5.6,574966.080006,245.78253873263176,133.548289458273,289.8036300972396,1.0,3.0
102,102,102,103,7.6,-43.41,-73.94,38.0,2016-12-25T14:22:24.959999Z,0,1,0,1,2.2,-999.0,inf,-999.0,-999,-999.0,-1,-1,3.0,0,0,0,0,0.0,0.0,0.0,0.0,5.4,-0.0,0.0,45.7615037126235,289.8036300972396,1.0,3.0
103,103,103,104,7.6,39.57,117.98,23.0,1976-07-27T19:42:57.599997Z,0,1,0,1,0.5999999999999996,-999.0,inf,-999.0,-999,-999.0,-1,-1,0.0,1,0,1,0,0.0,0.0,0.0,0.0,7.0,-0.0,0.0,37.35425213400024,289.8036300972396,-1.0,2.0
104,104,104,105,7.6,-48.79,164.36,33.0,1981-05-25T05:25:17.759997Z,0,3,0,3,1.9,-999.0,0.1637974807945971,-999.0,-999,-999.0,1,1,1.0,2,0,2,0,0.0,0.0,0.0,0.0,5.7,221520.960005,0.0,48.71630947527686,289.8036300972396,1.0,1.0
105,105,105,106,7.6,40.75,29.86,17.0,1999-08-17T00:01:35.039999Z,1,3,1,4,1.7999999999999998,-999.0,0.1206777261094277,2.3999999999999995,-999,inf,1,1,1.0,1,0,1,0,5.2,1962282.240003,5.2,1962282.240003,5.8,227767.679996,225.2668049766564,62.42676344060871,289.8036300972396,1.0,1.0
106,106,106,107,7.6,10.1,-85.31,35.0,2012-09-05T14:42:08.639999Z,0,3,0,6,2.0,-999.0,0.3041362530431141,-999.0,-999,-999.0,1,1,3.0,1,0,2,0,0.0,0.0,0.0,0.0,6.4,3213725.760005,0.0,126.8185547827765,289.8036300972396,1.0,3.0
107,107,107,108,7.6,38.11,144.55,19.7,2011-03-11T06:25:46.559998Z,0,0,0,0,-999.0,-999.0,-999.0,-999.0,-999,-999.0,-1,-1,2.0,0,0,0,0,0.0,0.0,0.0,0.0,0.0,0.0,0.0,0.0,289.8036300972396,1.0,3.0
108,108,108,109,7.6,-17.54,-72.08,33.0,2001-07-07T09:38:44.160005Z,0,0,0,1,-999.0,-999.0,-999.0,-999.0,-999,-999.0,-1,-1,0.0,0,0,0,0,0.0,0.0,0.0,0.0,0.0,0.0,0.0,0.0,289.8036300972396,1.0,3.0
109,109,109,110,7.6,60.95,167.09,22.0,2006-04-20T23:25:00.479996Z,0,11,0,13,1.0,-999.0,0.3982131091766496,-999.0,-999,-999.0,1,1,3.0,4,0,5,0,0.0,0.0,0.0,0.0,6.6,739972.800008,0.0,86.40770545874395,289.8036300972396,-1.0,3.0
110,110,110,111,7.6,-3.3,142.95,13.0,2002-09-08T18:44:21.119996Z,1,7,1,10,1.5,-999.0,0.8430281571429636,2.2,-999,inf,1,1,0.0,3,0,4,0,5.4,594976.319991,5.4,594976.319991,6.1,180619.200004,23.57673092384947,238.57105825892566,289.8036300972396,1.0,3.0
111,111,111,112,7.6,10.81,126.64,28.0,2012-08-31T12:47:31.200005Z,0,20,0,24,2.0,-999.0,1.2560841576396635,-999.0,-999,-999.0,1,1,3.0,1,0,1,0,0.0,0.0,0.0,0.0,5.6,0.0,0.0,232.6574076536607,289.8036300972396,-1.0,3.0
112,112,112,113,7.6,23.42,70.23,16.0,2001-01-26T03:16:42.239997Z,0,3,0,3,1.9,-999.0,0.1344869323528933,-999.0,-999,-999.0,1,1,0.0,1,0,1,0,0.0,0.0,0.0,0.0,5.7,0.0,0.0,31.23668325348633,289.8036300972396,-1.0,3.0
113,113,113,114,7.6,-13.01,166.51,45.0,2009-10-07T22:03:12.960004Z,0,0,0,0,-999.0,-999.0,-999.0,-999.0,-999,-999.0,-1,-1,3.0,0,0,0,0,0.0,0.0,0.0,0.0,0.0,0.0,0.0,0.0,289.8036300972396,1.0,3.0
114,114,114,115,7.6,23.77,120.98,33.0,1999-09-20T17:47:19.680004Z,1,11,1,16,1.0999999999999996,-999.0,0.396256457179089,2.2,-999,inf,1,1,3.0,4,0,6,0,5.4,876545.280002,5.4,876545.280002,6.5,241038.719993,188.7635072102336,167.00224765433487,289.8036300972396,1.0,3.0
115,115,115,116,7.5,1.07,126.28,22.0,2007-01-21T11:27:44.639999Z,1,20,1,29,0.7999999999999998,-999.0,0.6755569967440236,1.9000000000000004,-999,inf,1,1,3.0,8,1,12,1,5.6,408084.480001,5.6,408084.480001,6.7,947738.880004,171.351652127674,248.42044277725978,248.30743700128235,1.0,3.0
116,116,116,117,7.5,-4.73,152.56,41.0,2015-03-29T23:48:28.799997Z,1,11,1,37,1.5,-999.0,0.7372011822003777,1.7999999999999998,-999,inf,2,1,3.0,4,1,12,1,5.7,-347768.640008,5.7,-347768.640008,7.5,3023550.719999,220.28595689515257,163.72256342419004,248.30743700128235,1.0,3.0
117,117,117,118,7.5,-5.46,151.88,55.0,2015-05-05T01:44:06.720000Z,1,1,1,6,1.5999999999999996,-999.0,inf,2.0,-999,inf,5,-1,3.0,1,1,2,1,5.5,1174979.52,5.5,1174979.52,6.0,4617596.160003,202.57758614353298,207.4825219793805,248.30743700128235,1.0,3.0
118,118,118,119,7.5,-55.28,-31.88,10.0,2016-08-19T07:32:26.880002Z,0,22,0,28,1.4000000000000004,-999.0,0.7581318253398175,-999.0,-999,-999.0,1,1,3.0,4,0,4,0,0.0,0.0,0.0,0.0,6.1,100491.84,0.0,104.79416125473753,248.30743700128235,1.0,3.0
119,119,119,120,7.5,-6.76,155.02,43.4,2014-04-19T13:27:59.040004Z,15,30,15,36,1.2999999999999998,-999.0,1.0704307770250394,0.4000000000000003,-999,1.936058443163624,2,2,3.0,6,8,7,8,7.1,714035.520003,7.1,714035.520003,6.2,-709871.040006,184.5103766314964,128.56895083388858,248.30743700128235,1.0,3.0
120,120,120,121,7.5,8.39,126.78,33.0,1989-12-15T18:43:46.560004Z,1,9,1,10,1.0,-999.0,0.5413468710147762,1.4000000000000004,-999,inf,1,1,3.0,7,1,7,1,6.1,634832.640008,6.1,634832.640008,6.5,303575.039995,189.20253379396135,72.93757866833738,248.30743700128235,1.0,3.0
121,121,121,122,7.5,-1.68,136.04,5.0,1979-09-12T05:17:48.479995Z,0,1,0,4,1.4000000000000004,-999.0,inf,-999.0,-999,-999.0,1,-1,1.0,1,0,3,0,0.0,0.0,0.0,0.0,6.1,0.0,0.0,84.98754572941532,248.30743700128235,1.0,1.0
122,122,122,123,7.5,-9.62,-79.57,33.0,1996-02-21T12:51:07.200000Z,0,0,0,0,-999.0,-999.0,-999.0,-999.0,-999,-999.0,-1,-1,0.0,0,0,0,0,0.0,0.0,0.0,0.0,0.0,0.0,0.0,0.0,248.30743700128235,1.0,3.0
123,123,123,124,7.5,35.07,87.32,33.0,1997-11-08T10:02:55.680003Z,0,1,0,1,2.2,-999.0,inf,-999.0,-999,-999.0,-1,-1,1.0,0,0,0,0,0.0,0.0,0.0,0.0,5.3,-0.0,0.0,177.9619193749907,248.30743700128235,-1.0,1.0
124,124,124,125,7.5,-12.41,166.38,33.0,1980-07-08T23:19:23.520005Z,0,0,0,0,-999.0,-999.0,-999.0,-999.0,-999,-999.0,-1,-1,3.0,0,0,0,0,0.0,0.0,0.0,0.0,0.0,0.0,0.0,0.0,248.30743700128235,1.0,3.0
125,125,125,126,7.5,15.32,-89.1,5.0,1976-02-04T09:01:43.680005Z,0,0,0,0,-999.0,-999.0,-999.0,-999.0,-999,-999.0,-1,-1,1.0,0,0,0,0,0.0,0.0,0.0,0.0,0.0,0.0,0.0,0.0,248.30743700128235,1.0,1.0
126,126,126,127,7.5,-8.15,124.87,10.0,2004-11-11T21:26:38.400001Z,1,8,1,10,2.1,-999.0,0.5099666609298505,1.9000000000000004,-999,inf,1,1,3.0,0,1,0,1,5.6,1700092.800003,5.6,1700092.800003,5.4,0.0,6.970724065846551,54.25591747471348,248.30743700128235,1.0,3.0
127,127,127,128,7.5,6.03,124.25,31.0,2002-03-05T21:16:07.679996Z,0,4,0,6,1.7000000000000002,-999.0,1.8277358922211395,-999.0,-999,-999.0,1,1,3.0,1,0,3,0,0.0,0.0,0.0,0.0,5.8,79427.520006,0.0,85.28152106473706,248.30743700128235,1.0,3.0
128,128,128,129,7.5,1.17,122.76,33.0,1991-06-20T05:18:48.960003Z,0,2,0,5,2.1,-999.0,11.841326225181504,-999.0,-999,-999.0,1,-1,0.0,0,0,1,0,0.0,0.0,0.0,0.0,6.6,125919.359996,0.0,55.35606710177047,248.30743700128235,1.0,3.0
129,129,129,130,7.5,-21.95,169.43,10.0,2018-12-05T04:18:11.519997Z,7,13,7,17,0.7999999999999998,-999.0,0.7165179432629567,1.7999999999999998,-999,0.406402582398084,1,1,2.0,2,2,4,2,5.7,-40919.040002,5.7,-40919.040002,6.7,-234567.359992,223.13294870054273,76.66906981796424,248.30743700128235,-1.0,2.0
130,130,130,131,7.5,14.1,92.89,4.7,2009-08-10T19:55:37.920003Z,0,2,0,2,1.5999999999999996,-999.0,1.3992863639937716,-999.0,-999,-999.0,-1,-1,2.0,1,0,1,0,0.0,0.0,0.0,0.0,5.9,0.0,0.0,20.959295464329177,248.30743700128235,-1.0,2.0
131,131,131,132,7.5,55.39,-134.65,10.0,2013-01-05T08:58:16.319995Z,0,2,0,2,1.5999999999999996,-999.0,0.1191171040254611,-999.0,-999,-999.0,-1,-1,0.0,2,0,2,0,0.0,0.0,0.0,0.0,5.9,799053.120008,0.0,26.355801516181614,248.30743700128235,-1.0,1.0
132,132,132,133,7.5,-2.6,68.38,10.0,2003-07-15T20:27:53.280004Z,0,3,0,3,1.9000000000000004,-999.0,0.4350915867812149,-999.0,-999,-999.0,1,1,1.0,1,0,1,0,0.0,0.0,0.0,0.0,5.6,1045353.599994,0.0,226.29998710633296,248.30743700128235,1.0,1.0
133,133,133,134,7.5,-9.92,160.46,14.0,1984-02-07T21:33:24.480005Z,0,1,0,1,1.0999999999999996,-999.0,inf,-999.0,-999,-999.0,-1,-1,0.0,1,0,1,0,0.0,0.0,0.0,0.0,6.4,-0.0,0.0,29.493935579565903,248.30743700128235,-1.0,3.0
134,134,134,135,7.5,17.82,-101.67,33.0,1985-09-21T01:37:12.000000Z,0,0,0,0,-999.0,-999.0,-999.0,-999.0,-999,-999.0,-1,-1,3.0,0,0,0,0,0.0,0.0,0.0,0.0,0.0,0.0,0.0,0.0,248.30743700128235,1.0,3.0
135,135,135,136,7.5,7.88,91.94,35.0,2010-06-12T19:26:49.920001Z,0,5,0,5,2.0,-999.0,0.4151548112277847,-999.0,-999,-999.0,1,1,0.0,1,0,1,0,0.0,0.0,0.0,0.0,5.5,273456.000003,0.0,55.004855130286494,248.30743700128235,-1.0,0.0
136,136,136,137,7.5,-1.76,134.3,10.0,2002-10-10T10:50:18.240003Z,7,3,7,3,1.5999999999999996,-999.0,3.2185387830720407,1.0999999999999996,-999,0.8673779165559622,1,1,1.0,2,3,2,3,6.4,1710400.320004,6.4,1710400.320004,5.9,-1710400.320004,170.81583277545784,210.3287521275643,248.30743700128235,1.0,1.0
137,137,137,138,7.5,-1.11,123.57,26.0,2000-05-04T04:21:12.960000Z,0,4,0,4,1.7999999999999998,-999.0,0.3442548174186988,-999.0,-999,-999.0,1,1,1.0,3,0,3,0,0.0,0.0,0.0,0.0,5.7,0.0,0.0,195.34031994166926,248.30743700128235,1.0,1.0
138,138,138,139,7.5,-10.21,160.77,38.0,1988-08-10T04:38:29.759999Z,0,3,0,3,1.9000000000000004,-999.0,1.0742677074956588,-999.0,-999,-999.0,1,1,3.0,1,0,1,0,0.0,0.0,0.0,0.0,5.6,-0.0,0.0,87.79869075049227,248.30743700128235,1.0,3.0
139,139,139,140,7.5,44.24,148.86,33.0,1978-03-24T19:47:51.360001Z,0,0,0,0,-999.0,-999.0,-999.0,-999.0,-999,-999.0,-1,-1,3.0,0,0,0,0,0.0,0.0,0.0,0.0,0.0,0.0,0.0,0.0,248.30743700128235,1.0,3.0
140,140,140,141,7.5,-24.49,-70.17,27.0,1987-03-05T09:16:59.519998Z,0,5,0,5,0.5999999999999996,-999.0,0.2996416286119022,-999.0,-999,-999.0,1,1,3.0,5,0,5,0,0.0,0.0,0.0,0.0,6.9,0.0,0.0,46.50815241719293,248.30743700128235,1.0,3.0
141,141,141,142,7.5,18.77,-104.1,24.0,2003-01-22T02:06:34.560004Z,0,3,0,3,1.5999999999999996,-999.0,0.1182256691572431,-999.0,-999,-999.0,1,1,0.0,1,0,1,0,0.0,0.0,0.0,0.0,5.9,-0.0,0.0,79.42294822851092,248.30743700128235,1.0,3.0
142,142,142,143,7.5,-6.07,142.75,25.2,2018-02-25T17:44:44.159997Z,0,26,0,34,0.7999999999999998,-999.0,1.029006098837733,-999.0,-999,-999.0,1,1,3.0,9,0,10,0,0.0,0.0,0.0,0.0,6.7,726122.879999,0.0,100.55242580052042,248.30743700128235,-1.0,3.0
143,143,143,144,7.5,-24.19,-175.77,33.0,1982-12-19T17:43:52.320004Z,6,12,6,12,1.2000000000000002,-999.0,0.4876661112699447,1.5999999999999996,-999,0.3642257471190769,1,1,3.0,6,5,6,5,5.9,1216287.360006,5.9,1216287.360006,6.3,-1440313.92,78.66104973247467,73.25708326194031,248.30743700128235,1.0,3.0
144,144,144,145,7.5,1.82,126.64,43.0,1986-08-14T19:39:12.959996Z,0,8,0,10,1.0999999999999996,-999.0,0.2916950765513958,-999.0,-999,-999.0,1,1,0.0,8,0,9,0,0.0,0.0,0.0,0.0,6.4,43295.04,0.0,203.90846802362213,248.30743700128235,1.0,3.0
145,145,145,146,7.5,-22.26,171.73,33.0,1981-07-06T03:08:21.120004Z,0,2,0,3,1.2000000000000002,-999.0,0.3325297198410335,-999.0,-999,-999.0,1,-1,0.0,2,0,3,0,0.0,0.0,0.0,0.0,6.3,1460514.239993,0.0,236.9159667522551,248.30743700128235,1.0,2.0
146,146,146,147,7.5,16.5,-98.22,20.0,2012-03-20T18:02:44.160003Z,0,6,0,6,1.4000000000000004,-999.0,0.2601603454928317,-999.0,-999,-999.0,1,1,0.0,1,0,1,0,0.0,0.0,0.0,0.0,6.1,1052464.319994,0.0,34.42008327867298,248.30743700128235,1.0,3.0
147,147,147,148,7.5,17.48,-83.52,19.0,2018-01-10T02:51:30.240001Z,0,0,0,0,-999.0,-999.0,-999.0,-999.0,-999,-999.0,-1,-1,1.0,0,0,0,0,0.0,0.0,0.0,0.0,0.0,0.0,0.0,0.0,248.30743700128235,1.0,1.0
148,148,148,149,7.5,60.64,-141.59,15.0,1979-02-28T21:27:04.319997Z,0,1,0,2,2.4000000000000004,-999.0,inf,-999.0,-999,-999.0,-1,-1,0.0,0,0,0,0,0.0,0.0,0.0,0.0,5.4,130057.920006,0.0,57.24861435896599,248.30743700128235,1.0,3.0
149,149,149,150,7.5,-14.99,-173.17,15.0,1981-09-01T09:29:31.199999Z,1,4,1,5,1.5999999999999996,-999.0,6.049606775804995,1.7000000000000002,-999,inf,1,1,2.0,3,1,3,1,5.8,7585.919999,5.8,7585.919999,5.9,32952.960006,34.455825471170066,57.1518491746961,248.30743700128235,-1.0,2.0
150,150,150,151,7.4,16.06,-96.93,60.6,1999-09-30T16:31:17.759999Z,0,0,0,0,-999.0,-999.0,-999.0,-999.0,-999,-999.0,-1,-1,2.0,0,0,0,0,0.0,0.0,0.0,0.0,0.0,0.0,0.0,0.0,212.75297086326285,-1.0,2.0
151,151,151,152,7.4,-60.93,-21.58,10.0,2006-01-02T06:10:47.999996Z,0,0,0,0,-999.0,-999.0,-999.0,-999.0,-999,-999.0,-1,-1,1.0,0,0,0,0,0.0,0.0,0.0,0.0,0.0,0.0,0.0,0.0,212.75297086326285,1.0,1.0
152,152,152,153,7.4,15.23,147.53,32.0,1990-04-05T21:12:40.319996Z,0,2,0,4,1.2000000000000002,-999.0,6.242197254061009,-999.0,-999,-999.0,1,-1,2.0,1,0,1,0,0.0,0.0,0.0,0.0,6.2,0.0,0.0,47.26633417118113,212.75297086326285,-1.0,2.0
153,153,153,154,7.4,-21.89,169.85,33.0,1980-10-25T11:00:05.760000Z,2,9,2,9,0.8000000000000007,-999.0,1.780521099182505,0.3000000000000007,-999,1.7406440383308517,5,5,3.0,9,2,9,2,7.1,14394.239999,7.1,14394.239999,6.6,-113667.839997,34.83901305299494,89.93122645587964,212.75297086326285,1.0,3.0
154,154,154,155,7.4,36.96,49.41,10.0,1990-06-20T21:00:08.639995Z,0,3,0,3,1.7000000000000002,-999.0,0.1943080689660074,-999.0,-999,-999.0,1,1,0.0,1,0,1,0,0.0,0.0,0.0,0.0,5.7,0.0,0.0,49.57820764037347,212.75297086326285,-1.0,1.0
155,155,155,156,7.4,8.73,-83.12,33.0,1983-04-03T02:50:03.839997Z,0,4,0,5,1.5,-999.0,0.9411986164261948,-999.0,-999,-999.0,1,1,3.0,4,0,5,0,0.0,0.0,0.0,0.0,6.2,410201.280005,0.0,113.87954113891243,212.75297086326285,1.0,3.0
156,156,156,157,7.4,-33.23,-71.76,33.0,1985-03-04T00:32:23.999997Z,0,0,0,0,-999.0,-999.0,-999.0,-999.0,-999,-999.0,-1,-1,0.0,0,0,0,0,0.0,0.0,0.0,0.0,0.0,0.0,0.0,0.0,212.75297086326285,1.0,3.0
157,157,157,158,7.4,-0.69,133.3,23.0,2009-01-03T22:33:35.999995Z,0,0,0,0,-999.0,-999.0,-999.0,-999.0,-999,-999.0,-1,-1,3.0,0,0,0,0,0.0,0.0,0.0,0.0,0.0,0.0,0.0,0.0,212.75297086326285,1.0,3.0
158,158,158,159,7.4,39.8,142.84,38.0,1989-11-01T18:25:37.920003Z,7,8,7,10,1.5,-999.0,0.37797894657392,1.0,-999,1.2061271257891495,1,1,0.0,3,6,5,6,6.4,305994.24,6.4,305994.24,5.9,-314184.960007,73.82622880736314,100.1954491718039,212.75297086326285,1.0,3.0
159,159,159,160,7.4,-31.03,-67.77,13.0,1977-11-23T09:26:21.120000Z,0,6,0,7,1.3000000000000007,-999.0,0.3862022798803662,-999.0,-999,-999.0,1,1,3.0,6,0,7,0,0.0,0.0,0.0,0.0,6.1,413596.800001,0.0,72.32434489562259,212.75297086326285,-1.0,3.0
160,160,160,161,7.4,17.81,-101.28,49.0,1979-03-14T11:07:17.760001Z,1,1,1,1,1.8000000000000007,-999.0,inf,1.7000000000000002,-999,inf,-1,-1,0.0,1,1,1,1,5.7,1177018.559997,5.7,1177018.559997,5.6,-1177018.559997,37.64785481888382,42.2003898581694,212.75297086326285,1.0,3.0
161,161,161,162,7.4,46.86,155.15,36.0,2009-01-15T17:49:37.920001Z,4,1,4,1,2.3000000000000007,-999.0,inf,2.0,-999,0.6264879087833788,1,1,3.0,0,2,0,2,5.4,1570682.880002,5.4,1570682.880002,5.1,-2089437.120003,196.17973457237343,35.238914453963176,212.75297086326285,-1.0,3.0
162,162,162,163,7.4,-28.99,-176.24,33.0,2011-10-21T17:57:15.839997Z,5,5,5,8,2.1000000000000005,-999.0,0.3496699116060836,2.2,-999,0.3684815611851013,1,1,3.0,0,0,1,0,5.2,925577.279993,5.2,925577.279993,5.6,56488.320008,187.27331340670764,83.87733005098544,212.75297086326285,1.0,3.0
163,163,163,164,7.4,34.91,45.96,19.0,2017-11-12T18:18:17.279997Z,0,1,0,7,1.9000000000000004,-999.0,inf,-999.0,-999,-999.0,1,-1,0.0,1,0,3,0,0.0,0.0,0.0,0.0,5.5,2490696.000001,0.0,192.69699418495165,212.75297086326285,1.0,3.0
164,164,164,165,7.4,-37.77,-75.05,41.7,2010-02-27T08:01:23.519999Z,0,0,0,0,-999.0,-999.0,-999.0,-999.0,-999,-999.0,-1,-1,2.0,0,0,0,0,0.0,0.0,0.0,0.0,0.0,0.0,0.0,0.0,212.75297086326285,-1.0,2.0
165,165,165,166,7.4,-4.1,123.91,33.0,2001-10-19T03:28:48.000002Z,0,3,0,3,1.8000000000000007,-999.0,1.588141874035599,-999.0,-999,-999.0,1,1,1.0,2,0,2,0,0.0,0.0,0.0,0.0,5.6,143346.239994,0.0,84.54194593711095,212.75297086326285,1.0,1.0
166,166,166,167,7.4,33.39,57.43,33.0,1978-09-16T15:36:00.000002Z,0,0,0,0,-999.0,-999.0,-999.0,-999.0,-999,-999.0,-1,-1,3.0,0,0,0,0,0.0,0.0,0.0,0.0,0.0,0.0,0.0,0.0,212.75297086326285,-1.0,3.0
167,167,167,168,7.4,26.9,143.7,14.0,2010-12-21T17:19:40.799996Z,0,17,0,23,1.0,-999.0,0.8119131539492538,-999.0,-999,-999.0,1,1,0.0,5,0,5,0,0.0,0.0,0.0,0.0,6.4,70891.200002,0.0,69.55954835013452,212.75297086326285,-1.0,2.0
168,168,168,169,7.4,-11.46,162.05,39.0,2014-04-13T12:36:17.280003Z,0,0,0,0,-999.0,-999.0,-999.0,-999.0,-999,-999.0,-1,-1,3.0,0,0,0,0,0.0,0.0,0.0,0.0,0.0,0.0,0.0,0.0,212.75297086326285,1.0,3.0
169,169,169,170,7.4,-16.42,168.21,33.0,1999-11-26T13:21:12.960000Z,0,2,0,2,1.6000000000000003,-999.0,0.3025581289778534,-999.0,-999,-999.0,-1,-1,3.0,1,0,1,0,0.0,0.0,0.0,0.0,5.8,0.0,0.0,159.97861608744483,212.75297086326285,1.0,3.0
170,170,170,171,7.4,-49.27,164.12,10.0,2007-09-30T05:23:34.080002Z,0,7,0,7,0.8000000000000007,-999.0,0.62079301873865,-999.0,-999,-999.0,1,1,3.0,2,0,2,0,0.0,0.0,0.0,0.0,6.6,0.0,0.0,154.66112870178006,212.75297086326285,1.0,3.0
171,171,171,172,7.4,-58.9,158.3,33.0,1987-09-03T06:40:10.559999Z,1,2,1,2,0.6000000000000005,-999.0,1.117068811403688,1.8000000000000007,-999,inf,1,1,1.0,1,1,1,1,5.6,2249899.2,5.6,2249899.2,6.8,-2249899.2,27.60696897742337,75.46392714717021,212.75297086326285,1.0,1.0
172,172,172,173,7.4,-13.09,166.5,31.1,2009-10-07T23:13:46.560004Z,0,0,0,0,-999.0,-999.0,-999.0,-999.0,-999,-999.0,-1,-1,3.0,0,0,0,0,0.0,0.0,0.0,0.0,0.0,0.0,0.0,0.0,212.75297086326285,1.0,3.0
173,173,173,174,7.4,6.9,126.58,33.0,2001-01-01T06:57:01.440002Z,1,6,1,7,0.6000000000000005,-999.0,0.8581603901895897,2.2,-999,inf,1,1,3.0,4,0,5,0,5.2,83116.800005,5.2,83116.800005,6.8,-83116.800005,167.01460451769194,179.21549408760984,212.75297086326285,1.0,3.0
174,174,174,175,7.4,22.31,125.31,33.0,1998-05-03T23:30:20.159996Z,0,3,0,3,2.2,-999.0,0.1544632145857086,-999.0,-999,-999.0,1,1,1.0,0,0,0,0,0.0,0.0,0.0,0.0,5.2,315498.240008,0.0,43.15432739556906,212.75297086326285,-1.0,1.0
175,175,175,176,7.4,13.96,-91.85,24.0,2012-11-07T16:35:45.599996Z,2,11,2,15,1.0,-999.0,0.4222227340083717,2.0,-999,0.1510962029517117,1,1,3.0,4,1,5,1,5.4,2094863.039999,5.4,2094863.039999,6.4,-0.0,106.33607110014789,134.465339693168,212.75297086326285,1.0,3.0
176,176,176,177,7.4,33.18,137.07,10.0,2004-09-05T14:57:15.839997Z,1,7,1,7,0.8000000000000007,-999.0,1.6538297972922316,0.2000000000000001,-999,inf,2,2,3.0,6,1,6,1,7.2,17409.599997,7.2,17409.599997,6.6,0.0,43.66784444721826,54.75190666003764,212.75297086326285,-1.0,3.0
177,177,177,178,7.3,-22.01,169.77,10.0,2003-12-27T16:01:03.360003Z,7,25,7,27,0.2000000000000001,-999.0,0.8919301725729732,0.5999999999999996,-999,4.834921950272585,5,5,3.0,18,7,18,7,6.7,66899.520004,6.7,66899.520004,7.1,157662.719995,55.51978659708056,76.7764257484462,182.28945197042378,1.0,3.0
178,178,178,179,7.3,43.9,147.9,23.0,1994-10-09T07:55:37.920003Z,0,0,0,0,-999.0,-999.0,-999.0,-999.0,-999,-999.0,-1,-1,3.0,0,0,0,0,0.0,0.0,0.0,0.0,0.0,0.0,0.0,0.0,182.28945197042378,1.0,3.0
179,179,179,180,7.3,-20.07,168.89,33.0,2008-04-09T12:46:13.439996Z,5,21,5,23,0.8999999999999995,-999.0,0.7802978508353509,1.0,-999,1.857838219483981,1,1,3.0,15,3,16,3,6.3,5572.799998,6.3,5572.799998,6.4,279339.840006,47.309891907463715,159.6862579978645,182.28945197042378,1.0,3.0
180,180,180,181,7.3,-6.25,149.09,24.0,1987-10-16T20:48:02.880001Z,1,1,1,2,1.7999999999999998,-999.0,inf,2.3,-999,inf,1,-1,3.0,1,0,2,0,5.0,37203.839997,5.0,37203.839997,5.5,-37203.839997,151.03347733417934,87.37593349326278,182.28945197042378,1.0,3.0
181,181,181,182,7.3,-30.64,-178.1,46.0,2019-06-15T22:55:03.360001Z,1,31,1,35,0.7999999999999998,0.9127545043390348,1.352949648451562,2.0,-999,inf,1,1,3.0,15,1,16,1,5.3,-4394062.079997,5.3,-4394062.079997,6.5,260953.919998,115.28553081344768,143.86693117442158,182.28945197042378,1.0,3.0
182,182,182,183,7.3,17.4,-100.96,24.0,2014-04-18T14:27:27.359998Z,0,3,0,4,0.7999999999999998,-999.0,1.4863994450804212,-999.0,-999,-999.0,1,1,3.0,2,0,2,0,0.0,0.0,0.0,0.0,6.5,-0.0,0.0,115.79180697441176,182.28945197042378,1.0,3.0
183,183,183,184,7.3,41.12,-124.25,19.0,1980-11-08T10:27:33.119998Z,0,0,0,0,-999.0,-999.0,-999.0,-999.0,-999,-999.0,-1,-1,1.0,0,0,0,0,0.0,0.0,0.0,0.0,0.0,0.0,0.0,0.0,182.28945197042378,1.0,1.0
184,184,184,185,7.3,-60.86,-25.07,11.0,2013-07-15T14:03:41.759995Z,0,1,0,2,2.3,-999.0,inf,-999.0,-999,-999.0,-1,-1,1.0,0,0,0,0,0.0,0.0,0.0,0.0,5.0,-0.0,0.0,128.57167906019438,182.28945197042378,1.0,1.0
185,185,185,186,7.3,-17.54,168.07,25.0,2010-08-10T05:23:42.719997Z,0,11,0,13,1.3999999999999997,-999.0,0.4706566944505817,-999.0,-999,-999.0,1,1,3.0,5,0,5,0,0.0,0.0,0.0,0.0,5.9,79565.760002,0.0,115.5181673892868,182.28945197042378,1.0,3.0
186,186,186,187,7.3,-16.7,-172.1,33.0,1977-04-02T07:15:18.719998Z,0,0,0,0,-999.0,-999.0,-999.0,-999.0,-999,-999.0,-1,-1,0.0,0,0,0,0,0.0,0.0,0.0,0.0,0.0,0.0,0.0,0.0,182.28945197042378,1.0,3.0
187,187,187,188,7.3,12.53,-88.12,40.0,2014-10-14T03:51:33.119996Z,1,0,1,0,-999.0,-999.0,-999.0,2.0,-999,inf,-1,-1,2.0,0,1,0,1,0.0,0.0,0.0,0.0,0.0,0.0,0.0,0.0,182.28945197042378,-1.0,2.0
188,188,188,189,7.3,-46.68,165.71,33.0,1979-10-12T10:25:23.519997Z,0,0,0,0,-999.0,-999.0,-999.0,-999.0,-999,-999.0,-1,-1,0.0,0,0,0,0,0.0,0.0,0.0,0.0,0.0,0.0,0.0,0.0,182.28945197042378,1.0,3.0
189,189,189,190,7.3,23.96,121.82,33.0,1986-11-14T21:20:00.960002Z,0,1,0,2,1.5,-999.0,inf,-999.0,-999,-999.0,-1,-1,3.0,1,0,2,0,0.0,0.0,0.0,0.0,5.8,-0.0,0.0,21.799273429590368,182.28945197042378,1.0,3.0
190,190,190,191,7.3,2.77,95.96,26.0,2008-02-20T08:08:26.880004Z,0,1,0,2,1.2999999999999998,-999.0,inf,-999.0,-999,-999.0,-1,-1,0.0,1,0,2,0,0.0,0.0,0.0,0.0,6.3,2097299.519994,0.0,152.4102855227312,182.28945197042378,1.0,3.0
191,191,191,192,7.3,-5.94,147.79,34.0,1987-02-08T18:33:59.039996Z,1,11,1,14,1.2999999999999998,-999.0,0.4146624647532159,1.0999999999999996,-999,inf,1,1,1.0,11,1,14,1,6.2,110185.919998,6.2,110185.919998,6.0,44038.080005,13.393360821558398,148.76216668389407,182.28945197042378,-1.0,1.0
192,192,192,193,7.3,50.04,87.81,16.0,2003-09-27T11:33:21.599999Z,0,6,0,8,0.7000000000000002,-999.0,0.2378008180355496,-999.0,-999,-999.0,1,1,1.0,2,0,2,0,0.0,0.0,0.0,0.0,6.6,26369.280006,0.0,39.83097708321626,182.28945197042378,-1.0,1.0
193,193,193,194,7.3,1.27,122.09,30.0,2008-11-16T17:02:32.640002Z,0,0,0,1,-999.0,-999.0,-999.0,-999.0,-999,-999.0,-1,-1,3.0,0,0,0,0,0.0,0.0,0.0,0.0,0.0,0.0,0.0,0.0,182.28945197042378,1.0,3.0
194,194,194,195,7.3,-5.93,150.59,35.0,2010-07-18T13:35:02.399999Z,2,13,2,15,0.3999999999999994,-999.0,0.4939979252100533,0.3999999999999994,-999,0.08225815075432,3,3,3.0,7,2,8,2,6.9,1848.959997,6.9,1848.959997,6.9,310763.520005,78.4995110780736,90.17248945691064,182.28945197042378,1.0,3.0
195,195,195,196,7.3,41.77,143.59,33.0,2003-09-25T21:08:03.840003Z,0,0,0,0,-999.0,-999.0,-999.0,-999.0,-999,-999.0,-1,-1,3.0,0,0,0,0,0.0,0.0,0.0,0.0,0.0,0.0,0.0,0.0,182.28945197042378,1.0,3.0
196,196,196,197,7.3,9.89,-84.89,19.0,1990-03-25T13:22:56.639995Z,0,1,0,1,1.5999999999999996,-999.0,inf,-999.0,-999,-999.0,-1,-1,0.0,1,0,1,0,0.0,0.0,0.0,0.0,5.7,0.0,0.0,35.97493385052805,182.28945197042378,1.0,3.0
197,197,197,198,7.3,-28.61,-177.64,59.0,1976-01-01T01:29:42.719999Z,0,0,0,0,-999.0,-999.0,-999.0,-999.0,-999,-999.0,-1,-1,3.0,0,0,0,0,0.0,0.0,0.0,0.0,0.0,0.0,0.0,0.0,182.28945197042378,1.0,3.0
198,198,198,199,7.3,16.72,-86.23,10.0,2009-05-28T08:24:43.199995Z,0,4,0,5,1.9,-999.0,0.298797340703938,-999.0,-999,-999.0,1,1,0.0,1,0,1,0,0.0,0.0,0.0,0.0,5.4,763974.720001,0.0,163.37064176318557,182.28945197042378,1.0,1.0
199,199,199,200,7.3,-10.49,160.77,33.0,2003-01-20T08:43:09.119997Z,2,1,2,2,2.1,-999.0,inf,1.5999999999999996,-999,0.1260223563659809,1,1,0.0,0,1,0,1,5.7,1125377.279993,5.7,1125377.279993,5.2,-2496562.559993,55.78929754313629,60.03590972608029,182.28945197042378,-1.0,0.0
200,200,200,201,7.3,3.75,96.02,38.0,2010-05-09T05:59:42.719999Z,0,0,0,0,-999.0,-999.0,-999.0,-999.0,-999,-999.0,-1,-1,0.0,0,0,0,0,0.0,0.0,0.0,0.0,0.0,0.0,0.0,0.0,182.28945197042378,-1.0,3.0
201,201,201,202,7.3,-9.97,160.73,33.0,1977-04-21T04:24:05.759998Z,3,2,3,3,1.2999999999999998,-999.0,0.0692883051733053,0.0999999999999996,-999,119.99999988824128,4,4,3.0,2,3,3,3,7.2,16873.920002,7.2,16873.920002,6.1,-16493.759994,47.54745825769797,118.26946815897311,182.28945197042378,1.0,3.0
202,202,202,203,7.3,38.44,142.84,32.0,2011-03-09T02:45:18.719998Z,0,0,0,0,-999.0,-999.0,-999.0,-999.0,-999,-999.0,-1,-1,0.0,0,0,0,0,0.0,0.0,0.0,0.0,0.0,0.0,0.0,0.0,182.28945197042378,1.0,3.0
203,203,203,204,7.3,-4.0,135.02,10.0,2004-02-07T02:42:34.559996Z,3,8,3,8,0.5999999999999996,-999.0,2.1749177609052044,0.2999999999999998,-999,3.806623524908193,0,0,1.0,6,2,6,2,7.0,106652.159997,7.0,106652.159997,6.7,-105494.399992,77.75183333492924,117.86879909297058,182.28945197042378,-1.0,1.0
204,204,204,205,7.3,-25.86,-175.41,33.0,1977-10-10T11:53:57.120003Z,0,0,0,0,-999.0,-999.0,-999.0,-999.0,-999,-999.0,-1,-1,2.0,0,0,0,0,0.0,0.0,0.0,0.0,0.0,0.0,0.0,0.0,182.28945197042378,-1.0,2.0
205,205,205,206,7.3,34.18,-116.51,5.0,1992-06-28T11:57:33.119998Z,0,5,0,5,0.7999999999999998,-999.0,0.4787712813786158,-999.0,-999,-999.0,1,1,1.0,4,0,4,0,0.0,0.0,0.0,0.0,6.5,-0.0,0.0,40.03663245942659,182.28945197042378,1.0,1.0
206,206,206,207,7.3,16.84,-98.6,21.0,1995-09-14T14:04:33.599998Z,0,0,0,1,-999.0,-999.0,-999.0,-999.0,-999,-999.0,-1,-1,0.0,0,0,1,0,0.0,0.0,0.0,0.0,0.0,0.0,0.0,0.0,182.28945197042378,1.0,3.0
207,207,207,208,7.3,-19.7,167.94,16.0,2010-12-25T13:16:36.479997Z,0,29,0,32,0.3999999999999994,-999.0,1.4403067356696408,-999.0,-999,-999.0,5,5,2.0,14,0,14,0,0.0,0.0,0.0,0.0,6.9,1314273.600008,0.0,122.77006360763241,182.28945197042378,-1.0,2.0
208,208,208,209,7.3,-15.19,-173.59,31.0,1995-04-07T22:06:57.600005Z,0,4,0,5,1.7000000000000002,-999.0,0.1477694205959533,-999.0,-999,-999.0,1,1,0.0,4,0,5,0,0.0,0.0,0.0,0.0,6.0,2397677.759998,0.0,89.85771171563701,182.28945197042378,-1.0,3.0
209,209,209,210,7.3,-4.68,102.56,36.0,2001-02-13T19:28:33.599996Z,5,5,5,8,1.5999999999999996,-999.0,0.2204138490437358,0.5,-999,0.3753443784655747,1,1,3.0,3,4,4,4,6.8,2441007.36,6.8,2441007.36,5.7,-1315223.999993,157.5790841759012,116.6494349152394,182.28945197042378,-1.0,3.0
210,210,210,211,7.3,52.07,-171.84,52.0,2011-06-24T03:09:38.880002Z,0,5,0,6,1.5,-999.0,7.157171485794452,-999.0,-999,-999.0,1,1,0.0,4,0,5,0,0.0,0.0,0.0,0.0,5.8,0.0,0.0,49.98329792341499,182.28945197042378,-1.0,2.0
211,211,211,212,7.3,7.41,-78.13,3.0,1976-07-11T20:41:51.359999Z,1,0,1,0,-999.0,-999.0,-999.0,0.5,-999,inf,-1,-1,1.0,0,1,0,1,0.0,0.0,0.0,0.0,0.0,0.0,0.0,0.0,182.28945197042378,1.0,1.0
212,212,212,213,7.3,12.14,-88.59,28.0,2012-08-27T04:37:20.639996Z,2,4,2,6,1.9,-999.0,0.4113745050665852,1.9,-999,0.344560254976413,1,1,0.0,2,1,3,1,5.4,967887.359996,5.4,967887.359996,5.5,101779.200006,130.95242406799622,57.47470462205191,182.28945197042378,1.0,3.0
213,213,213,214,7.2,28.82,34.86,10.0,1995-11-22T04:15:10.080003Z,0,2,0,2,1.5,-999.0,2.419257288082896,-999.0,-999,-999.0,-1,-1,0.0,2,0,2,0,0.0,0.0,0.0,0.0,5.7,64903.679995,0.0,52.39605450113634,156.1879214416901,1.0,1.0
214,214,214,215,7.2,40.76,31.16,10.0,1999-11-12T16:57:21.599998Z,1,0,1,0,-999.0,-999.0,-999.0,1.6000000000000003,-999,inf,-1,-1,0.0,0,1,0,1,0.0,0.0,0.0,0.0,0.0,0.0,0.0,0.0,156.1879214416901,1.0,1.0
215,215,215,216,7.2,-17.9,-172.29,33.0,1987-10-06T04:19:12.000004Z,0,0,0,0,-999.0,-999.0,-999.0,-999.0,-999,-999.0,-1,-1,2.0,0,0,0,0,0.0,0.0,0.0,0.0,0.0,0.0,0.0,0.0,156.1879214416901,-1.0,2.0
216,216,216,217,7.2,-6.06,147.59,50.0,1992-05-15T07:05:05.280004Z,1,3,1,4,1.2000000000000002,-999.0,0.1691331923896723,2.0,-999,inf,1,1,3.0,2,1,3,1,5.2,990679.680002,5.2,990679.680002,6.0,-0.0,116.21954500206314,57.72061959374819,156.1879214416901,1.0,3.0
217,217,217,218,7.2,42.08,73.56,22.0,1992-08-19T02:04:33.599998Z,0,0,0,0,-999.0,-999.0,-999.0,-999.0,-999,-999.0,-1,-1,3.0,0,0,0,0,0.0,0.0,0.0,0.0,0.0,0.0,0.0,0.0,156.1879214416901,-1.0,3.0
218,218,218,219,7.2,-6.51,130.39,33.0,1992-12-20T20:52:39.360004Z,0,0,0,0,-999.0,-999.0,-999.0,-999.0,-999,-999.0,-1,-1,0.0,0,0,0,0,0.0,0.0,0.0,0.0,0.0,0.0,0.0,0.0,156.1879214416901,-1.0,0.0
219,219,219,220,7.2,-2.49,99.97,25.0,2008-02-25T08:36:31.679998Z,7,5,7,5,0.5,-999.0,0.2474279860841893,0.7000000000000002,-999,0.5576267405935627,1,1,0.0,4,7,4,7,6.5,64212.480002,6.5,64212.480002,6.7,-525994.559993,149.41482658674056,133.576399425587,156.1879214416901,1.0,3.0
220,220,220,221,7.2,7.17,126.86,33.0,1992-05-17T10:15:27.360004Z,1,1,1,2,2.0,-999.0,inf,0.1000000000000005,-999,inf,2,-1,3.0,1,1,2,1,7.1,1572.480005,7.1,1572.480005,5.3,-0.0,15.733866609322943,59.52924417085287,156.1879214416901,1.0,3.0
221,221,221,222,7.2,-22.48,173.12,16.4,2016-08-12T01:26:32.640000Z,0,10,0,10,1.7000000000000002,-999.0,0.5675368898979933,-999.0,-999,-999.0,1,1,1.0,4,0,4,0,0.0,0.0,0.0,0.0,5.5,572313.599996,0.0,76.0555082848798,156.1879214416901,1.0,1.0
222,222,222,223,7.2,37.89,144.09,36.1,2012-12-07T08:18:23.039997Z,1,3,1,3,1.0,-999.0,1.712231037000673,2.2,-999,inf,2,2,2.0,3,0,3,0,5.0,592522.559995,5.0,592522.559995,6.2,-592522.559995,153.63258984462036,44.54213470080445,156.1879214416901,1.0,3.0
223,223,223,224,7.2,13.42,124.6,21.0,1988-02-24T03:51:59.040002Z,0,1,0,2,1.6000000000000003,-999.0,inf,-999.0,-999,-999.0,-1,-1,3.0,1,0,2,0,0.0,0.0,0.0,0.0,5.6,-0.0,0.0,38.24332496642166,156.1879214416901,1.0,3.0
224,224,224,225,7.2,37.89,144.09,36.1,2012-12-07T08:18:23.039997Z,0,0,0,0,-999.0,-999.0,-999.0,-999.0,-999,-999.0,-1,-1,0.0,0,0,0,0,0.0,0.0,0.0,0.0,0.0,0.0,0.0,0.0,156.1879214416901,1.0,3.0
225,225,225,226,7.2,-16.62,167.51,33.0,1994-07-13T02:35:57.119997Z,1,12,1,12,0.6000000000000005,-999.0,0.4217362882986671,1.9000000000000004,-999,inf,1,1,0.0,11,1,11,1,5.3,7845.120001,5.3,7845.120001,6.6,-7845.120001,6.162385101212364,130.63774095037402,156.1879214416901,-1.0,3.0
226,226,226,227,7.2,41.3,-125.97,10.0,2005-06-15T02:50:55.679999Z,0,1,0,1,0.6000000000000005,-999.0,inf,-999.0,-999,-999.0,-1,-1,1.0,1,0,1,0,0.0,0.0,0.0,0.0,6.6,-0.0,0.0,77.52071291593784,156.1879214416901,-1.0,1.0
227,227,227,228,7.2,51.36,-179.52,29.4,2007-12-19T09:30:23.040001Z,1,5,1,5,0.9000000000000004,-999.0,0.1679232926399851,2.0,-999,inf,1,1,3.0,3,1,3,1,5.2,174424.319997,5.2,174424.319997,6.3,19275.839995,66.81472733527946,58.84223193245125,156.1879214416901,1.0,3.0
228,228,228,229,7.2,-9.89,160.35,19.0,1977-04-20T23:42:51.839996Z,0,0,0,0,-999.0,-999.0,-999.0,-999.0,-999,-999.0,-1,-1,3.0,0,0,0,0,0.0,0.0,0.0,0.0,0.0,0.0,0.0,0.0,156.1879214416901,1.0,3.0
229,229,229,230,7.2,38.28,142.04,36.0,2005-08-16T02:46:27.840002Z,0,3,0,3,1.2000000000000002,-999.0,0.473926162311053,-999.0,-999,-999.0,1,1,3.0,2,0,2,0,0.0,0.0,0.0,0.0,6.0,848551.68,0.0,108.42354516253378,156.1879214416901,1.0,3.0
230,230,230,231,7.2,2.82,96.08,30.0,2002-11-02T01:26:06.720004Z,0,3,0,3,0.9000000000000004,-999.0,0.1080532053982236,-999.0,-999,-999.0,1,1,3.0,3,0,3,0,0.0,0.0,0.0,0.0,6.3,-0.0,0.0,37.350128684671944,156.1879214416901,1.0,3.0
231,231,231,232,7.2,-51.16,160.44,10.0,1982-07-07T10:43:06.240002Z,0,1,0,1,1.7000000000000002,-999.0,inf,-999.0,-999,-999.0,-1,-1,1.0,1,0,1,0,0.0,0.0,0.0,0.0,5.5,-0.0,0.0,52.52936022818521,156.1879214416901,1.0,1.0
232,232,232,233,7.2,-5.58,151.08,30.0,1985-05-10T15:35:51.359997Z,0,2,0,2,1.7999999999999998,-999.0,0.1151178519001985,-999.0,-999,-999.0,-1,-1,1.0,2,0,2,0,0.0,0.0,0.0,0.0,5.4,595451.519998,0.0,98.81816204937273,156.1879214416901,-1.0,1.0
233,233,233,234,7.2,4.7,-77.51,15.0,2004-11-15T09:06:54.719999Z,0,0,0,0,-999.0,-999.0,-999.0,-999.0,-999,-999.0,-1,-1,0.0,0,0,0,0,0.0,0.0,0.0,0.0,0.0,0.0,0.0,0.0,156.1879214416901,1.0,3.0
234,234,234,235,7.2,-4.46,152.82,41.0,1985-07-03T04:36:54.720000Z,0,3,0,6,1.2999999999999998,-999.0,0.2247746634000325,-999.0,-999,-999.0,1,1,3.0,3,0,6,0,0.0,0.0,0.0,0.0,5.9,1005471.36,0.0,84.46786431460225,156.1879214416901,1.0,3.0
235,235,235,236,7.2,22.28,121.51,17.0,1978-07-23T14:42:34.559996Z,0,1,0,1,1.7999999999999998,-999.0,inf,-999.0,-999,-999.0,-1,-1,3.0,1,0,1,0,0.0,0.0,0.0,0.0,5.4,0.0,0.0,136.9085851382219,156.1879214416901,1.0,3.0
236,236,236,237,7.2,15.77,119.74,33.0,1999-12-11T18:03:35.999995Z,0,1,0,1,1.0,-999.0,inf,-999.0,-999,-999.0,-1,-1,0.0,1,0,1,0,0.0,0.0,0.0,0.0,6.2,0.0,0.0,45.16910483206689,156.1879214416901,-1.0,2.0
237,237,237,238,7.2,16.77,122.33,37.0,1977-03-18T21:43:55.199999Z,0,1,0,2,1.1000000000000003,-999.0,inf,-999.0,-999,-999.0,-1,-1,3.0,1,0,2,0,0.0,0.0,0.0,0.0,6.1,0.0,0.0,152.28627379017746,156.1879214416901,1.0,3.0
238,238,238,239,7.2,55.1,164.7,16.6,2018-12-20T17:01:58.080001Z,0,8,0,8,1.1000000000000003,-999.0,0.6053268765126347,-999.0,-999,-999.0,1,1,1.0,4,0,4,0,0.0,0.0,0.0,0.0,6.1,322781.759997,0.0,64.20355629580669,156.1879214416901,-1.0,1.0
239,239,239,240,7.2,-45.1,167.14,28.0,2003-08-21T12:12:48.960001Z,0,2,0,3,1.7000000000000002,-999.0,0.2391200382608302,-999.0,-999,-999.0,1,-1,3.0,2,0,3,0,0.0,0.0,0.0,0.0,5.6,1196873.279994,0.0,45.34094431740885,156.1879214416901,1.0,3.0
240,240,240,241,7.2,-6.52,155.0,44.0,1996-04-29T14:40:42.239995Z,4,12,4,12,0.9000000000000004,-999.0,1.0471661067239344,1.2999999999999998,-999,0.4062150908926628,1,1,3.0,12,4,12,4,5.9,1454086.08,5.9,1454086.08,6.3,215516.160007,68.86992808854221,93.15206557276652,156.1879214416901,1.0,3.0
241,241,241,242,7.2,6.91,92.96,39.2,2004-12-26T04:21:30.240001Z,0,0,0,0,-999.0,-999.0,-999.0,-999.0,-999,-999.0,-1,-1,3.0,0,0,0,0,0.0,0.0,0.0,0.0,0.0,0.0,0.0,0.0,156.1879214416901,1.0,3.0
242,242,242,243,7.2,30.01,57.79,33.0,1981-07-28T17:22:24.959998Z,0,0,0,0,-999.0,-999.0,-999.0,-999.0,-999,-999.0,-1,-1,0.0,0,0,0,0,0.0,0.0,0.0,0.0,0.0,0.0,0.0,0.0,156.1879214416901,-1.0,3.0
243,243,243,244,7.2,16.42,-97.96,22.0,2018-02-16T23:39:41.759997Z,0,3,0,4,1.2000000000000002,-999.0,1.325088339242238,-999.0,-999,-999.0,1,1,0.0,3,0,4,0,0.0,0.0,0.0,0.0,6.0,-0.0,0.0,55.787218010115765,156.1879214416901,1.0,3.0
244,244,244,245,7.2,2.43,93.21,19.0,2012-01-10T18:37:00.480000Z,0,2,0,2,2.0,-999.0,0.1256628716483429,-999.0,-999,-999.0,-1,-1,1.0,1,0,1,0,0.0,0.0,0.0,0.0,5.2,62346.240004,0.0,39.48686780861985,156.1879214416901,-1.0,1.0
245,245,245,246,7.2,14.73,-92.68,34.0,1993-09-10T19:12:51.839996Z,5,6,5,7,0.7999999999999998,-999.0,0.7276961141023233,0.5,-999,0.6531934628336886,1,1,3.0,6,5,7,5,6.7,628672.319992,6.7,628672.319992,6.4,-838.079994,36.957576124104456,87.76600025205548,156.1879214416901,1.0,3.0
246,246,246,247,7.2,32.3,-115.27,6.0,2010-04-04T22:40:39.360000Z,0,3,0,5,1.7999999999999998,-999.0,0.928993899604904,-999.0,-999,-999.0,1,1,1.0,1,0,1,0,0.0,0.0,0.0,0.0,5.4,53550.719999,0.0,65.27446557117342,156.1879214416901,1.0,1.0
247,247,247,248,7.2,18.01,-102.11,33.0,1981-10-25T03:22:19.199998Z,0,0,0,0,-999.0,-999.0,-999.0,-999.0,-999,-999.0,-1,-1,3.0,0,0,0,0,0.0,0.0,0.0,0.0,0.0,0.0,0.0,0.0,156.1879214416901,1.0,3.0
248,248,248,249,7.2,-17.6,167.86,21.0,2002-01-02T17:22:50.880005Z,1,14,1,15,0.6000000000000005,-999.0,0.5081964832808786,1.1000000000000003,-999,inf,1,1,0.0,13,1,14,1,6.1,1830574.080004,6.1,1830574.080004,6.6,-1830574.080004,47.96419987330358,99.86836823878534,156.1879214416901,1.0,3.0
249,249,249,250,7.2,44.92,149.12,41.0,1976-01-21T10:05:22.559995Z,0,0,0,0,-999.0,-999.0,-999.0,-999.0,-999,-999.0,-1,-1,0.0,0,0,0,0,0.0,0.0,0.0,0.0,0.0,0.0,0.0,0.0,156.1879214416901,1.0,3.0
250,250,250,251,7.2,33.07,136.62,14.0,2004-09-05T10:07:06.240000Z,0,0,0,0,-999.0,-999.0,-999.0,-999.0,-999,-999.0,-1,-1,3.0,0,0,0,0,0.0,0.0,0.0,0.0,0.0,0.0,0.0,0.0,156.1879214416901,-1.0,3.0
251,251,251,252,7.2,40.37,-124.32,15.0,1992-04-25T18:06:02.879997Z,0,2,0,3,0.6000000000000005,-999.0,13.28903654583732,-999.0,-999,-999.0,1,-1,0.0,2,0,3,0,0.0,0.0,0.0,0.0,6.6,48936.960001,0.0,24.36264703254644,156.1879214416901,1.0,3.0
252,252,252,253,7.2,-24.77,-70.37,33.0,1988-02-05T14:01:06.239998Z,2,3,2,4,0.9000000000000004,-999.0,0.3000030000283965,0.2000000000000001,-999,1.5229972584988676,2,2,3.0,3,2,4,2,7.0,1492240.320002,7.0,1492240.320002,6.3,-1492240.320002,31.291589384864842,63.64864362262499,156.1879214416901,1.0,3.0
253,253,253,254,7.2,33.83,59.81,10.0,1997-05-10T07:57:30.240003Z,0,0,0,2,-999.0,-999.0,-999.0,-999.0,-999,-999.0,-1,-1,1.0,0,0,1,0,0.0,0.0,0.0,0.0,0.0,0.0,0.0,0.0,156.1879214416901,-1.0,1.0
254,254,254,255,7.2,7.92,92.19,16.0,2005-07-24T15:42:02.879999Z,0,7,0,9,1.6000000000000003,-999.0,0.7075424020094802,-999.0,-999,-999.0,1,1,1.0,5,0,7,0,0.0,0.0,0.0,0.0,5.6,38111.040005,0.0,143.59642575201423,156.1879214416901,-1.0,1.0
255,255,255,256,7.2,4.56,-77.49,21.0,1991-11-19T22:28:50.879997Z,0,1,0,1,2.0,-999.0,inf,-999.0,-999,-999.0,-1,-1,0.0,1,0,1,0,0.0,0.0,0.0,0.0,5.2,0.0,0.0,20.052040578819838,156.1879214416901,1.0,3.0
256,256,256,257,7.2,-22.67,171.36,38.0,1980-03-08T22:12:08.639999Z,1,0,1,1,-999.0,-999.0,-999.0,0.9000000000000004,-999,inf,-1,-1,0.0,0,1,1,1,0.0,0.0,0.0,0.0,0.0,0.0,0.0,0.0,156.1879214416901,1.0,3.0
257,257,257,258,7.2,-0.59,128.03,19.4,2019-07-14T09:10:47.999995Z,0,2,0,2,1.9000000000000004,-999.0,0.9164642807617116,-999.0,-999,-999.0,-1,-1,1.0,1,0,1,0,0.0,0.0,0.0,0.0,5.3,-0.0,0.0,94.01338159136296,156.1879214416901,1.0,1.0
258,258,258,259,7.2,-9.05,158.49,33.0,1991-10-14T15:58:10.560005Z,1,2,1,2,1.7000000000000002,-999.0,0.0696531620795131,1.7000000000000002,-999,inf,1,1,3.0,2,1,2,1,5.5,1579400.640008,5.5,1579400.640008,5.5,-0.0,30.77146022750785,18.43533903648165,156.1879214416901,1.0,3.0
259,259,259,260,7.2,28.78,63.94,68.0,2011-01-18T20:23:25.439996Z,0,0,0,0,-999.0,-999.0,-999.0,-999.0,-999,-999.0,-1,-1,2.0,0,0,0,0,0.0,0.0,0.0,0.0,0.0,0.0,0.0,0.0,156.1879214416901,-1.0,2.0
260,260,260,261,7.2,51.48,-176.85,26.0,1996-06-10T15:24:54.719996Z,0,0,0,0,-999.0,-999.0,-999.0,-999.0,-999,-999.0,-1,-1,3.0,0,0,0,0,0.0,0.0,0.0,0.0,0.0,0.0,0.0,0.0,156.1879214416901,1.0,3.0
261,261,261,262,7.2,-59.43,-20.51,33.0,1977-08-26T19:50:00.960002Z,0,1,0,1,1.4000000000000004,-999.0,inf,-999.0,-999,-999.0,-1,-1,1.0,1,0,1,0,0.0,0.0,0.0,0.0,5.8,-0.0,0.0,45.31801885596321,156.1879214416901,-1.0,1.0
262,262,262,263,7.2,27.81,86.07,15.0,2015-05-12T07:05:22.559995Z,0,0,0,0,-999.0,-999.0,-999.0,-999.0,-999,-999.0,-1,-1,0.0,0,0,0,0,0.0,0.0,0.0,0.0,0.0,0.0,0.0,0.0,156.1879214416901,1.0,3.0
263,263,263,264,7.2,38.23,72.75,33.0,2015-12-07T07:50:09.599997Z,0,0,0,0,-999.0,-999.0,-999.0,-999.0,-999,-999.0,-1,-1,1.0,0,0,0,0,0.0,0.0,0.0,0.0,0.0,0.0,0.0,0.0,156.1879214416901,-1.0,1.0
264,264,264,265,7.2,-13.7,166.64,31.0,2010-05-27T17:14:47.040002Z,0,7,0,9,1.1000000000000003,-999.0,1.1826721632793544,-999.0,-999,-999.0,1,1,3.0,4,0,5,0,0.0,0.0,0.0,0.0,6.3,524180.159998,0.0,39.06499445006017,156.1879214416901,1.0,3.0
265,265,265,266,7.2,-11.61,165.76,35.0,2007-09-02T01:05:13.920000Z,3,12,3,13,0.9000000000000004,-999.0,0.5359846708381643,1.2000000000000002,-999,0.1613666681008252,1,1,3.0,6,1,6,1,6.0,1774794.24,6.0,1774794.24,6.3,-1774794.24,61.1936040822102,69.31641286744987,156.1879214416901,1.0,3.0
266,266,266,267,7.1,-18.36,168.14,32.0,2011-08-20T16:55:03.360001Z,1,17,1,17,0.0999999999999996,-999.0,0.7634616248262311,1.7999999999999998,-999,inf,2,2,3.0,13,1,13,1,5.3,25488.000004,5.3,25488.000004,7.0,0.0,19.02646610750488,109.18975797243297,133.82379803431266,1.0,3.0
267,267,267,268,7.1,58.82,-143.21,10.0,1987-11-17T08:46:53.759998Z,0,0,0,0,-999.0,-999.0,-999.0,-999.0,-999,-999.0,-1,-1,0.0,0,0,0,0,0.0,0.0,0.0,0.0,0.0,0.0,0.0,0.0,133.82379803431266,-1.0,1.0
268,268,268,269,7.1,11.33,122.17,15.0,1990-06-14T07:40:56.640001Z,0,1,0,2,1.6999999999999993,-999.0,inf,-999.0,-999,-999.0,-1,-1,1.0,1,0,2,0,0.0,0.0,0.0,0.0,5.6,51347.52,0.0,22.84850933088656,133.82379803431266,-1.0,1.0
269,269,269,270,7.1,-8.8,157.35,25.0,2010-01-03T22:36:28.800003Z,1,17,1,17,0.2999999999999998,-999.0,0.8326231547587352,0.5,-999,inf,5,5,3.0,13,1,13,1,6.6,2903.040007,6.6,2903.040007,6.8,56877.120001,15.772347429457605,105.13366407665646,133.82379803431266,1.0,3.0
270,270,270,271,7.1,53.47,169.93,32.0,1990-11-06T20:14:29.760001Z,0,0,0,0,-999.0,-999.0,-999.0,-999.0,-999,-999.0,-1,-1,0.0,0,0,0,0,0.0,0.0,0.0,0.0,0.0,0.0,0.0,0.0,133.82379803431266,1.0,3.0
271,271,271,272,7.1,-56.04,-25.33,33.0,1991-12-27T04:05:57.119997Z,0,2,0,2,0.5,-999.0,3.173595683838582,-999.0,-999,-999.0,-1,-1,2.0,2,0,2,0,0.0,0.0,0.0,0.0,6.6,0.0,0.0,59.27387063016118,133.82379803431266,-1.0,2.0
272,272,272,273,7.1,36.2,1.35,10.0,1980-10-10T12:25:20.640002Z,0,3,0,5,0.8999999999999995,-999.0,0.1046127236967477,-999.0,-999,-999.0,1,1,3.0,3,0,5,0,0.0,0.0,0.0,0.0,6.2,-0.0,0.0,27.865527307851806,133.82379803431266,-1.0,3.0
273,273,273,274,7.1,1.62,126.42,33.0,2019-11-14T16:17:36.960005Z,1,18,1,18,1.0,-999.0,4.873558239035211,1.6999999999999993,-999,inf,1,1,3.0,15,1,15,1,5.4,-0.0,5.4,-0.0,6.1,16588.799993,17.01465464914451,23.384714755034175,133.82379803431266,1.0,3.0
274,274,274,275,7.1,-19.53,173.82,33.0,2000-02-25T01:43:58.080005Z,0,3,0,3,1.5,-999.0,0.3037667071674333,-999.0,-999,-999.0,1,1,1.0,3,0,3,0,0.0,0.0,0.0,0.0,5.6,-0.0,0.0,92.84861247707819,133.82379803431266,-1.0,1.0
275,275,275,276,7.1,-1.59,135.01,13.0,1985-11-17T09:40:19.200004Z,0,2,0,2,1.0999999999999996,-999.0,0.1034275903436405,-999.0,-999,-999.0,-1,-1,1.0,2,0,2,0,0.0,0.0,0.0,0.0,6.0,-0.0,0.0,69.50653479252179,133.82379803431266,1.0,1.0
276,276,276,277,7.1,13.53,121.09,33.0,1994-11-14T19:15:27.360004Z,0,3,0,4,1.5999999999999996,-999.0,0.326936280117558,-999.0,-999,-999.0,1,1,1.0,2,0,3,0,0.0,0.0,0.0,0.0,5.5,-0.0,0.0,82.2241664414274,133.82379803431266,1.0,1.0
277,277,277,278,7.1,44.69,151.15,33.0,1982-06-30T01:57:30.240003Z,0,0,0,0,-999.0,-999.0,-999.0,-999.0,-999,-999.0,-1,-1,0.0,0,0,0,0,0.0,0.0,0.0,0.0,0.0,0.0,0.0,0.0,133.82379803431266,-1.0,2.0
278,278,278,279,7.1,-31.56,-71.43,28.4,2015-09-16T23:18:40.319998Z,0,0,0,0,-999.0,-999.0,-999.0,-999.0,-999,-999.0,-1,-1,3.0,0,0,0,0,0.0,0.0,0.0,0.0,0.0,0.0,0.0,0.0,133.82379803431266,1.0,3.0
279,279,279,280,7.1,13.74,124.32,26.0,1982-01-11T06:10:04.799999Z,0,1,0,2,0.5,-999.0,inf,-999.0,-999,-999.0,-1,-1,0.0,1,0,2,0,0.0,0.0,0.0,0.0,6.6,-0.0,0.0,89.74590499846263,133.82379803431266,1.0,3.0
280,280,280,281,7.1,34.59,-116.27,0.0,1999-10-16T09:46:47.999998Z,0,0,0,0,-999.0,-999.0,-999.0,-999.0,-999,-999.0,-1,-1,1.0,0,0,0,0,0.0,0.0,0.0,0.0,0.0,0.0,0.0,0.0,133.82379803431266,1.0,1.0
281,281,281,282,7.1,38.28,141.59,42.0,2011-04-07T14:32:47.039998Z,0,0,0,4,-999.0,-999.0,-999.0,-999.0,-999,-999.0,1,-1,3.0,0,0,3,0,0.0,0.0,0.0,0.0,0.0,0.0,0.0,0.0,133.82379803431266,-1.0,3.0
282,282,282,283,7.1,27.92,130.34,27.0,1995-10-18T10:37:29.280001Z,0,9,0,9,0.3999999999999994,-999.0,0.6689708997628038,-999.0,-999,-999.0,0,0,2.0,8,0,8,0,0.0,0.0,0.0,0.0,6.7,50077.439995,0.0,39.7984153496595,133.82379803431266,-1.0,2.0
283,283,283,284,7.1,-38.37,-73.35,24.0,2011-01-02T20:20:15.359997Z,0,0,0,4,-999.0,-999.0,-999.0,-999.0,-999,-999.0,1,-1,0.0,0,0,4,0,0.0,0.0,0.0,0.0,0.0,0.0,0.0,0.0,133.82379803431266,1.0,3.0
284,284,284,285,7.1,37.16,144.66,35.0,2013-10-25T17:10:19.200004Z,0,2,0,2,1.3999999999999997,-999.0,1.072443562632129,-999.0,-999,-999.0,-1,-1,2.0,2,0,2,0,0.0,0.0,0.0,0.0,5.7,0.0,0.0,11.150385350695139,133.82379803431266,-1.0,2.0
285,285,285,286,7.1,-8.03,155.54,33.0,1977-07-29T11:15:47.520000Z,0,0,0,0,-999.0,-999.0,-999.0,-999.0,-999,-999.0,-1,-1,0.0,0,0,0,0,0.0,0.0,0.0,0.0,0.0,0.0,0.0,0.0,133.82379803431266,-1.0,1.0
286,286,286,287,7.1,24.28,122.18,32.8,2002-03-31T06:52:50.880005Z,0,2,0,4,1.7999999999999998,-999.0,0.0806324811825872,-999.0,-999,-999.0,1,-1,3.0,2,0,4,0,0.0,0.0,0.0,0.0,6.1,2442657.599992,0.0,51.486306619102294,133.82379803431266,-1.0,3.0
287,287,287,288,7.1,52.65,-31.9,16.7,2015-02-13T18:59:11.040003Z,1,1,1,1,2.1,-999.0,inf,1.3999999999999997,-999,inf,-1,-1,1.0,0,1,0,1,5.7,656.640001,5.7,656.640001,5.0,-656.640001,15.703634528820068,104.7348493069674,133.82379803431266,-1.0,1.0
288,288,288,289,7.1,29.98,68.21,33.0,1997-02-27T21:08:03.840003Z,0,2,0,2,1.1999999999999993,-999.0,0.1263886957947937,-999.0,-999,-999.0,-1,-1,0.0,2,0,2,0,0.0,0.0,0.0,0.0,5.9,402943.679993,0.0,83.78613696488418,133.82379803431266,1.0,3.0
289,289,289,290,7.1,-0.97,-21.86,10.0,1982-01-03T14:09:53.279998Z,0,1,0,1,1.2999999999999998,-999.0,inf,-999.0,-999,-999.0,-1,-1,0.0,1,0,1,0,0.0,0.0,0.0,0.0,5.8,0.0,0.0,11.01045832498317,133.82379803431266,-1.0,1.0
290,290,290,291,7.1,12.06,125.93,23.0,1995-04-21T00:34:50.879999Z,4,18,4,23,0.0999999999999996,-999.0,0.6768189509313371,0.2999999999999998,-999,0.2825956409633166,4,4,3.0,18,4,23,4,6.8,1494.719996,6.8,1494.719996,7.0,279201.599999,124.62031850923474,112.45594544608996,133.82379803431266,1.0,3.0
291,291,291,292,7.1,-14.04,166.51,33.0,1985-12-21T01:13:17.760003Z,7,7,7,9,0.5999999999999996,-999.0,0.3270111183768724,0.0999999999999996,-999,0.3838771593093152,5,5,3.0,7,7,9,7,7.0,1977799.680006,7.0,1977799.680006,6.5,-1982854.08,51.082193435201,94.76758586182675,133.82379803431266,1.0,3.0
292,292,292,293,7.1,7.26,126.75,33.0,1992-05-17T09:49:14.879999Z,0,0,0,0,-999.0,-999.0,-999.0,-999.0,-999,-999.0,-1,-1,3.0,0,0,0,0,0.0,0.0,0.0,0.0,0.0,0.0,0.0,0.0,133.82379803431266,1.0,3.0
293,293,293,294,7.1,-37.36,179.15,19.0,2016-09-01T16:37:55.199997Z,1,9,1,10,1.1999999999999993,-999.0,0.4197173902888423,1.2999999999999998,-999,inf,1,1,0.0,9,1,10,1,5.8,66795.839999,5.8,66795.839999,5.9,3207807.36,32.15506392096756,52.460762419603064,133.82379803431266,-1.0,2.0
294,294,294,295,7.1,-22.25,169.68,22.0,2004-01-03T16:23:22.560001Z,0,0,0,0,-999.0,-999.0,-999.0,-999.0,-999,-999.0,-1,-1,2.0,0,0,0,0,0.0,0.0,0.0,0.0,0.0,0.0,0.0,0.0,133.82379803431266,-1.0,2.0
295,295,295,296,7.1,-37.71,178.77,59.0,1995-02-05T22:51:10.080005Z,0,14,0,14,0.5999999999999996,-999.0,0.6683375104424765,-999.0,-999,-999.0,1,1,2.0,14,0,14,0,0.0,0.0,0.0,0.0,6.5,309769.919993,0.0,68.26413510630452,133.82379803431266,-1.0,2.0
296,296,296,297,7.1,-55.66,158.45,16.0,2008-04-12T00:30:14.399996Z,0,2,0,2,2.0,-999.0,0.3773157755755202,-999.0,-999,-999.0,-1,-1,3.0,2,0,2,0,0.0,0.0,0.0,0.0,5.1,-0.0,0.0,39.668227142898836,133.82379803431266,1.0,3.0
297,297,297,298,7.1,9.88,124.12,19.0,2013-10-15T00:12:31.680001Z,0,16,0,16,1.3999999999999997,-999.0,0.9289471545230772,-999.0,-999,-999.0,1,1,3.0,12,0,12,0,0.0,0.0,0.0,0.0,5.7,30231.360002,0.0,55.567559779543686,133.82379803431266,-1.0,3.0
298,298,298,299,7.1,-34.17,-71.54,33.0,1985-04-09T01:56:55.680001Z,0,0,0,2,-999.0,-999.0,-999.0,-999.0,-999,-999.0,-1,-1,3.0,0,0,2,0,0.0,0.0,0.0,0.0,0.0,0.0,0.0,0.0,133.82379803431266,1.0,3.0
299,299,299,300,7.1,-15.77,-74.71,39.0,2018-01-14T09:18:43.200003Z,0,2,0,2,1.5999999999999996,-999.0,0.1727936411941848,-999.0,-999,-999.0,-1,-1,3.0,2,0,2,0,0.0,0.0,0.0,0.0,5.5,0.0,0.0,115.1110525001318,133.82379803431266,1.0,3.0
300,300,300,301,7.1,61.35,-149.96,46.7,2018-11-30T17:29:28.320004Z,0,2,0,4,2.0,-999.0,57.97101457569435,-999.0,-999,-999.0,1,-1,2.0,1,0,1,0,0.0,0.0,0.0,0.0,5.1,52073.279993,0.0,17.828543381655816,133.82379803431266,-1.0,2.0
301,301,301,302,7.1,18.22,-102.76,33.0,1997-01-11T20:28:27.839996Z,0,1,0,1,1.5999999999999996,-999.0,inf,-999.0,-999,-999.0,-1,-1,0.0,1,0,1,0,0.0,0.0,0.0,0.0,5.5,0.0,0.0,15.800238401020426,133.82379803431266,-1.0,2.0
302,302,302,303,7.1,35.49,81.47,10.0,2008-03-20T22:33:01.440004Z,0,7,0,7,1.9,-999.0,0.2512102953151621,-999.0,-999,-999.0,1,1,2.0,5,0,5,0,0.0,0.0,0.0,0.0,5.2,0.0,0.0,64.9833633228768,133.82379803431266,-1.0,2.0
303,303,303,304,7.1,-17.32,-72.4,54.0,1988-04-12T23:19:58.079997Z,0,3,0,3,0.8999999999999995,-999.0,0.7333170373964979,-999.0,-999,-999.0,1,1,0.0,3,0,3,0,0.0,0.0,0.0,0.0,6.2,0.0,0.0,23.19200296717517,133.82379803431266,1.0,3.0
304,304,304,305,7.1,-33.13,-73.07,32.0,1981-10-16T03:25:37.920003Z,0,0,0,0,-999.0,-999.0,-999.0,-999.0,-999,-999.0,-1,-1,3.0,0,0,0,0,0.0,0.0,0.0,0.0,0.0,0.0,0.0,0.0,133.82379803431266,1.0,3.0
305,305,305,306,7.1,-29.2,-177.61,33.0,1995-07-03T19:50:52.800004Z,0,4,0,5,1.5999999999999996,-999.0,1.1847990284668883,-999.0,-999,-999.0,1,1,3.0,4,0,5,0,0.0,0.0,0.0,0.0,5.5,-0.0,0.0,133.09794444287675,133.82379803431266,-1.0,3.0
306,306,306,307,7.1,12.61,125.15,33.0,1996-06-11T18:22:53.760000Z,0,4,0,6,1.0,-999.0,0.208529916222201,-999.0,-999,-999.0,1,1,3.0,4,0,6,0,0.0,0.0,0.0,0.0,6.1,22040.639996,0.0,91.79700389331153,133.82379803431266,1.0,3.0
307,307,307,308,7.1,-3.61,135.4,10.0,2004-11-26T02:25:00.479996Z,1,10,1,10,1.0,-999.0,1.14471485154259,1.9,-999,inf,1,1,0.0,8,1,8,1,5.2,27129.599991,5.2,27129.599991,6.1,47044.800006,15.101774725067852,29.447724830563214,133.82379803431266,-1.0,2.0
308,308,308,309,7.1,-42.81,124.69,10.0,2001-12-12T14:02:32.640002Z,0,1,0,1,1.6999999999999993,-999.0,inf,-999.0,-999,-999.0,-1,-1,1.0,1,0,1,0,0.0,0.0,0.0,0.0,5.4,0.0,0.0,18.680074202704805,133.82379803431266,-1.0,1.0
309,309,309,310,7.1,5.34,31.91,10.0,1990-05-24T20:00:05.760000Z,2,0,2,1,-999.0,-999.0,-999.0,0.0,-999,0.4239803273168139,2,-1,2.0,0,2,1,2,0.0,0.0,0.0,0.0,0.0,0.0,0.0,0.0,133.82379803431266,-1.0,2.0
310,310,310,311,7.1,43.53,146.75,44.0,1980-02-23T05:51:04.320005Z,0,3,0,3,1.0,-999.0,0.3417596062885606,-999.0,-999,-999.0,1,1,0.0,3,0,3,0,0.0,0.0,0.0,0.0,6.1,-0.0,0.0,65.43919672562005,133.82379803431266,-1.0,3.0
311,311,311,312,7.1,0.15,-77.83,12.0,1987-03-06T04:10:42.239995Z,1,1,1,1,1.0999999999999996,-999.0,inf,0.6999999999999993,-999,inf,-1,-1,3.0,1,1,1,1,6.4,8147.519999,6.4,8147.519999,6.0,-8147.519999,17.935218888711557,14.459848607463131,133.82379803431266,-1.0,3.0
312,312,312,313,7.1,2.26,126.82,33.0,1989-02-10T11:15:21.600003Z,0,11,0,11,0.7999999999999998,-999.0,0.371011207911061,-999.0,-999,-999.0,1,1,3.0,11,0,11,0,0.0,0.0,0.0,0.0,6.3,548847.359998,0.0,127.85703432122781,133.82379803431266,1.0,3.0
313,313,313,314,7.1,7.12,-76.89,10.0,1992-10-18T15:11:57.119999Z,1,1,1,1,1.5999999999999996,-999.0,inf,0.5,-999,inf,-1,-1,0.0,1,1,1,1,6.6,110358.719997,6.6,110358.719997,5.5,-110358.719997,28.861370472722264,64.12246868954033,133.82379803431266,-1.0,3.0
314,314,314,315,7.1,16.2,-97.96,33.0,1996-02-25T03:08:21.120004Z,0,6,0,7,1.1999999999999993,-999.0,0.2462195046874322,-999.0,-999,-999.0,1,1,3.0,6,0,7,0,0.0,0.0,0.0,0.0,5.9,-0.0,0.0,111.87792903770399,133.82379803431266,1.0,3.0
315,315,315,316,7.1,5.04,32.11,7.0,1990-05-20T02:21:59.040002Z,0,0,0,0,-999.0,-999.0,-999.0,-999.0,-999,-999.0,-1,-1,1.0,0,0,0,0,0.0,0.0,0.0,0.0,0.0,0.0,0.0,0.0,133.82379803431266,-1.0,1.0
316,316,316,317,7.1,-46.68,164.72,10.0,2004-11-22T20:26:26.880000Z,0,0,0,0,-999.0,-999.0,-999.0,-999.0,-999,-999.0,-1,-1,3.0,0,0,0,0,0.0,0.0,0.0,0.0,0.0,0.0,0.0,0.0,133.82379803431266,1.0,3.0
317,317,317,318,7.1,-10.96,164.19,14.0,1993-03-06T03:05:45.599996Z,0,5,0,5,0.5,-999.0,0.2612739718870859,-999.0,-999,-999.0,1,1,0.0,5,0,5,0,0.0,0.0,0.0,0.0,6.6,0.0,0.0,114.66446776215494,133.82379803431266,-1.0,1.0
318,318,318,319,7.1,-11.18,164.88,10.0,2013-02-06T01:23:22.560001Z,0,0,0,0,-999.0,-999.0,-999.0,-999.0,-999,-999.0,-1,-1,2.0,0,0,0,0,0.0,0.0,0.0,0.0,0.0,0.0,0.0,0.0,133.82379803431266,-1.0,2.0
319,319,319,320,7.1,44.16,148.29,43.0,1984-03-24T09:44:03.840005Z,0,1,0,1,1.9,-999.0,inf,-999.0,-999,-999.0,-1,-1,3.0,1,0,1,0,0.0,0.0,0.0,0.0,5.2,-0.0,0.0,127.15397283599545,133.82379803431266,1.0,3.0
320,320,320,321,7.1,-35.2,-72.22,40.7,2012-03-25T22:37:03.360005Z,1,0,1,0,-999.0,-999.0,-999.0,2.0,-999,inf,-1,-1,0.0,0,1,0,1,0.0,0.0,0.0,0.0,0.0,0.0,0.0,0.0,133.82379803431266,1.0,3.0
321,321,321,322,7.1,-18.69,-172.52,65.0,1988-10-08T04:46:24.959996Z,0,0,0,0,-999.0,-999.0,-999.0,-999.0,-999,-999.0,-1,-1,3.0,0,0,0,0,0.0,0.0,0.0,0.0,0.0,0.0,0.0,0.0,133.82379803431266,1.0,3.0
322,322,322,323,7.1,5.4,121.94,33.0,1999-03-04T08:52:04.800003Z,0,3,0,3,1.1999999999999993,-999.0,0.538522294824284,-999.0,-999,-999.0,1,1,3.0,2,0,2,0,0.0,0.0,0.0,0.0,5.9,-0.0,0.0,29.855111496170988,133.82379803431266,-1.0,3.0
323,323,323,324,7.1,-17.3,167.59,30.0,1981-07-15T07:59:05.280002Z,0,2,0,2,1.2999999999999998,-999.0,0.6203858800328198,-999.0,-999,-999.0,-1,-1,3.0,2,0,2,0,0.0,0.0,0.0,0.0,5.8,-0.0,0.0,33.38581692184923,133.82379803431266,1.0,3.0
324,324,324,325,7.1,45.32,149.91,33.0,1996-02-07T21:36:43.199999Z,1,3,1,7,1.3999999999999997,-999.0,0.8670770831486312,1.6999999999999993,-999,inf,1,1,3.0,3,1,7,1,5.4,293967.360002,5.4,293967.360002,5.7,301924.800003,45.49172670247271,124.53800683494222,133.82379803431266,-1.0,3.0
325,325,325,326,7.1,-20.62,169.36,34.0,2007-03-25T00:40:01.920003Z,1,10,1,10,0.1999999999999993,-999.0,0.3401221718845588,1.2999999999999998,-999,inf,5,5,3.0,10,1,10,1,5.8,1089659.520006,5.8,1089659.520006,6.9,-1089659.520006,68.37271802153828,101.36582277037319,133.82379803431266,1.0,3.0
326,326,326,327,7.1,-0.59,-80.39,33.0,1998-08-04T18:59:19.679998Z,0,0,0,0,-999.0,-999.0,-999.0,-999.0,-999,-999.0,-1,-1,0.0,0,0,0,0,0.0,0.0,0.0,0.0,0.0,0.0,0.0,0.0,133.82379803431266,1.0,3.0
327,327,327,328,7.1,3.88,126.4,22.0,2009-02-11T17:34:48.000004Z,0,31,0,35,0.8999999999999995,1.000976129293739,1.8508236165065888,-999.0,-999,-999.0,1,1,3.0,23,0,27,0,0.0,0.0,0.0,0.0,6.3,1450163.519994,0.0,55.655740412939615,133.82379803431266,1.0,3.0
328,328,328,329,7.1,7.25,122.94,22.0,1976-08-17T04:19:29.279995Z,0,0,0,0,-999.0,-999.0,-999.0,-999.0,-999,-999.0,-1,-1,1.0,0,0,0,0,0.0,0.0,0.0,0.0,0.0,0.0,0.0,0.0,133.82379803431266,-1.0,1.0
329,329,329,330,7.1,-47.62,85.09,35.0,2015-12-04T22:24:57.600001Z,0,1,0,1,2.1,-999.0,inf,-999.0,-999,-999.0,-1,-1,2.0,0,0,0,0,0.0,0.0,0.0,0.0,5.0,0.0,0.0,5.997909004968535,133.82379803431266,-1.0,2.0
330,330,330,331,7.1,-30.93,-71.22,58.0,1997-10-15T01:03:30.240005Z,0,2,0,2,0.8999999999999995,-999.0,0.3308026927388413,-999.0,-999,-999.0,-1,-1,0.0,2,0,2,0,0.0,0.0,0.0,0.0,6.2,-0.0,0.0,118.86056168262651,133.82379803431266,-1.0,2.0
331,331,331,332,7.1,-16.39,-72.66,53.0,1979-02-16T10:08:49.919995Z,0,1,0,1,1.5,-999.0,inf,-999.0,-999,-999.0,-1,-1,0.0,1,0,1,0,0.0,0.0,0.0,0.0,5.6,0.0,0.0,12.235281655255795,133.82379803431266,-1.0,3.0
332,332,332,333,7.1,-0.05,-17.83,10.0,2016-08-29T04:30:00.000000Z,0,0,0,1,-999.0,-999.0,-999.0,-999.0,-999,-999.0,-1,-1,1.0,0,0,0,0,0.0,0.0,0.0,0.0,0.0,0.0,0.0,0.0,133.82379803431266,-1.0,1.0
333,333,333,334,7.1,-4.6,140.09,33.0,1976-06-25T19:18:54.720004Z,0,0,0,0,-999.0,-999.0,-999.0,-999.0,-999,-999.0,-1,-1,0.0,0,0,0,0,0.0,0.0,0.0,0.0,0.0,0.0,0.0,0.0,133.82379803431266,-1.0,0.0
334,334,334,335,7.1,38.72,43.51,16.0,2011-10-23T10:41:22.559997Z,0,8,0,9,1.0999999999999996,-999.0,0.360931021568663,-999.0,-999,-999.0,1,1,3.0,7,0,8,0,0.0,0.0,0.0,0.0,6.0,26965.439998,0.0,40.414517910597894,133.82379803431266,1.0,3.0
335,335,335,336,7.1,18.55,-98.49,48.0,2017-09-19T18:14:41.280002Z,0,0,0,0,-999.0,-999.0,-999.0,-999.0,-999,-999.0,-1,-1,2.0,0,0,0,0,0.0,0.0,0.0,0.0,0.0,0.0,0.0,0.0,133.82379803431266,-1.0,2.0
336,336,336,337,7.1,1.9,126.52,45.0,2014-11-15T02:31:37.920005Z,1,14,1,17,0.2999999999999998,-999.0,0.5901396101704447,2.0,-999,inf,5,0,3.0,11,1,14,1,5.1,-1775243.519991,5.1,-1775243.519991,6.8,914293.44,49.556075731793314,76.26861850981501,133.82379803431266,1.0,3.0
337,337,337,338,7.1,-9.84,160.82,33.0,1977-04-20T23:49:12.000004Z,0,0,0,0,-999.0,-999.0,-999.0,-999.0,-999,-999.0,-1,-1,3.0,0,0,0,0,0.0,0.0,0.0,0.0,0.0,0.0,0.0,0.0,133.82379803431266,1.0,3.0
338,338,338,339,7.1,-6.59,155.05,60.5,2014-04-11T07:07:23.520001Z,0,0,0,0,-999.0,-999.0,-999.0,-999.0,-999,-999.0,-1,-1,3.0,0,0,0,0,0.0,0.0,0.0,0.0,0.0,0.0,0.0,0.0,133.82379803431266,1.0,3.0
339,339,339,340,7.1,0.19,98.04,33.0,1984-11-17T06:49:32.160000Z,0,0,0,0,-999.0,-999.0,-999.0,-999.0,-999,-999.0,-1,-1,0.0,0,0,0,0,0.0,0.0,0.0,0.0,0.0,0.0,0.0,0.0,133.82379803431266,1.0,3.0
340,340,340,341,7.1,-36.81,-179.57,33.0,2001-08-21T06:52:07.679998Z,0,6,0,7,1.3999999999999997,-999.0,0.8123806815891128,-999.0,-999,-999.0,1,1,3.0,6,0,6,0,0.0,0.0,0.0,0.0,5.7,311065.920004,0.0,42.74567663958034,133.82379803431266,-1.0,3.0
341,341,341,342,7.1,-2.13,99.63,22.0,2007-09-13T03:35:25.440000Z,0,0,0,0,-999.0,-999.0,-999.0,-999.0,-999,-999.0,-1,-1,0.0,0,0,0,0,0.0,0.0,0.0,0.0,0.0,0.0,0.0,0.0,133.82379803431266,-1.0,3.0
342,342,342,343,7.1,-21.98,170.03,33.0,1980-10-25T07:00:11.520001Z,0,0,0,0,-999.0,-999.0,-999.0,-999.0,-999,-999.0,-1,-1,3.0,0,0,0,0,0.0,0.0,0.0,0.0,0.0,0.0,0.0,0.0,133.82379803431266,1.0,3.0
343,343,343,344,7.1,-5.59,130.89,61.0,1987-06-17T01:32:52.799998Z,0,1,0,1,1.6999999999999993,-999.0,inf,-999.0,-999,-999.0,-1,-1,0.0,1,0,1,0,0.0,0.0,0.0,0.0,5.4,0.0,0.0,123.21268203359627,133.82379803431266,-1.0,3.0
344,344,344,345,7.1,-10.93,166.02,21.0,2013-02-08T15:26:38.400001Z,0,0,0,0,-999.0,-999.0,-999.0,-999.0,-999,-999.0,-1,-1,1.0,0,0,0,0,0.0,0.0,0.0,0.0,0.0,0.0,0.0,0.0,133.82379803431266,-1.0,1.0
