,cid,m0,lat0,lon0,depth0,ot0,nf,na,nf_all,na_all,dm_a,b_a,rate_a,dm_f,b_f,rate_f,c_type,c_type60,fstyle_m,na_apr,nf_apr,na_all_apr,nf_all_apr,MmaxFS,dtmaxFS,MmaxFS60,dtmaxFS60,MmaxAS,dtmaxAS,RmaxFS,RmaxAS,Rpred,InterIntra,fstyle
0,1,7.3,7.41,-78.13,3,1976-07-11T20:41:51.359999Z,1,0,1,0,-999,-999,-999,0.5,-999,inf,-1,-1,3,0,1,0,1,0,0,0,0,0,0,0,0,182.289452,1,1
1,2,7.1,-4.6,140.09,33,1976-06-25T19:18:54.720004Z,0,0,0,1,-999,-999,-999,-999,-999,-999,-1,-1,1,0,0,1,0,0,0,0,0,0,0,0,0,133.823798,-1,0
2,3,7,40.41,-125.65,10,1994-09-01T15:15:50.400005Z,0,0,0,1,-999,-999,-999,-999,-999,-999,-1,-1,3,0,0,1,0,0,0,0,0,0,0,0,0,114.6619326,1,1
3,5,7.2,30.01,57.79,33,1981-07-28T17:22:24.959998Z,0,0,1,0,-999,-999,-999,-999,-999,-999,-1,-1,0,0,0,0,1,0,0,0,0,0,0,0,0,156.1879214,-1,3
4,14,7,3.4,96.32,33,1976-06-20T20:53:13.919996Z,0,0,0,1,-999,-999,-999,-999,-999,-999,-1,-1,1,0,0,1,0,0,0,0,0,0,0,0,0,114.6619326,-1,3
5,18,7,41.61,-125.51,10,1991-08-17T22:17:11.039999Z,1,0,2,0,-999,-999,-999,0.7,-999,inf,-1,-1,1,0,1,0,2,0,0,0,0,0,0,0,0,114.6619326,-1,1
6,27,7,-2.17,136.54,18,2010-06-16T03:16:24.959996Z,1,1,1,1,0.4,-999,inf,0.8,-999,inf,-1,-1,3,1,1,1,1,6.2,0,6.2,0,6.6,0,26.43602754,19.00515546,114.6619326,1,1
7,33,7,-8.06,125.3,25,1977-08-27T07:12:25.920000Z,0,0,0,1,-999,-999,-999,-999,-999,-999,-1,-1,3,0,0,1,0,0,0,0,0,0,0,0,0,114.6619326,1,3
8,46,7,28.7,-113.1,13,2012-04-12T07:15:44.640005Z,1,0,1,0,-999,-999,-999,0.9,-999,inf,-1,-1,1,0,1,0,1,0,0,0,0,0,0,0,0,114.6619326,-1,1
9,54,7.2,44.92,149.12,41,1976-01-21T10:05:22.559995Z,0,0,0,1,-999,-999,-999,-999,-999,-999,-1,-1,3,0,0,1,0,0,0,0,0,0,0,0,0,156.1879214,1,3
10,58,7.1,13.74,124.32,26,1982-01-11T06:10:04.799999Z,0,1,0,2,0.5,-999,inf,-999,-999,-999,-1,-1,3,1,0,2,0,0,0,0,0,6.6,0,0,89.745905,133.823798,1,3
11,73,7.1,0.15,-77.83,12,1987-03-06T04:10:42.239995Z,1,1,1,3,1.1,-999,inf,0.7,-999,inf,1,-1,3,1,1,3,1,6.4,0,6.4,0,6.3,0,17.93521889,140.312448,133.823798,-1,3
12,117,7.1,-35.2,-72.22,40.7,2012-03-25T22:37:03.360005Z,0,0,0,1,-999,-999,-999,-999,-999,-999,-1,-1,2,0,0,1,0,0,0,0,0,0,0,0,0,133.823798,1,3
13,118,7.2,-59.43,-20.51,33,1977-08-26T19:50:00.960002Z,0,1,0,1,1.4,-999,inf,-999,-999,-999,-1,-1,3,1,0,1,0,0,0,0,0,5.8,0,0,45.31801886,156.1879214,-1,1
14,119,7.6,39.57,117.98,23,1976-07-27T19:42:57.599997Z,0,1,0,3,0.6,-999,inf,-999,-999,-999,1,-1,2,1,0,3,0,0,0,0,0,7,0,0,40.64146094,289.8036301,-1,2
15,167,7,-28.68,-177.62,30,1997-09-20T16:11:34.079998Z,0,0,0,1,-999,-999,-999,-999,-999,-999,-1,-1,3,0,0,1,0,0,0,0,0,0,0,0,0,114.6619326,-1,3
16,169,7.1,-17.3,167.59,30,1981-07-15T07:59:05.280002Z,0,2,0,3,1.3,-999,0.62038588,-999,-999,-999,1,-1,1,2,0,3,0,0,0,0,0,5.8,0,0,33.38581692,133.823798,1,3
17,170,7.1,-0.97,-21.86,10,1982-01-03T14:09:53.279998Z,0,1,0,1,1.3,-999,inf,-999,-999,-999,-1,-1,0,1,0,1,0,0,0,0,0,5.8,0,0,11.01045832,133.823798,-1,1
18,218,7.2,15.77,119.74,33,1999-12-11T18:03:35.999995Z,0,1,0,2,1,-999,inf,-999,-999,-999,-1,-1,2,1,0,2,0,0,0,0,0,6.2,0,0,151.4206574,156.1879214,-1,2
19,271,7,8.25,122.4,24,1978-06-14T12:32:32.640002Z,0,0,0,1,-999,-999,-999,-999,-999,-999,-1,-1,3,0,0,1,0,0,0,0,0,0,0,0,0,114.6619326,1,3
20,332,7,14.05,-91.94,69,1983-12-02T03:09:04.320001Z,0,1,0,2,1.4,-999,inf,-999,-999,-999,-1,-1,1,1,0,2,0,0,0,0,0,5.8,0,0,48.92503145,114.6619326,1,3
21,349,7.1,-16.39,-72.66,53,1979-02-16T10:08:49.919995Z,0,1,0,1,1.5,-999,inf,-999,-999,-999,-1,-1,0,1,0,1,0,0,0,0,0,5.6,0,0,12.23528166,133.823798,-1,3
22,352,7,39.12,44.03,36,1976-11-24T12:22:19.199998Z,0,0,0,1,-999,-999,-999,-999,-999,-999,-1,-1,2,0,0,1,0,0,0,0,0,0,0,0,0,114.6619326,-1,1
23,365,7.3,-9.97,160.73,33,1977-04-21T04:24:05.759998Z,3,2,4,7,1.3,-999,0.069288305,0.1,-999,119.9999999,4,4,1,2,3,7,4,7.2,0,7.2,0,6.1,0,47.54745826,118.2694682,182.289452,1,3
24,415,7.3,9.89,-84.89,19,1990-03-25T13:22:56.639995Z,0,1,0,5,1.6,-999,inf,-999,-999,-999,1,-1,3,1,0,5,0,0,0,0,0,6.3,0,0,64.68664702,182.289452,1,3
25,420,7.4,17.81,-101.28,49,1979-03-14T11:07:17.760001Z,1,1,4,1,1.8,-999,inf,1.7,-999,inf,1,-1,1,1,1,1,4,6.6,0,5.7,0,5.6,0,61.46438887,42.20038986,212.7529709,1,3
26,469,7.1,7.12,-76.89,10,1992-10-18T15:11:57.119999Z,1,1,1,1,1.6,-999,inf,0.5,-999,inf,-1,-1,3,1,1,1,1,6.6,0,6.6,0,5.5,0,28.86137047,64.12246869,133.823798,-1,3
27,477,7.4,33.39,57.43,33,1978-09-16T15:36:00.000002Z,0,0,0,5,-999,-999,-999,-999,-999,-999,2,-1,3,0,0,5,0,0,0,0,0,0,0,0,0,212.7529709,-1,3
28,513,7.1,18.22,-102.76,33,1997-01-11T20:28:27.839996Z,0,1,0,1,1.6,-999,inf,-999,-999,-999,-1,-1,3,1,0,1,0,0,0,0,0,5.5,0,0,15.8002384,133.823798,-1,2
29,524,7.2,-51.16,160.44,10,1982-07-07T10:43:06.240002Z,0,1,0,1,1.7,-999,inf,-999,-999,-999,-1,-1,0,1,0,1,0,0,0,0,0,5.5,0,0,52.52936023,156.1879214,1,1
30,582,7.3,2.77,95.96,26,2008-02-20T08:08:26.880004Z,0,1,3,4,1.3,-999,inf,-999,-999,-999,1,-1,1,1,0,4,3,6.1,0,0,0,6.3,0,50.97510646,152.4102855,182.289452,1,3
31,598,7,39.57,54.8,30,2000-12-06T17:11:02.400001Z,0,0,0,1,-999,-999,-999,-999,-999,-999,-1,-1,2,0,0,1,0,0,0,0,0,0,0,0,0,114.6619326,-1,3
32,621,7,-23.91,-70.21,42,1998-01-30T12:16:07.679996Z,0,0,0,2,-999,-999,-999,-999,-999,-999,-1,-1,1,0,0,2,0,0,0,0,0,0,0,0,0,114.6619326,1,3
33,632,7.1,11.33,122.17,15,1990-06-14T07:40:56.640001Z,0,1,0,2,1.7,-999,inf,-999,-999,-999,-1,-1,3,1,0,2,0,0,0,0,0,5.6,0,0,22.84850933,133.823798,-1,1
34,667,7,-60.15,-26.83,33,1987-01-30T22:29:42.719999Z,0,2,0,5,1.6,-999,11.82732112,-999,-999,-999,1,-1,3,2,0,5,0,0,0,0,0,6.2,0,0,68.61199805,114.6619326,1,3
35,715,7.1,-42.81,124.69,10,2001-12-12T14:02:32.640002Z,0,1,0,1,1.7,-999,inf,-999,-999,-999,-1,-1,0,1,0,1,0,0,0,0,0,5.4,0,0,18.6800742,133.823798,-1,1
36,718,7,42.49,43.65,10,1991-04-29T09:12:48.960001Z,0,2,0,4,0.9,-999,0.490713252,-999,-999,-999,1,-1,0,2,0,4,0,0,0,0,0,6.2,0,0,42.50397296,114.6619326,-1,3
37,777,7.5,-1.68,136.04,5,1979-09-12T05:17:48.479995Z,0,1,0,5,1.4,-999,inf,-999,-999,-999,1,-1,1,1,0,4,0,0,0,0,0,6.1,0,0,209.6038896,248.307437,1,1
38,796,7.6,-48.79,164.36,33,1981-05-25T05:25:17.759997Z,0,3,1,3,1.9,-999,0.163797481,-999,-999,-999,1,1,2,2,0,2,1,5.9,0,0,0,5.7,0,60.963805,48.71630948,289.8036301,1,1
39,797,7,2.96,126.93,37,1979-04-10T01:42:23.039995Z,0,0,0,4,-999,-999,-999,-999,-999,-999,1,-1,2,0,0,4,0,0,0,0,0,0,0,0,0,114.6619326,1,3
40,823,7.2,22.28,121.51,17,1978-07-23T14:42:34.559996Z,0,1,0,4,1.8,-999,inf,-999,-999,-999,2,-1,0,1,0,4,0,0,0,0,0,7,0,0,136.9085851,156.1879214,1,3
41,875,7.1,53.47,169.93,32,1990-11-06T20:14:29.760001Z,0,0,0,1,-999,-999,-999,-999,-999,-999,-1,-1,3,0,0,1,0,0,0,0,0,0,0,0,0,133.823798,1,3
42,889,7.4,-31.03,-67.77,13,1977-11-23T09:26:21.120000Z,0,6,0,8,1.3,-999,0.38620228,-999,-999,-999,1,1,3,6,0,7,0,0,0,0,0,6.1,0,0,72.3243449,212.7529709,-1,3
43,896,7,5.9,126.92,60.2,2018-12-29T03:39:10.080001Z,0,2,0,6,1.2,-999,0.114602016,-999,-999,-999,1,-1,0,2,0,6,0,0,0,0,0,5.8,0,0,99.15155524,114.6619326,1,3
44,911,7.6,44.93,148.44,33,1978-03-23T03:15:24.479999Z,2,5,2,6,0.1,-999,1.885938443,0.6,-999,16.3132137,2,2,3,4,2,5,2,7,0,7,0,7.5,0,99.54686481,138.7435844,289.8036301,1,3
45,912,7.2,16.77,122.33,37,1977-03-18T21:43:55.199999Z,0,1,0,4,1.1,-999,inf,-999,-999,-999,2,-1,3,1,0,4,0,0,0,0,0,6.8,0,0,152.2862738,156.1879214,1,3
46,916,7.2,-9.05,158.49,33,1991-10-14T15:58:10.560005Z,0,2,0,4,1.7,-999,0.069653162,-999,-999,-999,1,-1,3,2,0,4,0,0,0,0,0,5.8,0,0,98.46077702,156.1879214,1,3
47,925,8.1,1.6,-79.36,24,1979-12-12T07:59:05.280002Z,0,4,0,8,1.8,-999,0.160580015,-999,-999,-999,1,1,1,1,0,2,0,0,0,0,0,6.3,0,0,453.2530106,470.6906315,1,3
48,929,7.1,5.34,31.91,10,1990-05-24T20:00:05.760000Z,2,0,2,4,-999,-999,-999,0,-999,0.423980327,2,-1,0,0,2,4,2,0,0,0,0,0,0,0,0,133.823798,-1,2
49,932,7.4,36.96,49.41,10,1990-06-20T21:00:08.639995Z,0,3,0,3,1.7,-999,0.194308069,-999,-999,-999,1,1,1,1,0,1,0,0,0,0,0,5.7,0,0,49.57820764,212.7529709,-1,1
50,933,7.1,43.53,146.75,44,1980-02-23T05:51:04.320005Z,0,3,0,3,1,-999,0.341759606,-999,-999,-999,1,1,1,3,0,3,0,0,0,0,0,6.1,0,0,65.43919673,133.823798,-1,3
51,937,7.6,23.42,70.23,16,2001-01-26T03:16:42.239997Z,0,3,0,3,1.9,-999,0.134486932,-999,-999,-999,1,1,1,1,0,1,0,0,0,0,0,5.7,0,0,31.23668325,289.8036301,-1,3
52,954,7,-30.68,-177.36,33,1978-02-09T21:35:16.800005Z,2,3,2,10,0.7,-999,8.307947937,0.7,-999,3.077870114,5,1,1,3,2,10,2,6.3,0,6.3,0,6.7,0,63.52501316,82.86830011,114.6619326,1,3
53,970,7.1,-19.53,173.82,33,2000-02-25T01:43:58.080005Z,0,3,0,3,1.5,-999,0.303766707,-999,-999,-999,1,1,3,3,0,3,0,0,0,0,0,5.6,0,0,92.84861248,133.823798,-1,1
54,971,7,-18.13,167.95,33,1990-03-05T16:38:12.479998Z,0,0,0,6,-999,-999,-999,-999,-999,-999,1,-1,0,0,0,6,0,0,0,0,0,0,0,0,0,114.6619326,1,3
55,996,8,19.15,-104.22,49,1995-10-09T15:36:00.000002Z,1,2,1,11,2.1,-999,0.319672655,2.2,-999,inf,1,1,3,0,0,3,0,5.8,0,5.8,0,6.6,0,31.14730036,384.877224,537.7249613,1,3
56,997,7.2,28.82,34.86,10,1995-11-22T04:15:10.080003Z,0,2,0,3,1.5,-999,2.419257288,-999,-999,-999,1,-1,2,2,0,3,0,0,0,0,0,5.7,0,0,52.3960545,156.1879214,1,1
57,1027,7.2,-6.51,130.39,33,1992-12-20T20:52:39.360004Z,0,0,0,2,-999,-999,-999,-999,-999,-999,-1,-1,3,0,0,2,0,0,0,0,0,0,0,0,0,156.1879214,-1,0
58,1033,7.5,35.07,87.32,33,1997-11-08T10:02:55.680003Z,0,1,0,1,2.2,-999,inf,-999,-999,-999,-1,-1,3,0,0,0,0,0,0,0,0,5.3,0,0,177.9619194,248.307437,-1,1
59,1071,7.7,-8.51,121.89,35,1992-12-12T05:29:28.320003Z,0,3,1,8,2.2,-999,0.176656597,-999,-999,-999,1,1,1,0,0,3,1,6.1,0,0,0,6.2,0,131.2316432,243.2496198,338.2345089,1,3
60,1077,7.5,-9.62,-79.57,33,1996-02-21T12:51:07.200000Z,0,0,0,2,-999,-999,-999,-999,-999,-999,-1,-1,3,0,0,0,0,0,0,0,0,0,0,0,0,248.307437,1,3
61,1129,7.1,44.69,151.15,33,1982-06-30T01:57:30.240003Z,0,0,0,1,-999,-999,-999,-999,-999,-999,-1,-1,1,0,0,1,0,0,0,0,0,0,0,0,0,133.823798,-1,2
62,1131,7.7,40.37,139.15,33,1983-05-26T03:00:00.000000Z,0,5,0,5,0.9,-999,0.223715648,-999,-999,-999,1,1,0,3,0,3,0,0,0,0,0,6.8,0,0,105.6716914,338.2345089,-1,3
63,1132,7.2,-4.46,152.82,41,1985-07-03T04:36:54.720000Z,0,3,0,8,1.3,-999,0.224774663,-999,-999,-999,1,1,0,3,0,8,0,0,0,0,0,5.9,0,0,149.6997817,156.1879214,1,3
64,1149,7,21.8,120.55,10,2006-12-26T12:26:21.120000Z,0,2,0,4,0.1,-999,3.443526171,-999,-999,-999,2,-1,3,2,0,4,0,0,0,0,0,6.9,0,0,90.91572466,114.6619326,-1,2
65,1154,7.5,18.77,-104.1,24,2003-01-22T02:06:34.560004Z,0,3,0,5,1.6,-999,0.118225669,-999,-999,-999,1,1,3,1,0,3,0,0,0,0,0,6.1,0,0,209.8280597,248.307437,1,3
66,1178,7,36.21,141.76,34,1982-07-23T14:23:51.360003Z,1,5,1,7,1,-999,0.217758654,1.7,-999,inf,1,1,3,5,1,7,1,5.3,0,5.3,0,6,0,6.319947612,99.00514932,114.6619326,1,3
67,1200,7.2,-5.58,151.08,30,1985-05-10T15:35:51.359997Z,0,2,0,3,1.8,-999,0.115117852,-999,-999,-999,1,-1,0,2,0,3,0,0,0,0,0,5.4,0,0,110.2678569,156.1879214,-1,1
68,1203,7.7,-12.52,165.92,33,1980-07-17T19:42:23.039995Z,5,2,5,12,1,-999,0.442028025,0.2,-999,0.590290895,2,2,1,2,4,8,4,7.5,0,7.5,0,6.8,0,51.43604703,276.5427287,338.2345089,1,3
69,1207,7.5,-22.26,171.73,33,1981-07-06T03:08:21.120004Z,1,2,24,20,1.2,-999,0.33252972,1.7,-999,inf,4,1,1,2,1,18,22,7.4,0,5.8,0,6.7,0,326.0469747,322.8619959,248.307437,1,2
70,1220,7.4,-4.1,123.91,33,2001-10-19T03:28:48.000002Z,0,3,3,4,1.8,-999,1.588141874,-999,-999,-999,1,1,0,2,0,3,3,6.2,0,0,0,5.6,0,86.12107472,84.54194594,212.7529709,1,1
71,1228,8,18.18,-102.57,33,1985-09-19T13:17:45.600000Z,0,3,0,6,0.5,-999,0.422880663,-999,-999,-999,1,1,3,1,0,2,0,0,0,0,0,7.5,0,0,187.990769,537.7249613,1,3
72,1242,7.6,-43.41,-73.94,38,2016-12-25T14:22:24.959999Z,0,1,0,2,2.2,-999,inf,-999,-999,-999,-1,-1,3,0,0,0,0,0,0,0,0,5.4,0,0,183.2003655,289.8036301,1,3
73,1252,7.1,-37.71,178.77,59,1995-02-05T22:51:10.080005Z,0,0,0,3,-999,-999,-999,-999,-999,-999,1,-1,3,0,0,3,0,0,0,0,0,0,0,0,0,133.823798,-1,2
74,1258,7,-15.85,-74.56,45.8,2013-09-25T16:42:40.319996Z,0,0,0,3,-999,-999,-999,-999,-999,-999,1,-1,3,0,0,3,0,0,0,0,0,0,0,0,0,114.6619326,1,3
75,1276,7.1,-29.2,-177.61,33,1995-07-03T19:50:52.800004Z,0,4,0,7,1.6,-999,1.184799028,-999,-999,-999,1,1,3,4,0,7,0,0,0,0,0,6,0,0,146.9558132,133.823798,-1,3
76,1278,7.4,8.73,-83.12,33,1983-04-03T02:50:03.839997Z,0,4,1,10,1.5,-999,0.941198616,-999,-999,-999,1,1,1,4,0,9,1,5.4,0,0,0,6.3,0,88.6385438,177.5341873,212.7529709,1,3
77,1294,7.5,1.82,126.64,43,1986-08-14T19:39:12.959996Z,0,8,4,25,1.1,-999,0.291695077,-999,-999,-999,1,1,1,8,0,19,4,6.7,0,0,0,6.7,0,203.6597135,249.360655,248.307437,1,3
78,1306,7.2,14.73,-92.68,34,1993-09-10T19:12:51.839996Z,5,6,5,9,0.8,-999,0.727696114,0.5,-999,0.653193463,1,1,3,6,5,9,5,6.7,0,6.7,0,6.4,0,36.95757612,87.76600025,156.1879214,1,3
79,1315,7,-20.58,169.36,33,1994-02-12T17:58:24.960001Z,0,8,2,13,0.5,-999,1.719136134,-999,-999,-999,2,1,3,8,0,13,2,7,0,0,0,6.5,0,84.35182615,106.8292355,114.6619326,1,3
80,1318,7.5,-9.92,160.46,14,1984-02-07T21:33:24.480005Z,0,1,0,3,1.1,-999,inf,-999,-999,-999,1,-1,2,1,0,1,0,0,0,0,0,6.4,0,0,111.2437941,248.307437,-1,3
81,1337,7.2,4.56,-77.49,21,1991-11-19T22:28:50.879997Z,0,1,0,1,2,-999,inf,-999,-999,-999,-1,-1,1,1,0,1,0,0,0,0,0,5.2,0,0,20.05204058,156.1879214,1,3
82,1363,7.1,-1.59,135.01,13,1985-11-17T09:40:19.200004Z,0,2,0,4,1.1,-999,0.10342759,-999,-999,-999,1,-1,1,2,0,4,0,0,0,0,0,6,0,0,113.533665,133.823798,1,1
83,1391,7.5,8.39,126.78,33,1989-12-15T18:43:46.560004Z,0,9,1,14,1,-999,0.541346871,-999,-999,-999,1,1,3,7,0,10,0,5.2,0,0,0,6.5,0,33.829868,165.6129726,248.307437,1,3
84,1413,7.2,40.37,-124.32,15,1992-04-25T18:06:02.879997Z,0,2,2,3,0.6,-999,13.28903655,-999,-999,-999,1,-1,1,2,0,3,2,6.1,0,0,0,6.6,0,15.77876472,24.36264703,156.1879214,1,3
85,1420,7.1,-10.96,164.19,14,1993-03-06T03:05:45.599996Z,0,5,5,12,0.5,-999,0.261273972,-999,-999,-999,0,1,1,5,0,12,5,7,0,0,0,6.6,0,148.325077,147.9007107,133.823798,-1,1
86,1421,8.1,-49.31,161.35,10,2004-12-23T14:59:08.159997Z,0,2,0,9,2.1,-999,0.190128527,-999,-999,-999,1,-1,0,0,0,0,0,0,0,0,0,6,0,0,361.2899725,470.6906315,1,1
87,1425,7.9,-33.15,-71.98,33,1985-03-03T22:47:08.160004Z,1,14,1,30,0.5,-999,0.660505098,2.2,-999,inf,1,1,0,7,0,11,0,5.7,0,5.7,0,7.4,0,28.18650604,330.3858313,460.7295875,1,3
88,1441,7.6,11.76,-87.42,10,1992-09-02T00:15:59.040000Z,2,11,2,12,1.6,-999,0.480513013,1.9,-999,2.065049045,1,1,1,7,1,7,1,5.7,0,5.7,0,6,0,10.76383939,196.6576893,289.8036301,1,3
89,1454,7.1,-36.81,-179.57,33,2001-08-21T06:52:07.679998Z,0,0,0,10,-999,-999,-999,-999,-999,-999,1,-1,1,0,0,10,0,0,0,0,0,0,0,0,0,133.823798,-1,3
90,1469,7,-29.81,-177.85,33,1981-12-26T17:05:34.079996Z,4,2,6,8,1.6,-999,0.790420108,0.2,-999,3.472523656,5,2,0,2,4,8,6,6.8,0,6.8,0,6.4,0,78.12618609,85.27917497,114.6619326,-1,3
91,1478,7,38.64,142.75,33,1981-01-18T18:11:31.200003Z,2,3,2,6,0.6,-999,0.684806428,1.1,-999,23.36448598,1,1,2,3,2,6,2,5.9,0,5.9,0,6.4,0,25.38630275,70.75693171,114.6619326,1,3
92,1480,7,22.81,99.77,10,1988-11-06T13:03:12.960004Z,0,4,0,5,0.9,-999,0.172179273,-999,-999,-999,1,1,3,4,0,5,0,0,0,0,0,6.1,0,0,83.68719012,114.6619326,-1,1
93,1481,7.8,16.01,-96.59,18,1978-11-29T19:52:45.120004Z,0,2,0,3,2.2,-999,0.112763726,-999,-999,-999,1,-1,0,0,0,0,0,0,0,0,0,5.6,0,0,371.9926638,394.7589718,1,3
94,1487,7,-10.62,161.28,22,1979-10-23T09:51:07.200000Z,1,1,9,2,1.5,-999,inf,0.9,-999,inf,3,-1,2,1,1,2,9,7,0,6.1,0,6.2,0,156.4149176,35.8359188,114.6619326,1,3
95,1499,8.3,-11.08,118.46,33,1977-08-19T06:08:55.679995Z,1,14,2,38,1.7,-999,0.768905463,2.6,-999,inf,1,1,0,1,0,3,0,6.3,0,5.7,0,6.6,0,116.6293537,370.6013215,641.1560465,-1,2
96,1507,8,-22.88,-175.9,65,1977-06-22T12:08:29.759999Z,0,3,0,16,2.3,-999,0.191372909,-999,-999,-999,1,1,3,0,0,5,0,0,0,0,0,7.3,0,0,335.1609304,537.7249613,-1,2
97,1520,7.5,-14.99,-173.17,15,1981-09-01T09:29:31.199999Z,0,4,9,21,1.6,-999,6.049606776,-999,-999,-999,1,1,1,3,0,18,9,6.4,0,0,0,6.4,0,95.5421865,698.8312072,248.307437,-1,2
98,1528,7.3,-16.7,-172.1,33,1977-04-02T07:15:18.719998Z,0,0,0,12,-999,-999,-999,-999,-999,-999,1,-1,1,0,0,11,0,0,0,0,0,0,0,0,0,182.289452,1,3
99,1583,7,-6.35,148.76,33,1999-11-19T13:56:47.039996Z,5,1,5,1,0.6,-999,inf,0.1,-999,2.146844139,2,2,1,1,5,1,5,6.9,0,6.9,0,6.4,0,42.93147669,77.24907847,114.6619326,1,3
100,1584,7.2,-17.9,-172.29,33,1987-10-06T04:19:12.000004Z,0,0,0,3,-999,-999,-999,-999,-999,-999,1,-1,2,0,0,3,0,0,0,0,0,0,0,0,0,156.1879214,-1,2
101,1592,7.6,38.19,142.03,44,1978-06-12T08:14:29.760001Z,0,5,0,10,1.2,-999,0.375465577,-999,-999,-999,1,1,3,5,0,6,0,0,0,0,0,6.4,0,0,288.2929143,289.8036301,1,3
102,1628,7.6,-26.62,-70.77,18,1983-10-04T18:52:16.320003Z,0,2,2,5,1.1,-999,0.70177901,-999,-999,-999,1,-1,0,1,0,2,2,5.7,0,0,0,6.5,0,12.81106474,123.0494838,289.8036301,1,3
103,1641,7,-7.29,154.39,20,1987-10-12T13:57:04.319997Z,0,2,0,2,1.4,-999,2.207018318,-999,-999,-999,-1,-1,1,2,0,2,0,0,0,0,0,5.6,0,0,8.036990403,114.6619326,-1,2
104,1648,7.2,-45.1,167.14,28,2003-08-21T12:12:48.960001Z,0,2,0,5,1.7,-999,0.239120038,-999,-999,-999,1,-1,0,2,0,5,0,0,0,0,0,6.4,0,0,48.12383784,156.1879214,1,3
105,1659,7.4,-58.9,158.3,33,1987-09-03T06:40:10.559999Z,0,2,0,3,0.6,-999,1.117068811,-999,-999,-999,1,-1,2,1,0,2,0,0,0,0,0,6.8,0,0,208.704648,212.7529709,1,1
106,1662,7.6,-60.53,-43.41,10,2003-08-04T04:37:20.639996Z,0,3,0,3,2.3,-999,0.312519532,-999,-999,-999,1,1,1,0,0,0,0,0,0,0,0,5.3,0,0,91.38345273,289.8036301,1,2
107,1668,7.7,-14.99,-75.68,33,1996-11-12T16:59:39.840004Z,0,8,0,9,1.6,-999,0.446929871,-999,-999,-999,1,1,3,4,0,5,0,0,0,0,0,6.1,0,0,85.19741823,338.2345089,1,3
108,1672,7,-60.62,-25.44,33,1983-10-22T04:21:38.879996Z,0,3,0,4,0.5,-999,4.430005906,-999,-999,-999,1,1,1,3,0,4,0,0,0,0,0,6.5,0,0,90.72230555,114.6619326,-1,2
109,1678,7.1,2.26,126.82,33,1989-02-10T11:15:21.600003Z,0,11,0,14,0.8,-999,0.371011208,-999,-999,-999,1,1,3,11,0,14,0,0,0,0,0,6.3,0,0,150.1992756,133.823798,1,3
110,1681,7.9,-28.43,-177.66,33,1976-01-14T16:47:34.080000Z,2,3,2,13,1.5,-999,0.253254318,0.1,-999,0.1470372,2,2,3,2,2,9,2,7.8,0,7.8,0,7,0,89.60775154,13177.85489,460.7295875,1,3
111,1685,7.5,-24.19,-175.77,33,1982-12-19T17:43:52.320004Z,5,12,5,18,1.2,-999,0.487666111,1.6,-999,0.427105845,1,1,0,6,4,11,4,5.9,0,5.9,0,6.3,0,78.66104973,190.3654246,248.307437,1,3
112,1710,8.1,-62.88,149.53,10,1998-03-25T03:12:23.039995Z,0,5,0,7,1.7,-999,0.209138517,-999,-999,-999,1,1,2,1,0,2,0,0,0,0,0,6.4,0,0,339.9340368,470.6906315,-1,1
113,1727,7.3,23.96,121.82,33,1986-11-14T21:20:00.960002Z,0,1,2,4,1.5,-999,inf,-999,-999,-999,1,-1,1,1,0,2,2,6.2,0,0,0,5.8,0,23.67290799,37.82579622,182.289452,1,3
114,1736,7.9,28.15,84.71,15,2015-04-25T06:11:22.559997Z,0,9,0,10,0.7,-999,0.424516287,-999,-999,-999,1,1,2,4,0,4,0,0,0,0,0,7.2,0,0,360.2853556,460.7295875,1,3
115,1738,7.5,-10.21,160.77,38,1988-08-10T04:38:29.759999Z,0,3,0,11,1.9,-999,1.074267707,-999,-999,-999,1,1,3,1,0,6,0,0,0,0,0,6.4,0,0,147.4771278,248.307437,1,3
116,1751,8,-52.24,160.2,10,1989-05-23T10:54:46.080000Z,0,9,0,11,2.1,-999,0.514959576,-999,-999,-999,1,1,0,0,0,1,0,0,0,0,0,6.2,0,0,270.4757012,537.7249613,1,1
117,1752,7.5,-24.49,-70.17,27,1987-03-05T09:16:59.519998Z,0,5,0,14,0.6,-999,0.299641629,-999,-999,-999,5,1,0,5,0,12,0,0,0,0,0,7.2,0,0,201.8438085,248.307437,1,3
118,1753,7,32.79,130.75,10,2016-04-15T16:25:06.239996Z,4,5,4,6,1.5,-999,1.451463075,0.8,-999,36.66361137,1,1,3,5,4,6,4,6.2,0,6.2,0,5.5,0,10.39667764,77.21050014,114.6619326,-1,1
119,1758,7,40.29,63.33,26,1984-03-19T20:28:36.480001Z,0,1,0,2,1.9,-999,inf,-999,-999,-999,-1,-1,2,1,0,2,0,0,0,0,0,5.1,0,0,7.954495504,114.6619326,-1,3
120,1763,7.1,-5.59,130.89,61,1987-06-17T01:32:52.799998Z,0,1,0,4,1.7,-999,inf,-999,-999,-999,1,-1,3,1,0,4,0,0,0,0,0,5.5,0,0,128.8216547,133.823798,-1,3
121,1769,8,6.26,124.02,33,1976-08-16T16:11:08.160002Z,0,1,0,9,0.9,-999,inf,-999,-999,-999,1,-1,0,1,0,4,0,0,0,0,0,7.1,0,0,402.4397037,537.7249613,1,3
122,1772,7.1,-17.32,-72.4,54,1988-04-12T23:19:58.079997Z,0,3,0,6,0.9,-999,0.733317037,-999,-999,-999,1,1,3,3,0,6,0,0,0,0,0,6.2,0,0,114.5862979,133.823798,1,3
123,1774,7.1,44.16,148.29,43,1984-03-24T09:44:03.840005Z,0,1,0,15,1.9,-999,inf,-999,-999,-999,1,-1,1,1,0,15,0,0,0,0,0,6.1,0,0,127.1539728,133.823798,1,3
124,1791,7,51.74,176.27,33,1981-01-30T08:52:48.000000Z,0,3,0,4,1.2,-999,0.652173913,-999,-999,-999,1,1,1,3,0,4,0,0,0,0,0,5.8,0,0,56.78339686,114.6619326,1,3
125,1793,7.1,-15.77,-74.71,39,2018-01-14T09:18:43.200003Z,0,2,0,4,1.6,-999,0.172793641,-999,-999,-999,1,-1,1,2,0,4,0,0,0,0,0,5.5,0,0,115.1110525,133.823798,1,3
126,1815,7.5,60.64,-141.59,15,1979-02-28T21:27:04.319997Z,0,1,0,2,2.4,-999,inf,-999,-999,-999,-1,-1,3,0,0,0,0,0,0,0,0,5.4,0,0,57.24861436,248.307437,1,3
127,1821,7.4,39.8,142.84,38,1989-11-01T18:25:37.920003Z,7,8,7,14,1.5,-999,0.377978947,1,-999,1.206127126,1,1,3,3,6,8,6,6.4,0,6.4,0,5.9,0,73.82622881,100.1954492,212.7529709,1,3
128,1824,7.3,1.27,122.09,30,2008-11-16T17:02:32.640002Z,0,0,0,7,-999,-999,-999,-999,-999,-999,1,-1,3,0,0,3,0,0,0,0,0,0,0,0,0,182.289452,1,3
129,1843,7,-58.22,-22.1,19,2008-06-30T06:17:42.719995Z,0,4,0,5,1.4,-999,0.556994458,-999,-999,-999,1,1,3,4,0,5,0,0,0,0,0,5.6,0,0,46.66896255,114.6619326,-1,1
130,1853,7,18.45,-72.55,13,2010-01-12T21:53:08.159996Z,0,10,0,10,1,-999,1.325591877,-999,-999,-999,1,1,2,10,0,10,0,0,0,0,0,6,0,0,40.11138862,114.6619326,1,1
131,1889,7.4,-60.93,-21.58,10,2006-01-02T06:10:47.999996Z,0,0,0,1,-999,-999,-999,-999,-999,-999,-1,-1,2,0,0,0,0,0,0,0,0,0,0,0,0,212.7529709,1,1
132,1905,7.1,-20.62,169.36,34,2007-03-25T00:40:01.920003Z,1,10,1,28,0.2,-999,0.340122172,1.3,-999,inf,5,5,0,10,1,28,1,5.8,0,5.8,0,6.9,0,68.37271802,126.8450246,133.823798,1,3
133,1914,7.7,-22.25,-69.89,40,2007-11-14T15:40:53.759996Z,0,18,0,24,0.9,-999,0.646563336,-999,-999,-999,1,1,2,8,0,11,0,0,0,0,0,6.8,0,0,273.7425963,338.2345089,1,3
134,1915,7.1,-55.66,158.45,16,2008-04-12T00:30:14.399996Z,0,2,0,2,2,-999,0.377315776,-999,-999,-999,-1,-1,1,2,0,2,0,0,0,0,0,5.1,0,0,39.66822714,133.823798,1,3
135,1935,7,10.45,145.72,14,2007-09-30T02:08:26.880004Z,0,3,0,4,1.5,-999,1.434034417,-999,-999,-999,1,1,2,3,0,4,0,0,0,0,0,5.7,0,0,16.21070802,114.6619326,-1,1
136,1940,7,40.89,144.94,12,2012-03-14T09:08:38.400004Z,0,2,0,2,0.9,-999,0.124967977,-999,-999,-999,-1,-1,1,2,0,2,0,0,0,0,0,6.1,0,0,19.47219165,114.6619326,-1,2
137,1978,7,-14.44,-75.97,24,2011-10-28T18:54:34.560000Z,0,1,0,6,1.4,-999,inf,-999,-999,-999,1,-1,3,1,0,6,0,0,0,0,0,6.4,0,0,71.35871566,114.6619326,1,3
138,1990,7,-7.78,107.3,46,2009-09-02T07:55:03.360001Z,0,0,0,3,-999,-999,-999,-999,-999,-999,1,-1,1,0,0,3,0,0,0,0,0,0,0,0,0,114.6619326,-1,3
139,2030,7.2,-17.6,167.86,21,2002-01-02T17:22:50.880005Z,1,14,7,17,0.6,-999,0.508196483,1.1,-999,inf,1,1,3,13,1,16,7,6.3,0,6.1,0,6.6,0,105.0140007,99.86836824,156.1879214,1,3
140,2058,7.4,16.06,-96.93,60.6,1999-09-30T16:31:17.759999Z,0,0,0,1,-999,-999,-999,-999,-999,-999,-1,-1,3,0,0,0,0,0,0,0,0,0,0,0,0,212.7529709,-1,2
141,2066,7.5,-1.11,123.57,26,2000-05-04T04:21:12.960000Z,0,4,0,8,1.8,-999,0.344254817,-999,-999,-999,1,1,1,3,0,5,0,0,0,0,0,5.7,0,0,226.5049991,248.307437,1,1
142,2068,7.4,6.9,126.58,33,2001-01-01T06:57:01.440002Z,0,6,0,8,0.6,-999,0.85816039,-999,-999,-999,1,1,0,4,0,5,0,0,0,0,0,6.8,0,0,179.2154941,212.7529709,1,3
143,2070,7.7,13.05,-88.66,60,2001-01-13T17:33:30.240005Z,0,10,0,22,1.9,-999,0.425762008,-999,-999,-999,1,1,3,3,0,7,0,0,0,0,0,6.5,0,0,336.8945542,338.2345089,-1,2
144,2072,7.8,35.95,90.54,10,2001-11-14T09:26:12.480004Z,0,5,0,6,2.2,-999,0.259620228,-999,-999,-999,1,1,3,0,0,0,0,0,0,0,0,5.6,0,0,308.7008363,394.7589718,-1,1
145,2098,7.1,24.28,122.18,32.8,2002-03-31T06:52:50.880005Z,0,2,4,13,1.8,-999,0.080632481,-999,-999,-999,2,-1,0,2,0,13,4,6.8,0,0,0,6.1,0,66.82150597,119.7824081,133.823798,-1,3
146,2103,7.2,2.82,96.08,30,2002-11-02T01:26:06.720004Z,0,3,0,6,0.9,-999,0.108053205,-999,-999,-999,1,1,3,3,0,5,0,0,0,0,0,6.3,0,0,116.3504298,156.1879214,1,3
147,2113,7.8,-10.47,112.98,39,1994-06-02T18:17:34.080000Z,0,19,0,22,1.2,-999,1.207223006,-999,-999,-999,1,1,3,5,0,5,0,0,0,0,0,6.6,0,0,339.7289718,394.7589718,1,3
148,2115,7.7,12.96,144.78,61,1993-08-08T08:34:22.079997Z,0,6,0,10,1.7,-999,0.231906464,-999,-999,-999,1,1,2,2,0,2,0,0,0,0,0,6,0,0,202.6480045,338.2345089,-1,3
149,2118,7.2,-16.62,167.51,33,1994-07-13T02:35:57.119997Z,1,12,4,21,0.6,-999,0.421736288,1.9,-999,inf,1,1,2,11,1,20,4,6.1,0,5.3,0,6.6,0,89.98689925,136.5233659,156.1879214,-1,3
150,2121,7.3,-15.19,-173.59,31,1995-04-07T22:06:57.600005Z,0,4,15,13,1.7,-999,0.147769421,-999,-999,-999,1,1,0,4,0,12,14,6.7,0,0,0,6,0,2141.912452,162.888343,182.289452,-1,3
151,2123,7.3,16.84,-98.6,21,1995-09-14T14:04:33.599998Z,0,0,0,10,-999,-999,-999,-999,-999,-999,2,-1,0,0,0,9,0,0,0,0,0,0,0,0,0,182.289452,1,3
152,2127,8,-23.36,-70.31,47,1995-07-30T05:11:19.680002Z,0,12,1,19,1.7,-999,1.103113538,-999,-999,-999,1,1,0,3,0,4,1,6,0,0,0,6.6,0,32.52495461,182.1803999,537.7249613,1,3
153,2130,7.6,9.68,-83.08,10,1991-04-22T21:56:52.799996Z,0,4,0,9,1.4,-999,0.385899242,-999,-999,-999,1,1,2,2,0,3,0,0,0,0,0,6.2,0,0,284.3230828,289.8036301,1,3
154,2131,7.6,45.47,151.05,26,1991-12-22T08:43:09.119997Z,12,4,12,15,2.2,-999,0.254541984,0.9,-999,0.933213053,1,1,2,0,8,5,8,6.7,0,6.7,0,6.5,0,61.08682353,221.6636428,289.8036301,1,3
155,2136,7.6,-22.04,175.16,33,1990-03-03T12:16:24.959996Z,0,1,0,4,2.3,-999,inf,-999,-999,-999,1,-1,0,0,0,1,0,0,0,0,0,5.6,0,0,102.0397616,289.8036301,1,1
156,2146,7.7,42.84,139.25,17,1993-07-12T13:17:11.039999Z,0,3,0,6,1.4,-999,0.124552648,-999,-999,-999,1,1,3,1,0,1,0,0,0,0,0,6.3,0,0,288.5528803,338.2345089,-1,3
157,2148,7.2,-6.06,147.59,50,1992-05-15T07:05:05.280004Z,0,3,2,7,1.2,-999,0.169133192,-999,-999,-999,1,1,3,2,0,6,2,6.6,0,0,0,6.1,0,21.88898567,69.84308129,156.1879214,1,3
158,2153,7.1,-56.04,-25.33,33,1991-12-27T04:05:57.119997Z,0,2,0,7,0.5,-999,3.173595684,-999,-999,-999,1,-1,3,2,0,7,0,0,0,0,0,6.6,0,0,105.3367092,133.823798,-1,2
159,2156,7,51.92,158.7,34,1993-11-13T01:18:02.880001Z,0,2,21,5,1,-999,0.126859281,-999,-999,-999,5,-1,3,2,0,5,21,6.9,0,0,0,6,0,4684.980571,1419.503752,114.6619326,-1,3
160,2157,7.3,34.18,-116.51,5,1992-06-28T11:57:33.119998Z,0,5,1,7,0.8,-999,0.478771281,-999,-999,-999,1,1,0,4,0,4,1,6.2,0,0,0,6.5,0,31.42849515,41.61249207,182.289452,1,1
161,2158,8.4,-16.26,-73.64,33,2001-06-23T20:33:12.960004Z,0,14,23,37,0.8,-999,0.608624205,-999,-999,-999,1,1,3,3,0,3,3,7.4,0,0,0,7.6,0,12561.85766,12531.26716,748.3036029,1,3
162,2160,7,-2.96,141.93,10,1998-07-17T08:49:12.000004Z,0,1,1,3,1.8,-999,inf,-999,-999,-999,1,-1,3,1,0,3,1,5.6,0,0,0,5.6,0,13.37603919,55.78251451,114.6619326,1,3
163,2163,7.1,-30.93,-71.22,58,1997-10-15T01:03:30.240005Z,0,2,12,4,0.9,-999,0.330802693,-999,-999,-999,5,-1,3,2,0,4,12,6.8,0,0,0,6.6,0,134.5823718,118.8605617,133.823798,-1,2
164,2165,7,-6.92,128.95,33,1998-11-09T05:38:41.280000Z,1,3,1,5,1.5,-999,2.319826786,0.3,-999,inf,2,2,3,3,1,5,1,6.7,0,6.7,0,5.7,0,8.41868261,38.98502243,114.6619326,-1,0
165,2181,7.6,40.75,29.86,17,1999-08-17T00:01:35.039999Z,0,3,0,8,1.8,-999,0.120677726,-999,-999,-999,2,1,1,1,0,4,0,0,0,0,0,7.2,0,0,263.9351187,289.8036301,1,1
166,2183,7.6,23.77,120.98,33,1999-09-20T17:47:19.680004Z,0,11,0,26,1.1,-999,0.396256457,-999,-999,-999,1,1,3,4,0,9,0,0,0,0,0,6.5,0,0,167.0022477,289.8036301,1,3
167,2189,7.1,12.06,125.93,23,1995-04-21T00:34:50.879999Z,3,18,3,38,0.1,-999,0.676818951,0.3,-999,157.8947371,4,4,0,18,3,38,3,6.8,0,6.8,0,7.1,0,43.02395578,157.2968821,133.823798,1,3
168,2195,7.9,0.72,119.98,33,1996-01-01T08:05:08.160000Z,0,4,0,19,2.3,-999,0.404977169,-999,-999,-999,1,1,2,0,0,4,0,0,0,0,0,7,0,0,295.89256,460.7295875,1,3
169,2198,7.7,-5.81,154.21,16,1995-08-16T10:27:24.480003Z,2,15,19,64,1.1,-999,1.103460452,1.9,-999,6.428801028,1,1,3,7,1,29,10,6.7,0,5.8,0,7.2,0,178.999754,313.2642179,338.2345089,1,3
170,2203,7.4,22.31,125.31,33,1998-05-03T23:30:20.159996Z,0,3,0,4,2.2,-999,0.154463215,-999,-999,-999,1,1,3,0,0,1,0,0,0,0,0,6.3,0,0,58.09262371,212.7529709,-1,1
171,2206,7.7,-12.58,166.68,33,1997-04-21T12:02:26.880002Z,0,8,4,25,1.8,-999,1.494014604,-999,-999,-999,1,1,3,3,0,6,2,6.2,0,0,0,6,0,177.7008704,298.8875246,338.2345089,1,3
172,2209,7.8,54.84,162.04,33,1997-12-05T11:26:52.799996Z,0,22,0,36,1.4,-999,0.813233527,-999,-999,-999,1,1,3,4,0,7,0,0,0,0,0,6.9,0,0,351.3432272,394.7589718,1,3
173,2236,7.5,-8.15,124.87,10,2004-11-11T21:26:38.400001Z,1,8,1,15,2.1,-999,0.509966661,1.9,-999,inf,1,1,3,0,1,1,1,5.6,0,5.6,0,5.8,0,6.970724066,207.6363379,248.307437,1,3
174,2293,7,-32.11,-110.81,16.5,2014-10-09T02:14:29.760001Z,0,9,0,10,0.4,-999,0.385394408,-999,-999,-999,2,2,0,9,0,10,0,0,0,0,0,6.6,0,0,108.5816425,114.6619326,-1,3
175,2327,7.4,34.91,45.96,19,2017-11-12T18:18:17.279997Z,0,1,0,11,1.9,-999,inf,-999,-999,-999,1,-1,2,1,0,5,0,0,0,0,0,6,0,0,192.6969942,212.7529709,1,3
176,2350,7,51.61,-175.36,33.5,2013-08-30T16:25:06.239996Z,0,25,0,28,0.5,-999,1.585489599,-999,-999,-999,1,1,3,25,0,28,0,0,0,0,0,6.5,0,0,78.27366014,114.6619326,-1,3
177,2367,7.1,9.88,124.12,19,2013-10-15T00:12:31.680001Z,0,16,0,16,1.4,-999,0.928947155,-999,-999,-999,1,1,3,12,0,12,0,0,0,0,0,5.7,0,0,55.56755978,133.823798,-1,3
178,2368,7.6,-0.25,119.84,20,2018-09-28T10:02:47.039998Z,2,8,2,11,2.2,-999,0.336411499,1.5,-999,33.89830508,1,1,1,0,1,0,1,6.1,0,6.1,0,5.5,0,18.41175961,285.7479313,289.8036301,1,1
179,2369,7.2,37.89,144.09,36.1,2012-12-07T08:18:23.039997Z,0,3,1,10,1,-999,1.712231037,-999,-999,-999,3,2,3,3,0,8,1,5.6,0,0,0,7.1,0,43.60618499,128.477425,156.1879214,1,3
180,2380,7.8,-60.27,-46.4,10,2013-11-17T09:04:53.760004Z,5,4,5,8,2.7,-999,0.161151265,0.9,-999,1.897533207,1,1,0,0,2,1,2,6.9,0,6.9,0,5.8,0,39.72477256,253.9579527,394.7589718,-1,3
181,2382,7.1,1.9,126.52,45,2014-11-15T02:31:37.920005Z,0,14,0,34,0.3,-999,0.59013961,-999,-999,-999,5,0,0,11,0,29,0,0,0,0,0,6.8,0,0,85.12492474,133.823798,1,3
182,2390,7.1,-47.62,85.09,35,2015-12-04T22:24:57.600001Z,0,1,0,1,2.1,-999,inf,-999,-999,-999,-1,-1,3,0,0,0,0,0,0,0,0,5,0,0,5.997909005,133.823798,-1,2
183,2403,7.8,-4.95,94.33,24,2016-03-02T12:49:49.440001Z,0,3,0,4,2.1,-999,1.425449016,-999,-999,-999,1,1,0,0,0,0,0,0,0,0,0,5.7,0,0,85.12160189,394.7589718,-1,1
184,2438,7.8,26.97,65.52,15,2013-09-24T11:29:45.600004Z,0,5,0,12,1,-999,0.209801947,-999,-999,-999,1,1,3,2,0,2,0,0,0,0,0,6.8,0,0,289.5300563,394.7589718,1,3
185,2443,7.1,1.62,126.42,33,2019-11-14T16:17:36.960005Z,1,18,11,18,1,-999,4.873558239,1.7,-999,inf,1,1,0,15,1,15,10,6.6,0,5.4,0,6.1,0,128.9269774,23.38471476,133.823798,1,3
186,2458,7.2,38.23,72.75,33,2015-12-07T07:50:09.599997Z,0,0,0,6,-999,-999,-999,-999,-999,-999,1,-1,1,0,0,4,0,0,0,0,0,0,0,0,0,156.1879214,-1,1
187,2460,7.3,17.4,-100.96,24,2014-04-18T14:27:27.359998Z,0,3,0,6,0.8,-999,1.486399445,-999,-999,-999,1,1,0,2,0,2,0,0,0,0,0,6.5,0,0,115.791807,182.289452,1,3
188,2495,7.2,-0.59,128.03,19.4,2019-07-14T09:10:47.999995Z,0,2,0,5,1.9,-999,0.916464281,-999,-999,-999,1,-1,3,1,0,3,0,0,0,0,0,5.9,0,0,94.01338159,156.1879214,1,1
189,2498,7,35.77,-117.6,8,2019-07-06T03:19:52.319996Z,2,1,2,2,2,-999,inf,0.5,-999,2.732240437,1,1,3,1,2,2,2,6.5,0,6.5,0,5.1,0,11.22714961,18.6147779,114.6619326,-1,1
190,2499,7.2,55.1,164.7,16.6,2018-12-20T17:01:58.080001Z,0,8,0,16,1.1,-999,0.605326877,-999,-999,-999,1,1,0,4,0,9,0,0,0,0,0,6.4,0,0,127.0798631,156.1879214,-1,1
191,2502,7.5,-55.28,-31.88,10,2016-08-19T07:32:26.880002Z,0,22,0,37,1.4,-999,0.758131825,-999,-999,-999,1,1,0,4,0,4,0,0,0,0,0,6.1,0,0,242.1203426,248.307437,1,3
192,2510,7.8,-42.74,173.05,15.2,2016-11-13T11:02:58.559998Z,0,14,0,18,1.4,-999,0.688834001,-999,-999,-999,1,1,0,1,0,1,0,0,0,0,0,6.4,0,0,169.8562018,394.7589718,-1,3
193,2514,7.5,-6.07,142.75,25.2,2018-02-25T17:44:44.159997Z,0,26,0,36,0.8,-999,1.029006099,-999,-999,-999,1,1,1,9,0,10,0,0,0,0,0,6.7,0,0,100.5524258,248.307437,-1,3
194,2516,7.3,-60.86,-25.07,11,2013-07-15T14:03:41.759995Z,0,1,0,6,2.3,-999,inf,-999,-999,-999,1,-1,2,0,0,2,0,0,0,0,0,5.4,0,0,156.1512986,182.289452,1,1
195,2520,7.2,-22.48,173.12,16.4,2016-08-12T01:26:32.640000Z,0,10,2,13,1.7,-999,0.56753689,-999,-999,-999,1,1,1,4,0,5,1,5.8,0,0,0,5.7,0,14.08059443,76.05550828,156.1879214,1,1
196,2524,7,-16.04,167.38,24,2016-04-28T19:33:27.360000Z,0,7,0,12,1.2,-999,0.390280891,-999,-999,-999,1,1,3,7,0,12,0,0,0,0,0,6,0,0,46.42742963,114.6619326,1,3
197,2533,7.3,-30.64,-178.1,46,2019-06-15T22:55:03.360001Z,0,31,12,43,0.8,0.912754504,1.352949648,-999,-999,-999,1,1,3,15,0,19,6,6.4,0,0,0,6.5,0,180.7017684,9654.169685,182.289452,1,3
198,2536,7.6,-4.05,152.6,10,2019-05-14T12:58:27.839996Z,1,4,33,9,1.6,-999,0.255019095,2.5,-999,inf,1,1,0,2,0,3,14,7,0,5.1,0,6,0,316.1335906,247.7579972,289.8036301,1,1
199,2539,7.8,0.35,-79.93,21,2016-04-16T23:58:33.599996Z,0,15,0,28,1.7,-999,1.560175988,-999,-999,-999,1,1,3,5,0,9,0,0,0,0,0,6.9,0,0,334.2759809,394.7589718,1,3
200,2549,7.3,12.53,-88.12,40,2014-10-14T03:51:33.119996Z,0,0,0,3,-999,-999,-999,-999,-999,-999,1,-1,3,0,0,1,0,0,0,0,0,0,0,0,0,182.289452,-1,2
201,2550,7.1,-37.36,179.15,19,2016-09-01T16:37:55.199997Z,0,0,0,13,-999,-999,-999,-999,-999,-999,1,-1,3,0,0,6,0,0,0,0,0,0,0,0,0,133.823798,-1,2
202,2555,7.8,-10.68,161.32,40,2016-12-08T17:38:49.919995Z,0,37,0,59,0.9,0.900218254,1.372220327,-999,-999,-999,1,1,3,8,0,11,0,0,0,0,0,6.9,0,0,365.2283664,394.7589718,1,3
203,2556,8.1,-19.61,-70.77,25,2014-04-01T23:46:45.120003Z,20,32,23,64,0.4,0.789626331,1.077455589,1.4,-999,2.461811154,2,2,3,6,4,6,4,6.7,0,6.7,0,7.7,0,129.6333051,459.5332486,470.6906315,1,3
204,2559,7.1,52.65,-31.9,16.7,2015-02-13T18:59:11.040003Z,1,1,1,1,2.1,-999,inf,1.4,-999,inf,-1,-1,1,0,1,0,1,5.7,0,5.7,0,5,0,15.70363453,104.7348493,133.823798,-1,1
205,2561,8.2,15.02,-93.9,47.4,2017-09-08T04:49:17.760005Z,1,30,8,65,1.1,-999,1.420434369,2.8,-999,inf,1,1,3,1,0,2,2,6.8,0,5.4,0,7.2,0,475.3632556,626.8804816,549.3506571,-1,2
206,2569,7.6,-11.27,162.15,22.6,2014-04-12T20:14:38.399996Z,0,23,0,59,0.2,-999,1.161205634,-999,-999,-999,5,2,3,6,0,16,0,0,0,0,0,7.4,0,0,340.6763118,289.8036301,-1,1
207,2571,7,-2.63,138.53,48,2015-07-27T21:41:19.680002Z,0,0,0,4,-999,-999,-999,-999,-999,-999,1,-1,1,0,0,4,0,0,0,0,0,0,0,0,0,114.6619326,1,3
208,2574,8.3,-31.57,-71.67,22.4,2015-09-16T22:54:28.799999Z,0,44,1,92,1.2,0.746443641,1.525838691,-999,-999,-999,1,1,3,3,0,7,0,5.5,0,0,0,7.1,0,15.2154247,594.9934569,641.1560465,1,3
209,2578,7.1,-0.05,-17.83,10,2016-08-29T04:30:00.000000Z,0,0,0,2,-999,-999,-999,-999,-999,-999,-1,-1,3,0,0,0,0,0,0,0,0,0,0,0,0,133.823798,-1,1
210,2581,7,-61.03,-34.37,10,2006-08-20T03:41:45.599998Z,0,4,0,5,1.2,-999,0.236378679,-999,-999,-999,1,1,0,4,0,5,0,0,0,0,0,5.8,0,0,23.73656764,114.6619326,1,1
211,2595,7.7,-9.25,107.41,34,2006-07-17T08:19:32.160000Z,0,17,0,24,1.6,-999,0.656259168,-999,-999,-999,1,1,2,6,0,10,0,0,0,0,0,6.1,0,0,336.8700358,338.2345089,1,3
212,2598,7,-21.32,33.58,11,2006-02-22T22:19:12.000004Z,0,5,0,9,1.3,-999,0.1823174,-999,-999,-999,1,1,1,5,0,9,0,0,0,0,0,5.7,0,0,53.11698804,114.6619326,-1,2
213,2616,7.2,38.28,142.04,36,2005-08-16T02:46:27.840002Z,0,3,0,12,1.2,-999,0.473926162,-999,-999,-999,1,1,0,2,0,8,0,0,0,0,0,6.5,0,0,118.1546928,156.1879214,1,3
214,2625,7.6,34.54,73.59,26,2005-10-08T03:50:41.280004Z,0,18,0,22,1.2,-999,0.628432375,-999,-999,-999,1,1,0,5,0,5,0,0,0,0,0,6.4,0,0,61.53288651,289.8036301,1,3
215,2634,7.6,60.95,167.09,22,2006-04-20T23:25:00.479996Z,0,11,0,16,1,-999,0.398213109,-999,-999,-999,1,1,3,4,0,5,0,0,0,0,0,6.6,0,0,112.1551591,289.8036301,-1,3
216,2642,7.2,41.3,-125.97,10,2005-06-15T02:50:55.679999Z,0,1,0,4,0.6,-999,inf,-999,-999,-999,1,-1,3,1,0,1,0,0,0,0,0,6.6,0,0,77.52071292,156.1879214,-1,1
217,2647,7.7,-6.89,72.12,10,1983-11-30T17:46:01.919995Z,0,9,0,11,1.4,-999,0.321380364,-999,-999,-999,1,1,0,3,0,3,0,0,0,0,0,6.3,0,0,118.8861872,338.2345089,-1,2
218,2655,7,55.79,161.21,55,1983-08-17T10:55:55.200003Z,0,0,0,3,-999,-999,-999,-999,-999,-999,1,-1,3,0,0,3,0,0,0,0,0,0,0,0,0,114.6619326,-1,3
219,2666,8,-13.39,-76.6,39,2007-08-15T23:40:59.519996Z,0,12,2,19,1.6,-999,2.113643569,-999,-999,-999,1,1,0,3,0,3,2,6.7,0,0,0,6.4,0,11.64200402,356.2455436,537.7249613,1,3
220,2673,7.1,35.49,81.47,10,2008-03-20T22:33:01.440004Z,0,7,0,7,1.9,-999,0.251210295,-999,-999,-999,1,1,3,5,0,5,0,0,0,0,0,5.2,0,0,64.98336332,133.823798,-1,2
221,2685,8,-20.19,-174.12,55,2006-05-03T15:26:38.400001Z,0,24,3,65,2.1,-999,0.832885079,-999,-999,-999,1,1,3,0,0,1,1,6.1,0,0,0,6,0,47.8830627,403.4749446,537.7249613,-1,3
222,2688,8.1,-8.46,157.04,10,2007-04-01T20:39:59.039998Z,0,41,7,68,1.2,0.694193909,1.40458099,-999,-999,-999,1,1,3,5,0,7,1,6.7,0,0,0,6.9,0,321.155422,352.6906478,470.6906315,1,3
223,2692,8.3,46.57,153.29,38.9,2006-11-15T11:14:21.119996Z,1,31,15,75,1.6,1.165638869,1.123009375,2.4,-999,inf,2,1,3,2,0,3,2,6.6,0,5.9,0,8.1,0,203.4561367,614.8833329,641.1560465,1,3
224,2693,8.5,-4.44,101.37,34,2007-09-12T11:10:27.840000Z,0,36,1,106,0.6,0.65416742,1.240117811,-999,-999,-999,1,1,1,4,0,9,0,5.9,0,0,0,7.9,0,809.1045639,812.648899,873.3572508,1,3
225,2694,7.4,-49.27,164.12,10,2007-09-30T05:23:34.080002Z,0,7,0,9,0.8,-999,0.620793019,-999,-999,-999,1,1,3,2,0,3,0,0,0,0,0,6.6,0,0,154.6611287,212.7529709,1,3
226,2696,7.5,1.07,126.28,22,2007-01-21T11:27:44.639999Z,0,20,4,59,0.8,-999,0.675556997,-999,-999,-999,1,1,2,8,0,22,4,6.3,0,0,0,6.9,0,220.4693709,271.8161768,248.307437,1,3
227,2704,7.2,-11.61,165.76,35,2007-09-02T01:05:13.920000Z,3,12,4,22,0.9,-999,0.535984671,1.2,-999,0.161366668,1,1,3,6,1,12,2,6,0,6,0,6.6,0,61.19360408,152.3314949,156.1879214,1,3
228,2711,7.9,-13.8,97.45,10,2000-06-18T14:44:09.599995Z,0,2,0,2,2.2,-999,1.31604922,-999,-999,-999,-1,-1,3,0,0,0,0,0,0,0,0,5.7,0,0,65.86821516,460.7295875,-1,1
229,2712,7,1.27,126.25,35,2001-02-24T07:23:48.479997Z,0,6,2,19,0.8,-999,0.733057215,-999,-999,-999,1,1,0,6,0,19,2,5.7,0,0,0,6.2,0,3.145662269,90.26761079,114.6619326,1,3
230,2715,7.9,-4.72,102.09,33,2000-06-04T16:28:24.960001Z,0,17,2,57,1.2,-999,1.103007968,-999,-999,-999,1,1,3,3,0,8,1,6.4,0,0,0,7.3,0,454.092369,441.5495622,460.7295875,-1,0
231,2716,7,57.41,-154.49,66,1999-12-06T23:12:37.440001Z,0,1,0,9,0.6,-999,inf,-999,-999,-999,5,-1,1,1,0,9,0,0,0,0,0,6.9,0,0,85.32773645,114.6619326,-1,1
232,2722,7.3,-10.49,160.77,33,2003-01-20T08:43:09.119997Z,2,1,16,4,2.1,-999,inf,1.6,-999,0.126022356,1,1,0,0,1,2,13,6.3,0,5.7,0,5.3,0,92.817866,105.0051055,182.289452,-1,0
233,2726,7.6,-3.3,142.95,13,2002-09-08T18:44:21.119996Z,1,7,4,20,1.5,-999,0.843028157,2.2,-999,inf,1,1,3,3,0,7,2,6.7,0,5.4,0,6.2,0,78.37719566,254.7653609,289.8036301,1,3
234,2729,7.9,63.52,-147.44,4.9,2002-11-03T22:12:43.200001Z,1,4,2,5,2.7,-999,0.172901943,1.3,-999,inf,1,1,0,0,1,0,1,6.6,0,6.6,0,5.2,0,23.34055543,319.4868381,460.7295875,-1,1
235,2730,7,38.85,141.57,68,2003-05-26T09:24:37.440005Z,0,0,3,4,-999,-999,-999,-999,-999,-999,1,-1,3,0,0,4,3,0,0,0,0,0,0,0,0,114.6619326,-1,3
236,2735,8,-3.98,152.17,33,2000-11-16T04:54:54.719996Z,2,48,6,113,0.2,0.580672288,1.748907843,1.1,-999,0.18022077,3,3,3,10,1,24,4,6.9,0,6.9,0,7.8,0,251.4719423,585.0014909,537.7249613,1,3
237,2737,7.5,6.03,124.25,31,2002-03-05T21:16:07.679996Z,0,4,0,10,1.7,-999,1.827735892,-999,-999,-999,1,1,3,1,0,6,0,0,0,0,0,6.3,0,0,233.3821843,248.307437,1,3
238,2743,7.1,13.53,121.09,33,1994-11-14T19:15:27.360004Z,0,3,0,4,1.6,-999,0.32693628,-999,-999,-999,1,1,1,2,0,3,0,0,0,0,0,5.5,0,0,82.22416644,133.823798,1,1
239,2749,7.2,7.17,126.86,33,1992-05-17T10:15:27.360004Z,1,1,1,12,2,-999,inf,0.1,-999,inf,3,-1,3,1,1,10,1,7.1,0,7.1,0,7,0,15.73386661,157.7702344,156.1879214,1,3
240,2751,8.2,-0.95,137.03,33,1996-02-17T05:59:25.439998Z,0,15,0,27,1.7,-999,0.748525405,-999,-999,-999,1,1,3,4,0,5,0,0,0,0,0,6.5,0,0,376.9870727,549.3506571,1,3
241,2753,7,-2.77,-77.88,27,1995-10-03T01:51:27.359996Z,0,6,0,7,0.6,-999,0.233490291,-999,-999,-999,1,1,3,6,0,7,0,0,0,0,0,6.4,0,0,49.73347082,114.6619326,-1,3
242,2754,7.1,27.92,130.34,27,1995-10-18T10:37:29.280001Z,0,9,0,10,0.4,-999,0.6689709,-999,-999,-999,0,0,3,8,0,9,0,0,0,0,0,6.7,0,0,86.07760804,133.823798,-1,2
243,2755,7,52.56,142.81,33,1995-05-27T13:03:56.160001Z,0,3,0,6,1.9,-999,0.178422743,-999,-999,-999,1,1,0,3,0,6,0,0,0,0,0,5.6,0,0,79.26680083,114.6619326,-1,1
244,2756,7.7,-23.01,169.89,33,1995-05-16T20:12:46.079996Z,0,9,1,24,1.3,-999,1.825520781,-999,-999,-999,1,1,2,3,0,8,1,6.1,0,0,0,6.4,0,86.14194567,310.1644515,338.2345089,-1,2
245,2759,7.6,1.16,122.84,28,1990-04-18T13:39:21.600002Z,0,9,0,38,1.1,-999,0.333344445,-999,-999,-999,2,1,3,5,0,19,0,0,0,0,0,7.5,0,0,289.2218537,289.8036301,1,3
246,2764,7.7,15.66,121.23,25,1990-07-16T07:26:32.640000Z,0,12,0,17,1.2,-999,0.460502331,-999,-999,-999,1,1,0,4,0,5,0,0,0,0,0,6.5,0,0,211.8288419,338.2345089,-1,1
247,2766,7.4,15.23,147.53,32,1990-04-05T21:12:40.319996Z,0,2,0,8,1.2,-999,6.242197254,-999,-999,-999,1,-1,3,1,0,2,0,0,0,0,0,6.2,0,0,70.41238002,212.7529709,-1,2
248,2773,7.2,42.08,73.56,22,1992-08-19T02:04:33.599998Z,0,0,0,2,-999,-999,-999,-999,-999,-999,-1,-1,3,0,0,1,0,0,0,0,0,0,0,0,0,156.1879214,-1,3
249,2776,8.3,43.71,147.33,33,1994-10-04T13:22:56.639995Z,0,23,2,150,1,-999,1.110102902,-999,-999,-999,5,1,0,1,0,10,1,6.4,0,0,0,7.9,0,458.9832248,731.014048,641.1560465,1,3
250,2783,7.2,13.42,124.6,21,1988-02-24T03:51:59.040002Z,0,1,0,4,1.6,-999,inf,-999,-999,-999,1,-1,3,1,0,3,0,0,0,0,0,6.6,0,0,122.47288,156.1879214,1,3
251,2784,7.7,-2.07,124.89,33,1998-11-29T14:10:27.840000Z,1,8,5,23,1.1,-999,0.307770434,2.2,-999,inf,1,1,3,3,0,8,1,6.5,0,5.5,0,6.6,0,455.6894523,445.0742091,338.2345089,-1,0
252,2785,7.1,5.4,121.94,33,1999-03-04T08:52:04.800003Z,0,3,0,3,1.2,-999,0.538522295,-999,-999,-999,1,1,2,2,0,2,0,0,0,0,0,5.9,0,0,29.8551115,133.823798,-1,3
253,2790,7.2,33.83,59.81,10,1997-05-10T07:57:30.240003Z,0,0,0,3,-999,-999,-999,-999,-999,-999,1,-1,3,0,0,2,0,0,0,0,0,0,0,0,0,156.1879214,-1,1
254,2793,7.1,29.98,68.21,33,1997-02-27T21:08:03.840003Z,0,2,0,6,1.2,-999,0.126388696,-999,-999,-999,1,-1,3,2,0,5,0,0,0,0,0,5.9,0,0,83.78613696,133.823798,1,3
255,2795,7.9,51.56,-177.63,33,1996-06-10T04:03:38.880000Z,2,22,4,75,0.7,-999,1.10894363,1.4,-999,4.491354143,1,1,3,5,1,11,1,6.5,0,6.5,0,7.2,0,56.30594008,3476.683944,460.7295875,1,3
256,2801,7.1,-14.04,166.51,33,1985-12-21T01:13:17.760003Z,7,7,7,13,0.6,-999,0.327011118,0.1,-999,0.383877159,5,5,1,7,7,12,7,7,0,7,0,6.5,0,51.08219344,127.0969071,133.823798,1,3
257,2806,7.9,51.41,-174.83,33,1986-05-07T22:47:08.160004Z,2,3,2,19,1.5,-999,0.764564963,1.7,-999,0.07651168,1,1,3,1,2,4,2,6.2,0,6.2,0,6.9,0,560.0665749,6180.325023,460.7295875,1,3
258,2821,9,3.3,95.78,10,2004-12-26T00:58:53.760002Z,1,159,3,561,1.8,0.998594687,5.377435065,3.7,-999,inf,2,1,1,1,0,3,0,6.1,0,5.3,0,8.6,0,419.200384,1793.860711,1260.872408,1,3
259,2838,7.3,50.04,87.81,16,2003-09-27T11:33:21.599999Z,0,6,0,8,0.7,-999,0.237800818,-999,-999,-999,1,1,0,2,0,2,0,0,0,0,0,6.6,0,0,39.83097708,182.289452,-1,1
260,2839,7.3,-6.25,149.09,24,1987-10-16T20:48:02.880001Z,1,1,19,13,1.8,-999,inf,2.3,-999,inf,2,-1,3,1,0,10,18,7.3,0,5,0,6.7,0,269.5511459,184.9890671,182.289452,1,3
261,2841,7.5,-1.76,134.3,10,2002-10-10T10:50:18.240003Z,4,3,5,14,1.6,-999,3.218538783,1.1,-999,2.784739627,1,1,0,2,3,8,3,6.4,0,6.4,0,6.2,0,32.31826154,279.0491487,248.307437,1,1
262,2843,7.8,58.68,-142.79,10,1987-11-30T19:23:13.919996Z,4,4,4,9,2,-999,0.283087637,0.7,-999,3.398181973,2,1,0,1,2,3,2,7.1,0,7.1,0,7.7,0,64.94883666,288.144293,394.7589718,-1,1
263,2845,7.5,-2.6,68.38,10,2003-07-15T20:27:53.280004Z,0,3,0,5,1.9,-999,0.435091587,-999,-999,-999,1,1,3,1,0,2,0,0,0,0,0,5.6,0,0,226.2999871,248.307437,1,1
264,2849,7.3,-4,135.02,10,2004-02-07T02:42:34.559996Z,3,8,3,25,0.6,-999,2.174917761,0.3,-999,3.806623525,5,0,1,6,2,17,2,7,0,7,0,7.1,0,77.75183333,170.7537044,182.289452,-1,1
265,2850,7.4,33.18,137.07,10,2004-09-05T14:57:15.839997Z,1,7,1,8,0.8,-999,1.653829797,0.2,-999,inf,2,2,0,6,1,7,1,7.2,0,7.2,0,6.6,0,43.66784445,137.2692735,212.7529709,-1,3
266,2853,7.7,-28.1,-176.43,33,1986-10-20T06:46:13.439996Z,0,23,1,47,1.6,-999,0.777244971,-999,-999,-999,1,1,1,8,0,14,0,5.2,0,0,0,6.5,0,106.7851877,318.0274882,338.2345089,-1,1
267,2866,8.3,41.81,143.91,27,2003-09-25T19:50:09.599997Z,0,29,3,74,1,-999,1.313947324,-999,-999,-999,1,1,3,3,0,6,0,5.9,0,0,0,7.3,0,381.486429,622.7704599,641.1560465,1,3
268,2867,7.3,-22.01,169.77,10,2003-12-27T16:01:03.360003Z,7,25,7,49,0.2,-999,0.891930173,0.6,-999,4.83492195,5,5,3,18,7,31,7,6.7,0,6.7,0,7.1,0,55.5197866,159.8691715,182.289452,1,3
269,2871,7.8,51.15,178.65,33,2003-11-17T06:43:03.359997Z,1,9,14,34,2.1,-999,0.311776851,2.2,-999,inf,1,1,0,0,0,4,6,7,0,5.6,0,6.6,0,1489.049187,8220.122119,394.7589718,1,3
270,2881,7.1,38.72,43.51,16,2011-10-23T10:41:22.559997Z,0,8,0,10,1.1,-999,0.360931022,-999,-999,-999,1,1,3,7,0,9,0,0,0,0,0,6,0,0,112.4320495,133.823798,1,3
271,2890,7.5,16.5,-98.22,20,2012-03-20T18:02:44.160003Z,0,6,0,11,1.4,-999,0.260160345,-999,-999,-999,1,1,2,1,0,2,0,0,0,0,0,6.1,0,0,36.36928932,248.307437,1,3
272,2900,7,-43.53,171.81,12,2010-09-03T16:35:45.599996Z,0,0,0,14,-999,-999,-999,-999,-999,-999,1,-1,0,0,0,14,0,0,0,0,0,0,0,0,0,114.6619326,1,1
273,2905,7,-4.96,133.76,26,2010-09-29T17:11:28.319997Z,1,3,1,6,1.1,-999,0.24223437,1,-999,inf,1,1,0,3,1,6,1,6,0,6,0,6,0,42.77576676,51.72822347,114.6619326,-1,2
274,2912,7.3,52.07,-171.84,52,2011-06-24T03:09:38.880002Z,0,5,0,14,1.5,-999,7.157171486,-999,-999,-999,2,1,1,4,0,9,0,0,0,0,0,6.9,0,0,111.1212479,182.289452,-1,2
275,2928,7.8,54.47,168.82,11,2017-07-17T23:34:13.440002Z,2,4,7,10,2.2,-999,0.189627382,1.5,-999,161.2903225,1,1,0,0,1,1,4,6.7,0,6.3,0,6.2,0,296.077598,316.1611535,394.7589718,1,1
276,2933,7.9,56,-149.17,14.1,2018-01-23T09:31:40.800000Z,0,8,0,17,2.4,-999,0.623339385,-999,-999,-999,1,1,3,0,0,0,0,0,0,0,0,5.6,0,0,424.2365391,460.7295875,-1,1
277,2937,7,-3.52,138.48,66,2013-04-06T04:42:31.680001Z,0,3,2,4,1.4,-999,0.403247486,-999,-999,-999,1,1,3,3,0,4,2,5.6,0,0,0,5.6,0,121.2056887,110.0273599,114.6619326,-1,0
278,2940,7.5,-21.95,169.43,10,2018-12-05T04:18:11.519997Z,5,13,87,30,0.8,-999,0.716517943,2.3,-999,0.298482515,1,1,1,2,0,9,24,7,0,5.2,0,6.7,0,170.4484716,243.9612776,248.307437,-1,2
279,2941,7.1,61.35,-149.96,46.7,2018-11-30T17:29:28.320004Z,0,2,0,5,2,-999,57.97101458,-999,-999,-999,1,-1,1,1,0,2,0,0,0,0,0,5.2,0,0,64.22181124,133.823798,-1,2
280,2944,7.5,-4.73,152.56,41,2015-03-29T23:48:28.799997Z,1,13,102,93,1.5,-999,0.610669811,1.9,-999,inf,4,1,0,5,1,27,34,7.5,0,5.6,0,7.5,0,497.4062609,391.4060478,248.307437,1,3
281,2948,8.6,2.33,93.06,20,2012-04-11T08:38:32.640004Z,0,29,3,56,0.4,-999,1.223530603,-999,-999,-999,2,2,0,1,0,1,1,7.2,0,0,0,8.2,0,44.71340734,974.4890148,1019.309388,-1,1
282,2959,7.6,-29.54,-176.34,17,2011-07-06T19:03:21.599999Z,0,39,0,78,1.6,1.140571367,1.323011581,-999,-999,-999,2,1,3,7,0,13,0,0,0,0,0,7.4,0,0,268.3590403,289.8036301,-1,2
283,2971,7.6,10.1,-85.31,35,2012-09-05T14:42:08.639999Z,3,5,4,28,2,-999,0.501962674,0.3,-999,2.546689304,2,2,3,1,1,5,2,7.3,0,7.3,0,6.4,0,449.02373,605.7177477,289.8036301,1,3
284,2973,7.6,10.81,126.64,28,2012-08-31T12:47:31.200005Z,0,20,0,34,2,-999,1.256084158,-999,-999,-999,1,1,3,1,0,2,0,0,0,0,0,6.1,0,0,232.6574077,289.8036301,-1,3
285,2975,7.8,52.79,-132.1,14,2012-10-28T03:04:10.559997Z,0,18,0,27,1.4,-999,1.159211221,-999,-999,-999,2,1,3,3,0,7,0,0,0,0,0,7.5,0,0,350.8256917,394.7589718,1,3
286,2976,7.4,13.96,-91.85,24,2012-11-07T16:35:45.599996Z,1,11,3,31,1,-999,0.422222734,2.4,-999,inf,1,1,3,4,0,13,2,6,0,5,0,6.9,0,122.4954769,191.5974251,212.7529709,1,3
287,2977,7.9,-10.8,165.11,24,2013-02-06T01:12:25.920000Z,24,81,27,116,0.8,0.772290956,3.293057746,1.5,-999,2.821902668,1,1,2,16,7,18,8,6.4,0,6.4,0,7.1,0,344.1128279,453.6555959,460.7295875,1,3
288,2983,7.3,16.72,-86.23,10,2009-05-28T08:24:43.199995Z,0,4,0,6,1.9,-999,0.298797341,-999,-999,-999,1,1,2,1,0,1,0,0,0,0,0,5.4,0,0,163.3706418,182.289452,1,1
289,2994,7.4,46.86,155.15,36,2009-01-15T17:49:37.920001Z,0,1,0,7,2.3,-999,inf,-999,-999,-999,1,-1,3,0,0,3,0,0,0,0,0,6,0,0,186.6562942,212.7529709,-1,3
290,3022,7.2,51.36,-179.52,29.4,2007-12-19T09:30:23.040001Z,2,16,12,73,0.6,-999,0.537354536,2,-999,0.430607587,1,1,2,13,2,47,8,6.7,0,5.2,0,6.6,0,797.578474,8394.598866,156.1879214,1,3
291,3024,7.3,-20.07,168.89,33,2008-04-09T12:46:13.439996Z,4,21,4,36,0.9,-999,0.780297851,1,-999,1.486270576,1,1,3,15,2,20,2,6.3,0,6.3,0,6.4,0,33.44952271,163.1912945,182.289452,1,3
292,3025,7.9,31,103.32,19,2008-05-12T06:28:04.800005Z,0,14,0,21,1.8,-999,0.940001074,-999,-999,-999,1,1,1,2,0,3,0,0,0,0,0,6.1,0,0,304.3837398,460.7295875,-1,3
293,3027,7,-27.42,-176.33,25,2009-02-18T21:53:42.719997Z,0,3,0,3,1.7,-999,0.183172549,-999,-999,-999,1,1,3,3,0,3,0,0,0,0,0,5.3,0,0,58.85504522,114.6619326,1,3
294,3032,7.1,3.88,126.4,22,2009-02-11T17:34:48.000004Z,0,31,1,47,0.9,1.000976129,1.850823617,-999,-999,-999,1,1,3,23,0,36,1,5.2,0,0,0,6.3,0,40.13802313,131.5459224,133.823798,1,3
295,3042,7,-29.76,-177.68,36,2008-09-29T15:19:35.039995Z,0,5,0,16,0.9,-999,0.481282908,-999,-999,-999,1,1,2,5,0,16,0,0,0,0,0,6.4,0,0,96.05761987,114.6619326,-1,3
296,3044,7.7,-0.41,132.88,17,2009-01-03T19:43:49.439999Z,0,22,0,36,0.3,-999,0.808897877,-999,-999,-999,2,2,2,4,0,6,0,0,0,0,0,7.4,0,0,199.1049046,338.2345089,1,3
297,3053,7.8,2.38,97.05,31,2010-04-06T22:15:01.439998Z,1,0,1,22,-999,-999,-999,2,-999,inf,1,-1,3,0,1,6,1,0,0,0,0,0,0,0,0,394.7589718,1,3
298,3054,7.8,-3.49,100.08,20.1,2010-10-25T14:42:25.920000Z,0,7,4,22,1.5,-999,0.477740696,-999,-999,-999,1,1,3,2,0,5,2,6.7,0,0,0,6.3,0,129.2131468,332.5687703,394.7589718,1,3
299,3060,7,25.93,128.43,25,2010-02-26T20:31:29.279999Z,0,0,0,3,-999,-999,-999,-999,-999,-999,1,-1,0,0,0,3,0,0,0,0,0,0,0,0,0,114.6619326,-1,1
300,3062,9.1,38.32,142.37,24.4,2011-03-11T05:46:19.199996Z,12,204,44,451,1.2,0.915248702,6.967403481,1.8,-999,0.523827608,1,1,1,3,1,3,2,7.4,0,7.3,0,7.9,0,1548.722802,2119.018874,1471.584602,1,3
301,3067,7.8,-45.76,166.56,12,2009-07-15T09:22:27.840004Z,0,9,0,15,1.7,-999,0.442821858,-999,-999,-999,1,1,1,1,0,1,0,0,0,0,0,6.1,0,0,359.8312751,394.7589718,1,3
302,3070,7.6,-23.05,-174.66,34,2009-03-19T18:17:42.719995Z,1,8,5,49,2,-999,0.469582776,2.6,-999,inf,1,1,3,1,0,16,3,6.9,0,5,0,6.7,0,158.0373765,322.9609982,289.8036301,1,3
303,3077,7.1,-8.8,157.35,25,2010-01-03T22:36:28.800003Z,1,17,2,20,0.3,-999,0.832623155,0.5,-999,inf,5,5,3,13,1,15,2,6.6,0,6.6,0,6.8,0,71.74654163,105.1336641,133.823798,1,3
304,3080,7.1,36.2,1.35,10,1980-10-10T12:25:20.640002Z,0,3,0,8,0.9,-999,0.104612724,-999,-999,-999,1,1,3,3,0,7,0,0,0,0,0,6.2,0,0,38.52899373,133.823798,-1,3
305,3082,7.3,-5.93,150.59,35,2010-07-18T13:35:02.399999Z,2,13,3,38,0.4,-999,0.493997925,0.4,-999,0.082258151,5,3,2,7,2,24,3,6.9,0,6.9,0,6.9,0,133.0048236,179.2542108,182.289452,1,3
306,3083,7.3,-17.54,168.07,25,2010-08-10T05:23:42.719997Z,0,11,0,119,1.4,-999,0.470656694,-999,-999,-999,4,1,1,5,0,55,0,0,0,0,0,7.3,0,0,358.6725202,182.289452,1,3
307,3088,7.2,32.3,-115.27,6,2010-04-04T22:40:39.360000Z,0,3,1,8,1.8,-999,0.9289939,-999,-999,-999,1,1,0,1,0,3,1,5.9,0,0,0,5.8,0,18.1865453,75.48273747,156.1879214,1,1
308,3090,7.5,7.88,91.94,35,2010-06-12T19:26:49.920001Z,0,5,2,7,2,-999,0.415154811,-999,-999,-999,1,1,2,1,0,3,1,6,0,0,0,5.8,0,22.67811315,233.8200494,248.307437,-1,0
309,3091,7.5,14.1,92.89,4.7,2009-08-10T19:55:37.920003Z,0,2,0,10,1.6,-999,1.399286364,-999,-999,-999,1,-1,3,1,0,3,0,0,0,0,0,6.6,0,0,102.4143172,248.307437,-1,2
310,3093,7.8,-12.52,166.38,35,2009-10-07T22:18:54.720004Z,1,44,4,83,0.4,0.83445228,2.240474166,0.2,-999,inf,5,3,3,9,1,16,3,7.6,0,7.6,0,7.4,0,157.9851973,350.6324192,394.7589718,1,3
311,3094,8.1,-15.49,-172.1,18,2009-09-29T17:48:11.519997Z,0,38,14,92,1.9,1.146054883,1.32649143,-999,-999,-999,1,1,3,2,0,4,1,6.6,0,0,0,6.2,0,177.6185015,461.1241754,470.6906315,-1,2
312,3096,8.8,-35.85,-72.71,44.8,2010-02-27T06:34:16.319997Z,0,89,0,192,1.4,0.833920364,3.009735989,-999,-999,-999,1,1,1,3,0,4,0,0,0,0,0,7.4,0,0,8959.263483,1388.462683,1,3