,Unnamed: 0.1,Unnamed: 0,cid,m0,lat0,lon0,depth0,ot0,nf,na,nf_all,na_all,dm_a,b_a,rate_a,dm_f,b_f,rate_f,c_type,c_type60,na_apr,nf_apr,na_all_apr,nf_all_apr,MmaxFS,dtmaxFS,MmaxFS60,dtmaxFS60,MmaxAS,dtmaxAS,RmaxFS,RmaxAS,Rpred,InterIntra,fstyle
0,0,0,1,9.1,38.297,142.373,29.0,2011-03-11T05:46:24.119965Z,41,568,41,622,1.1999999999999993,0.9882983402285552,19.3896799227266,1.7999999999999998,1.1377682912481355,1.4028570500475637,1,1,3,1,3,1,7.3,-434559.130065,7.3,-434559.130065,7.9,3510.870044,1245.1834350622375,1340.8702697054239,1471.5846019280557,1.0,3.0
1,1,1,2,9.1,3.295,95.982,30.0,2004-12-26T00:58:53.449996Z,3,310,3,479,1.9,1.050166063884617,10.439121058213376,3.6999999999999993,-999.0,0.2181510089445137,1,1,1,0,1,0,5.4,2427378.129963,5.4,2427378.129963,7.2,13278.009974,703.9764951088036,1314.6510293462154,1471.5846019280557,1.0,3.0
2,2,2,3,8.8,-36.122,-72.898,22.9,2010-02-27T06:34:11.529981Z,2,310,2,326,1.4000000000000004,1.280982772502456,10.465157332222448,3.500000000000001,-999.0,0.1000968494925395,1,1,3,0,3,0,5.3,2421842.230016,5.3,2421842.230016,7.4,5942.970008,1359.915647131394,1303.007695522244,1388.4626834569187,1.0,3.0
3,3,3,4,8.6,2.085,97.108,30.0,2005-03-28T16:09:36.530032Z,11,140,11,166,1.9,1.208771917822173,4.7497580955197805,2.8,-999.0,0.4970095545982851,1,1,1,0,3,0,5.8,-27308.259996,5.8,-27308.259996,6.9,3932035.819948,987.6317502417086,1000.9112560620206,1019.3093880125635,1.0,3.0
4,4,4,5,8.6,2.327,93.063,20.0,2012-04-11T08:38:36.719976Z,2,75,2,79,0.4000000000000003,1.1822898781395226,3.2173560550046254,3.3999999999999995,-999.0,0.123599684596021,2,2,1,0,1,0,5.2,988584.759932,5.2,988584.759932,8.2,10524.610023,917.1437541683518,974.4730273328084,1019.3093880125635,-1.0,1.0
5,5,5,6,8.4,-4.438,101.367,34.0,2007-09-12T11:10:26.829987Z,6,90,6,106,0.5,1.1010282639800764,3.045945967941502,3.2,-999.0,0.2592764048690578,1,1,5,0,6,0,5.2,-154369.700027,5.2,-154369.700027,7.9,47123.460031,729.3422649478887,650.0954666418021,748.3036028766184,1.0,3.0
6,6,6,7,8.4,-16.265,-73.641,33.0,2001-06-23T20:33:14.130024Z,0,62,0,71,0.8000000000000007,1.0727592780080335,4.421401454998629,-999.0,-999.0,-999.0,1,1,3,0,4,0,0.0,0.0,0.0,0.0,7.6,1171511.309954,0.0,583.8565860732807,748.3036028766184,1.0,3.0
7,7,7,8,8.3,43.773,147.321,14.0,1994-10-04T13:22:55.840019Z,3,144,3,160,1.0000000000000009,1.2894516576096555,4.816064883725273,3.1000000000000005,-999.0,0.1954358431874701,1,1,1,0,1,0,5.2,1077997.129974,5.2,1077997.129974,7.3,415559.28995,395.90134442107455,445.5620119904788,641.1560464814495,1.0,3.0
8,8,8,9,8.3,-11.164,118.378,25.0,1977-08-19T06:08:55.509960Z,1,94,1,144,2.200000000000001,1.0915422807194033,3.273963980460283,2.200000000000001,-999.0,inf,1,1,0,0,0,0,6.1,-300923.690033,6.1,-300923.690033,6.3,4264181.090011,2.378492064552155,534.710884928263,641.1560464814495,-1.0,2.0
9,9,9,10,8.3,-31.5729,-71.6744,22.44,2015-09-16T22:54:32.860026Z,3,90,3,101,1.3000000000000007,0.8515578076534353,3.5729756169710045,2.6000000000000005,-999.0,0.1548179276377686,1,1,6,0,9,0,5.7,2072668.440046,5.7,2072668.440046,7.0,2219.94,588.4275294814745,242.12336364794984,641.1560464814495,1.0,3.0
10,10,10,11,8.3,46.592,153.266,10.0,2006-11-15T11:14:13.570027Z,9,93,9,123,1.6000000000000003,1.1827053240703491,3.209720544658068,2.4000000000000004,-999.0,0.3073799227530867,2,1,3,0,4,0,5.9,-228083.129934,5.9,-228083.129934,8.1,5091826.149955,287.8264656420095,597.17341332848,641.1560464814495,1.0,3.0
11,11,11,12,8.2,41.815,143.91,27.0,2003-09-25T19:50:06.360003Z,2,46,2,60,0.7999999999999989,0.8088075371477569,2.079869304882987,2.7,-999.0,0.1143635866610936,1,1,3,0,4,0,5.5,2281406.390007,5.5,2281406.390007,7.4,9014.179994,425.62430046873527,506.0061106380138,549.3506570855053,1.0,3.0
12,12,12,13,8.2,0.802,92.463,25.1,2012-04-11T10:43:10.849955Z,0,0,0,0,-999.0,-999.0,-999.0,-999.0,-999.0,-999.0,-1,-1,0,0,0,0,0.0,0.0,0.0,0.0,0.0,0.0,0.0,0.0,549.3506570855053,-1.0,1.0
13,13,13,14,8.2,15.0222,-93.8993,47.39,2017-09-08T04:49:19.179983Z,3,39,3,43,2.1,1.3389316042867028,1.858884772744252,2.8999999999999995,-999.0,0.2922950648787225,1,1,0,0,0,0,5.3,1522187.329998,5.3,1522187.329998,6.1,332590.480009,291.05845261899714,225.20807294694808,549.3506570855053,-1.0,2.0
14,14,14,15,8.2,-19.6097,-70.7691,25.0,2014-04-01T23:46:47.260043Z,25,58,25,64,0.4999999999999991,0.9294863450327906,2.585017795667526,1.4999999999999991,-999.0,3.0772601291267465,1,1,6,4,6,4,6.7,1391417.660019,6.7,1391417.660019,7.7,-901908.860031,64.90010597159763,206.3757204836786,549.3506570855053,1.0,3.0
15,15,15,16,8.1,-15.489,-172.095,18.0,2009-09-29T17:48:10.990025Z,0,94,0,101,1.7999999999999998,1.329761605827545,3.142303008154068,-999.0,-999.0,-999.0,1,1,2,0,2,0,0.0,0.0,0.0,0.0,6.3,1497548.180018,0.0,436.7426521461513,470.69063154972355,-1.0,2.0
16,16,16,17,8.1,-49.312,161.345,10.0,2004-12-23T14:59:04.409978Z,0,6,0,6,2.0,-999.0,0.5399006807486675,-999.0,-999.0,-999.0,1,1,1,0,1,0,0.0,0.0,0.0,0.0,6.1,-0.0,0.0,154.3893289703474,470.69063154972355,1.0,1.0
17,17,17,18,8.1,46.243,154.524,10.0,2007-01-13T04:23:21.159979Z,0,6,0,9,2.7,-999.0,0.243442113708634,-999.0,-999.0,-999.0,4,4,0,0,0,0,0.0,0.0,0.0,0.0,5.4,889888.300005,0.0,399.7390931319029,470.69063154972355,-1.0,2.0
18,18,18,19,8.1,-0.891,136.952,33.0,1996-02-17T05:59:30.550039Z,1,36,1,37,1.5999999999999996,0.8833108106506824,1.7663554468132436,3.0,-999.0,inf,1,1,4,0,4,0,5.1,932596.960063,5.1,932596.960063,6.5,57494.399966,306.340983588769,414.449939492027,470.69063154972355,1.0,3.0
19,19,19,20,8.1,-62.877,149.527,10.0,1998-03-25T03:12:25.069968Z,0,7,0,7,1.6999999999999993,-999.0,0.2883032400899829,-999.0,-999.0,-999.0,1,1,1,0,1,0,0.0,0.0,0.0,0.0,6.4,32697.43001,0.0,190.49725771668702,470.69063154972355,-1.0,1.0
20,20,20,21,8.1,-8.466,157.043,24.0,2007-04-01T20:39:58.710036Z,1,93,1,103,1.1999999999999993,0.951457875547761,3.184093090110544,2.8,-999.0,inf,1,1,8,0,8,0,5.3,554474.880057,5.3,554474.880057,6.9,2123.989948,21.204719516602896,308.7824922777004,470.69063154972355,1.0,3.0
21,21,21,22,8.0,-28.427,-177.657,33.0,1976-01-14T16:47:33.499999Z,13,56,13,60,1.7000000000000002,0.9767265456458676,2.118169833674354,1.7000000000000002,-999.0,0.9557397695695856,1,1,5,2,6,2,6.3,-352806.799997,6.3,-352806.799997,6.3,51281.699958,203.39051608095056,472.6642851295799,537.7249613305888,1.0,3.0
22,22,22,23,8.0,51.52,-174.776,33.0,1986-05-07T22:47:10.870027Z,3,86,3,94,1.5,1.193269183504144,2.976066837786401,1.7000000000000002,-999.0,107.90693060632088,1,1,3,1,4,1,6.3,-3904.130011,6.3,-3904.130011,6.5,0.0,22.30540590665758,532.9623944728357,537.7249613305888,1.0,3.0
23,23,23,24,8.0,-52.341,160.568,10.0,1989-05-23T10:54:46.320021Z,1,22,1,24,2.0,-999.0,0.7612820046457885,2.5,-999.0,inf,1,1,2,0,3,0,5.5,1192836.670014,5.5,1192836.670014,6.4,1646823.390014,107.62936673122049,291.4135899895448,537.7249613305888,1.0,1.0
24,24,24,25,8.0,-23.34,-70.294,45.6,1995-07-30T05:11:23.630031Z,0,26,0,26,1.5999999999999996,-999.0,2.2546720536274028,-999.0,-999.0,-999.0,1,1,4,0,4,0,0.0,0.0,0.0,0.0,6.4,333956.269966,0.0,186.11262123554593,537.7249613305888,1.0,3.0
25,25,25,26,8.0,-33.135,-71.871,33.0,1985-03-03T22:47:07.280014Z,8,59,8,64,0.5999999999999996,0.759211094290129,2.778644302326573,2.3,-999.0,0.3638025399550403,1,1,11,0,13,0,5.7,878036.169974,5.7,878036.169974,7.4,16247.199976,413.9825673603079,232.33138585860326,537.7249613305888,1.0,3.0
26,26,26,27,8.0,-10.799,165.114,24.0,2013-02-06T01:12:25.829968Z,23,184,23,188,0.9000000000000004,1.203466636599373,7.479111393149345,1.5999999999999996,-999.0,0.8729674902281813,1,1,11,7,11,7,6.4,356032.759998,6.4,356032.759998,7.1,317678.690021,342.3567437326561,248.53099234500124,537.7249613305888,1.0,3.0
27,27,27,28,8.0,-13.386,-76.603,39.0,2007-08-15T23:40:57.889981Z,1,34,1,37,1.5999999999999996,1.0113707112815449,1.6621623929289964,3.0,-999.0,inf,1,1,3,0,3,0,5.0,1589339.719994,5.0,1589339.719994,6.4,36174.420022,301.8632720201272,427.3140621901556,537.7249613305888,1.0,3.0
28,28,28,29,8.0,18.19,-102.533,27.9,1985-09-19T13:17:47.350031Z,0,4,0,5,0.4000000000000003,-999.0,0.476692252328814,-999.0,-999.0,-999.0,2,2,1,0,1,0,0.0,0.0,0.0,0.0,7.6,498369.709933,0.0,175.69027164831064,537.7249613305888,1.0,3.0
29,29,29,30,8.0,-3.98,152.169,33.0,2000-11-16T04:54:56.740031Z,5,171,5,182,0.2000000000000001,1.0166236332026843,6.206789590159647,1.0,-999.0,0.2525778153213587,3,3,14,2,16,2,7.0,1541867.970071,7.0,1541867.970071,7.8,156630.729978,241.26318922731565,495.65803427261187,537.7249613305888,1.0,3.0
30,30,30,31,8.0,19.055,-104.205,33.0,1995-10-09T15:35:53.910013Z,1,4,1,5,2.0,-999.0,0.4466544476713148,2.2,-999.0,inf,1,1,1,0,1,0,5.8,296548.640006,5.8,296548.640006,6.0,614527.629977,25.996537987217817,123.36179663726492,537.7249613305888,1.0,3.0
31,31,31,32,8.0,-20.187,-174.123,55.0,2006-05-03T15:26:40.290002Z,5,39,5,47,2.0,1.33893160428671,1.3163104165879769,2.0,-999.0,0.184196012802941,1,1,2,1,2,1,6.0,244401.350023,6.0,244401.350023,6.0,139779.999994,536.8787699992318,539.7476220911035,537.7249613305888,-1.0,3.0
32,32,32,33,7.9,36.281,141.111,42.6,2011-03-11T06:15:40.279963Z,0,0,0,0,-999.0,-999.0,-999.0,-999.0,-999.0,-999.0,-1,-1,0,0,0,0,0.0,0.0,0.0,0.0,0.0,0.0,0.0,0.0,460.72958753073897,1.0,3.0
33,33,33,34,7.9,6.262,124.023,33.0,1976-08-16T16:11:07.299978Z,2,49,2,59,1.1000000000000003,1.3685163738430437,1.6838488641973772,2.6000000000000005,-999.0,0.1365218452722546,1,1,1,0,2,0,5.3,-112674.600022,5.3,-112674.600022,6.8,47262.000005,440.30858454174256,421.29941669514426,460.72958753073897,1.0,3.0
34,34,34,35,7.9,-2.625,100.841,35.0,2007-09-12T23:49:03.720025Z,0,0,0,0,-999.0,-999.0,-999.0,-999.0,-999.0,-999.0,-1,-1,0,0,0,0,0.0,0.0,0.0,0.0,0.0,0.0,0.0,0.0,460.72958753073897,1.0,3.0
35,35,35,36,7.9,-4.721,102.087,33.0,2000-06-04T16:28:26.170032Z,0,50,0,56,1.2000000000000002,1.262483959021083,2.1256298826737345,-999.0,-999.0,-999.0,1,1,4,0,5,0,0.0,0.0,0.0,0.0,6.7,285420.510002,0.0,433.20113873542266,460.72958753073897,-1.0,0.0
36,36,36,37,7.9,-13.802,97.453,10.0,2000-06-18T14:44:13.310013Z,0,3,0,3,2.1000000000000005,-999.0,0.8894696980866572,-999.0,-999.0,-999.0,1,1,0,0,0,0,0.0,0.0,0.0,0.0,5.8,161386.729951,0.0,66.3317986094331,460.72958753073897,-1.0,1.0
37,37,37,38,7.9,58.679,-142.786,10.0,1987-11-30T19:23:19.590001Z,7,7,7,7,2.0,-999.0,0.4727363423041322,1.0,-999.0,0.8096488076591881,1,1,1,1,1,1,6.9,1161386.270033,6.9,1161386.270033,5.9,-1395289.629965,435.39019332598644,81.39740640868077,460.72958753073897,-1.0,1.0
38,38,38,39,7.9,56.0039,-149.1658,14.06,2018-01-23T09:31:40.890031Z,0,12,0,13,2.4000000000000004,-999.0,1.4241106241328996,-999.0,-999.0,-999.0,1,1,0,0,0,0,0.0,0.0,0.0,0.0,5.5,52387.829998,0.0,91.81258683108275,460.72958753073897,-1.0,1.0
39,39,39,40,7.9,31.002,103.322,19.0,2008-05-12T06:28:01.570018Z,0,50,0,50,1.8000000000000007,1.4573640332323927,2.090613580578013,-999.0,-999.0,-999.0,1,1,2,0,2,0,0.0,0.0,0.0,0.0,6.1,16980.909987,0.0,289.8639622602664,460.72958753073897,-1.0,3.0
40,40,40,41,7.9,0.729,119.931,24.0,1996-01-01T08:05:10.830021Z,0,8,0,10,2.3000000000000007,-999.0,0.3028422759706822,-999.0,-999.0,-999.0,1,1,0,0,1,0,0.0,0.0,0.0,0.0,6.1,2286539.489946,0.0,49.18679690782922,460.72958753073897,1.0,3.0
41,41,41,42,7.9,51.564,-177.632,33.0,1996-06-10T04:03:35.479989Z,2,33,2,38,0.6000000000000005,1.0898644793009362,1.661811488685394,1.4000000000000004,-999.0,4.491334293631663,1,1,2,1,3,1,6.5,-169546.729997,6.5,-169546.729997,7.3,40880.520024,38.8604161963892,450.36893007452795,460.72958753073897,1.0,3.0
42,42,42,43,7.9,-1.679,136.04,5.0,1979-09-12T05:17:51.399976Z,1,9,1,22,2.0,-999.0,0.537472498256357,2.4000000000000004,-999.0,inf,1,1,1,0,2,0,5.5,596412.099993,5.5,596412.099993,6.0,3094212.299993,439.3510046905584,436.5893969644545,460.72958753073897,1.0,2.0
43,43,43,44,7.9,63.5141,-147.4529,4.2,2002-11-03T22:12:41.517964Z,1,19,1,19,2.3000000000000007,-999.0,0.6940783135420937,1.3000000000000007,-999.0,inf,1,1,0,1,0,1,6.6,989122.08499,6.6,989122.08499,5.6,1252.719991,22.754133048006775,318.95886079967653,460.72958753073897,-1.0,1.0
44,44,44,45,7.9,44.663,149.3,33.0,1995-12-03T18:01:08.989970Z,24,60,24,70,1.4000000000000004,1.076763178272525,2.3890365343598363,1.3000000000000007,-999.0,2.704011020181038,1,1,8,4,9,4,6.6,779817.11999,6.6,779817.11999,6.5,16460.509993,383.959180454706,347.9981253480458,460.72958753073897,1.0,3.0
45,45,45,46,7.9,-12.525,165.916,33.0,1980-07-17T19:42:23.200012Z,18,20,18,24,1.2000000000000002,-999.0,0.7525804297444351,0.4000000000000003,-999.0,2.1250264910579224,2,2,2,4,2,4,7.5,715294.000021,7.5,715294.000021,6.7,-713888.700049,270.21544666976854,331.37901535916893,460.72958753073897,1.0,3.0
46,46,46,47,7.8,12.982,144.801,59.3,1993-08-08T08:34:24.929992Z,1,15,1,18,1.5999999999999996,-999.0,0.5584486417455593,2.7,-999.0,inf,1,1,2,0,3,0,5.1,-41330.000044,5.1,-41330.000044,6.2,349370.44001,15.632804467490505,119.94517256939176,394.75897176315374,-1.0,3.0
47,47,47,48,7.8,52.788,-132.101,14.0,2012-10-28T03:04:08.819994Z,0,26,0,26,1.5,-999.0,1.6205400917674606,-999.0,-999.0,-999.0,1,1,2,0,2,0,0.0,0.0,0.0,0.0,6.3,57012.010006,0.0,111.98896262248361,394.75897176315374,1.0,3.0
48,48,48,49,7.8,0.3819,-79.9218,20.59,2016-04-16T23:58:36.979971Z,0,11,0,13,1.5999999999999996,-999.0,1.1116526154024788,-999.0,-999.0,-999.0,1,1,5,0,7,0,0.0,0.0,0.0,0.0,6.9,290110.350034,0.0,112.94031897320923,394.75897176315374,1.0,3.0
49,49,49,50,7.8,40.525,143.419,26.5,1994-12-28T12:19:23.029972Z,1,48,1,53,0.7999999999999998,0.960651388541755,2.01944614839867,2.6,-999.0,inf,1,1,7,0,9,0,5.2,1565560.469986,5.2,1565560.469986,7.0,845726.740063,271.5189226686041,244.38295469165496,394.75897176315374,1.0,3.0
50,50,50,51,7.8,-8.48,121.896,27.7,1992-12-12T05:29:26.349998Z,1,27,1,32,1.7000000000000002,-999.0,1.6933201388017398,2.8,-999.0,inf,1,1,1,0,2,0,5.0,615757.350042,5.0,615757.350042,6.1,5525.769968,220.4951414195051,270.0057068222834,394.75897176315374,1.0,3.0
51,51,51,52,7.8,-42.7373,173.054,15.11,2016-11-13T11:02:56.340035Z,0,38,0,40,1.2999999999999998,0.9650988486738926,1.838515817813288,-999.0,-999.0,-999.0,1,1,5,0,5,0,0.0,0.0,0.0,0.0,6.5,48686.26997,0.0,169.1292724485144,394.75897176315374,-1.0,3.0
52,52,52,53,7.8,-10.477,112.835,18.4,1994-06-02T18:17:34.020042Z,0,84,0,91,1.2000000000000002,1.1730140347226066,3.295015072069861,-999.0,-999.0,-999.0,1,1,8,0,8,0,0.0,0.0,0.0,0.0,6.6,96565.859938,0.0,201.81657760825257,394.75897176315374,1.0,3.0
53,53,53,54,7.8,-10.6812,161.3273,40.0,2016-12-08T17:38:46.279973Z,1,73,1,77,0.8999999999999995,1.2123708290224622,2.6900466201693924,2.8,-999.0,inf,1,1,8,0,10,0,5.0,578289.289944,5.0,578289.289944,6.9,92076.479992,120.67409992943233,343.5048859665226,394.75897176315374,1.0,3.0
54,54,54,55,7.8,-3.487,100.082,20.1,2010-10-25T14:42:22.460021Z,0,18,0,19,1.5,-999.0,0.84778458438504,-999.0,-999.0,-999.0,1,1,2,0,2,0,0.0,0.0,0.0,0.0,6.3,17708.689936,0.0,208.41207987093375,394.75897176315374,1.0,3.0
55,55,55,56,7.8,56.953,-143.032,10.0,1988-03-06T22:35:38.139968Z,0,5,0,7,1.5999999999999996,-999.0,0.2263404470730008,-999.0,-999.0,-999.0,1,1,1,0,2,0,0.0,0.0,0.0,0.0,6.2,2340.319996,0.0,250.35331300603664,394.75897176315374,-1.0,1.0
56,56,56,57,7.8,1.186,122.857,25.7,1990-04-18T13:39:19.009983Z,1,36,1,40,1.2999999999999998,0.995834480797266,1.3238895819600165,2.7,-999.0,inf,1,1,5,0,6,0,5.1,1225911.779991,5.1,1225911.779991,6.5,116629.119993,227.458899451706,311.671392655741,394.75897176315374,1.0,3.0
57,57,57,58,7.8,-5.496,151.781,33.0,2000-11-17T21:01:56.490014Z,0,0,0,0,-999.0,-999.0,-999.0,-999.0,-999.0,-999.0,-1,-1,0,0,0,0,0.0,0.0,0.0,0.0,0.0,0.0,0.0,0.0,394.75897176315374,1.0,3.0
58,58,58,59,7.8,35.946,90.541,10.0,2001-11-14T09:26:10.010002Z,0,12,0,12,2.2,-999.0,0.5048567506751525,-999.0,-999.0,-999.0,1,1,0,0,0,0,0.0,0.0,0.0,0.0,5.6,1145.240026,0.0,358.57136182029313,394.75897176315374,-1.0,1.0
59,59,59,60,7.8,28.2305,84.7314,8.22,2015-04-25T06:11:25.949991Z,1,32,1,32,0.5,0.9203591669472888,1.50791337921055,2.8,-999.0,inf,1,1,5,0,5,0,5.0,-61489.500022,5.0,-61489.500022,7.3,1473126.720014,240.01353409538976,361.25859164239006,394.75897176315374,1.0,3.0
60,60,60,61,7.8,2.383,97.048,31.0,2010-04-06T22:15:01.579969Z,1,4,1,6,2.5,-999.0,0.6776953744560003,2.0,-999.0,inf,1,1,0,1,1,1,5.8,2099760.610005,5.8,2099760.610005,7.2,512308.060069,118.69389388976765,190.10348166440195,394.75897176315374,1.0,3.0
61,61,61,62,7.8,51.146,178.65,33.0,2003-11-17T06:43:06.800021Z,1,23,1,23,1.5999999999999996,-999.0,1.0339332770303598,2.2,-999.0,inf,1,1,2,0,2,0,5.6,2144907.120016,5.6,2144907.120016,6.2,971728.249965,139.48486436209606,146.2026440248795,394.75897176315374,1.0,3.0
62,62,62,63,7.8,54.841,162.035,33.0,1997-12-05T11:26:54.689998Z,3,62,3,64,1.3999999999999997,1.2761259657820685,2.2666385627448147,2.3,-999.0,7.619188700853321,1,1,5,0,5,0,5.5,-46692.08997,5.5,-46692.08997,6.4,26488.09996,56.32525900540036,170.97022892021613,394.75897176315374,1.0,3.0
63,63,63,64,7.8,-5.233,153.102,30.0,2000-11-16T07:42:16.929960Z,0,0,0,0,-999.0,-999.0,-999.0,-999.0,-999.0,-999.0,-1,-1,0,0,0,0,0.0,0.0,0.0,0.0,0.0,0.0,0.0,0.0,394.75897176315374,1.0,3.0
64,64,64,65,7.8,-4.9521,94.3299,24.0,2016-03-02T12:49:48.110044Z,0,3,0,4,2.2,-999.0,1.3547334525121175,-999.0,-999.0,-999.0,1,1,0,0,0,0,0.0,0.0,0.0,0.0,5.6,40862.27995,0.0,85.57125303239096,394.75897176315374,-1.0,1.0
65,65,65,66,7.8,-12.517,166.382,35.0,2009-10-07T22:18:51.239978Z,4,87,4,92,0.3999999999999994,1.0841784770612028,3.6850618881613184,0.0999999999999996,-999.0,5.594852087634755,3,3,12,2,12,2,7.7,-427246.879996,7.7,-427246.879996,7.4,3296.919977,93.6280634681498,209.3790795521823,394.75897176315374,1.0,3.0
66,66,66,67,7.8,-45.762,166.562,12.0,2009-07-15T09:22:29.029989Z,0,21,0,22,1.7000000000000002,-999.0,1.0023275610086542,-999.0,-999.0,-999.0,1,1,1,0,1,0,0.0,0.0,0.0,0.0,6.1,1250431.880025,0.0,99.6851507597703,394.75897176315374,1.0,3.0
67,67,67,68,7.7,-28.117,-176.367,29.1,1986-10-20T06:46:09.980027Z,1,68,1,89,1.5,1.081759149063045,2.270080256032877,2.7,-999.0,inf,1,1,11,0,13,0,5.0,1618113.490046,5.0,1618113.490046,6.2,1617795.749976,309.73211251946833,250.73369067302428,338.2345089289617,-1.0,1.0
68,68,68,69,7.7,38.058,144.59,18.6,2011-03-11T06:25:50.300000Z,0,0,0,0,-999.0,-999.0,-999.0,-999.0,-999.0,-999.0,-1,-1,0,0,0,0,0.0,0.0,0.0,0.0,0.0,0.0,0.0,0.0,338.2345089289617,1.0,3.0
69,69,69,70,7.7,-13.006,166.51,45.0,2009-10-07T22:03:14.470014Z,0,0,0,0,-999.0,-999.0,-999.0,-999.0,-999.0,-999.0,-1,-1,0,0,0,0,0.0,0.0,0.0,0.0,0.0,0.0,0.0,0.0,338.2345089289617,1.0,3.0
70,70,70,71,7.7,-14.96,-173.085,25.0,1981-09-01T09:29:31.539989Z,1,7,1,8,2.0,-999.0,6.8508807494355946,1.9000000000000004,-999.0,inf,1,1,1,1,1,1,5.8,-90081.34001,5.8,-90081.34001,5.7,32955.940014,29.527624707893036,64.49898944514598,338.2345089289617,1.0,2.0
71,71,71,72,7.7,-2.071,124.891,33.0,1998-11-29T14:10:31.959983Z,0,4,0,5,1.6000000000000003,-999.0,0.1485815562442207,-999.0,-999.0,-999.0,1,1,2,0,2,0,0.0,0.0,0.0,0.0,6.1,128982.640032,0.0,333.7345867664633,338.2345089289617,-1.0,0.0
72,72,72,73,7.7,23.419,70.232,16.0,2001-01-26T03:16:40.499995Z,0,9,0,9,1.9000000000000004,-999.0,0.3718704152679631,-999.0,-999.0,-999.0,1,1,1,0,1,0,0.0,0.0,0.0,0.0,5.8,164730.199997,0.0,44.83724766905578,338.2345089289617,-1.0,3.0
73,73,73,74,7.7,-14.993,-75.675,33.0,1996-11-12T16:59:44.029963Z,0,19,0,20,1.6000000000000003,-999.0,1.0384238193741802,-999.0,-999.0,-999.0,1,1,4,0,4,0,0.0,0.0,0.0,0.0,6.1,34915.910031,0.0,146.745647810993,338.2345089289617,1.0,3.0
74,74,74,75,7.7,42.851,139.197,16.7,1993-07-12T13:17:11.959990Z,1,24,1,25,1.2000000000000002,-999.0,0.9141170137283756,2.7,-999.0,inf,1,1,3,0,3,0,5.0,1744774.600002,5.0,1744774.600002,6.5,1474567.480022,275.3480087911667,300.9989219531103,338.2345089289617,-1.0,3.0
75,75,75,76,7.7,11.742,-87.34,44.8,1992-09-02T00:16:01.689976Z,3,23,3,23,1.7000000000000002,-999.0,1.5354117430292795,2.0,-999.0,0.1652498500361149,1,1,6,1,6,1,5.7,1966006.279933,5.7,1966006.279933,6.0,-1966006.279933,295.3820894694541,193.83208826404203,338.2345089289617,1.0,3.0
76,76,76,77,7.7,-22.247,-69.89,40.0,2007-11-14T15:40:50.530019Z,0,38,0,41,0.9000000000000004,1.0124656633327362,1.326847075024748,-999.0,-999.0,-999.0,1,1,9,0,10,0,0.0,0.0,0.0,0.0,6.8,84307.819938,0.0,165.9571230952935,338.2345089289617,1.0,3.0
77,77,77,78,7.7,13.049,-88.66,60.0,2001-01-13T17:33:32.379955Z,0,11,0,14,1.7999999999999998,-999.0,0.4683385337302326,-999.0,-999.0,-999.0,1,1,6,0,8,0,0.0,0.0,0.0,0.0,6.6,2965439.040078,0.0,265.77623313819555,338.2345089289617,-1.0,2.0
78,78,78,79,7.7,15.679,121.172,25.1,1990-07-16T07:26:34.610006Z,1,52,1,55,1.2000000000000002,1.352294195147849,1.957572048348989,2.3,-999.0,inf,1,1,5,0,5,0,5.4,2134162.210031,5.4,2134162.210031,6.5,137616.700029,277.46132973671945,205.08922265908507,338.2345089289617,-1.0,1.0
79,79,79,80,7.7,23.772,120.982,33.0,1999-09-20T17:47:18.490009Z,1,25,1,31,1.2000000000000002,-999.0,0.8954450129720076,2.3,-999.0,inf,1,1,8,0,10,0,5.4,876539.960006,5.4,876539.960006,6.5,-876539.960006,188.96250207883978,166.816217015198,338.2345089289617,1.0,3.0
80,80,80,81,7.7,38.19,142.028,44.0,1978-06-12T08:14:26.399991Z,6,10,6,14,1.4000000000000004,-999.0,0.6487185855620354,1.9000000000000004,-999.0,0.2097875354908687,1,1,3,3,3,3,5.8,2332228.399982,5.8,2332228.399982,6.3,542733.50004,319.53438825560687,222.37192955290374,338.2345089289617,1.0,3.0
81,81,81,82,7.7,-12.584,166.676,33.0,1997-04-21T12:02:26.430024Z,0,34,0,35,1.5,1.0398600270922946,3.531386841509747,-999.0,-999.0,-999.0,1,1,7,0,7,0,0.0,0.0,0.0,0.0,6.2,541.430015,0.0,172.69095492222303,338.2345089289617,1.0,3.0
82,82,82,83,7.7,54.4434,168.857,10.0,2017-07-17T23:34:13.739980Z,2,14,2,15,2.2,-999.0,0.6386837606239195,1.4000000000000004,-999.0,161.11738121753356,1,1,0,1,0,1,6.3,-257126.549991,6.3,-257126.549991,5.5,0.0,20.321696177300016,312.5012587417571,338.2345089289617,1.0,1.0
83,83,83,84,7.7,-20.5709,-70.4931,22.4,2014-04-03T02:43:13.110038Z,0,0,0,0,-999.0,-999.0,-999.0,-999.0,-999.0,-999.0,-1,-1,0,0,0,0,0.0,0.0,0.0,0.0,0.0,0.0,0.0,0.0,338.2345089289617,1.0,3.0
84,84,84,85,7.7,22.789,99.611,17.8,1988-11-06T13:03:19.340034Z,0,12,0,14,1.2999999999999998,-999.0,0.5044110841793205,-999.0,-999.0,-999.0,1,1,3,0,3,0,0.0,0.0,0.0,0.0,6.4,744.04,0.0,71.53801643556449,338.2345089289617,-1.0,2.0
85,85,85,86,7.7,26.951,65.5009,15.0,2013-09-24T11:29:47.970038Z,0,9,0,9,0.9000000000000004,-999.0,0.3738974029646973,-999.0,-999.0,-999.0,1,1,2,0,2,0,0.0,0.0,0.0,0.0,6.8,331458.480003,0.0,181.21269415810394,338.2345089289617,1.0,3.0
86,86,86,87,7.7,-5.799,154.178,30.1,1995-08-16T10:27:28.629960Z,2,23,2,28,0.5,-999.0,1.6633196460371085,1.9000000000000004,-999.0,6.428798631507755,1,1,8,1,10,1,5.8,2408342.429944,5.8,2408342.429944,7.2,55949.83002,167.08254746425553,297.1584621134749,338.2345089289617,1.0,3.0
87,87,87,88,7.7,1.598,-79.358,24.0,1979-12-12T07:59:03.299969Z,0,20,0,21,1.9000000000000004,-999.0,0.7788255716094888,-999.0,-999.0,-999.0,1,1,2,0,2,0,0.0,0.0,0.0,0.0,5.8,77924.500075,0.0,262.95752087098293,338.2345089289617,-1.0,2.0
88,88,88,89,7.7,16.01,-96.591,18.0,1978-11-29T19:52:47.600025Z,0,5,0,7,2.0,-999.0,0.1724827903530406,-999.0,-999.0,-999.0,1,1,1,0,1,0,0.0,0.0,0.0,0.0,5.7,3421.199981,0.0,190.68255944358123,338.2345089289617,1.0,3.0
89,89,89,90,7.7,-60.2738,-46.4011,10.0,2013-11-17T09:04:55.529990Z,8,18,8,18,1.9000000000000004,-999.0,14.071640871649388,0.7999999999999998,-999.0,3.03604539623552,1,1,2,2,2,2,6.9,-16669.050051,6.9,-16669.050051,5.8,366.020033,45.23402200368826,206.48528822411356,338.2345089289617,-1.0,3.0
90,90,90,91,7.7,-23.008,169.9,20.2,1995-05-16T20:12:44.219978Z,0,26,0,34,1.2000000000000002,-999.0,2.7673035497731995,-999.0,-999.0,-999.0,1,1,5,0,7,0,0.0,0.0,0.0,0.0,6.5,54665.320008,0.0,102.64310809138847,338.2345089289617,-1.0,2.0
91,91,91,92,7.7,-0.414,132.885,17.0,2009-01-03T19:43:50.650031Z,0,45,0,49,0.2999999999999998,1.4975671789767346,1.6478181432014432,-999.0,-999.0,-999.0,2,2,4,0,4,0,0.0,0.0,0.0,0.0,7.4,10189.639993,0.0,109.82302351512224,338.2345089289617,1.0,3.0
92,92,92,93,7.7,-9.284,107.419,20.0,2006-07-17T08:19:26.679996Z,0,92,0,96,1.6000000000000003,1.6176150742955084,3.547661960122634,-999.0,-999.0,-999.0,1,1,9,0,9,0,0.0,0.0,0.0,0.0,6.1,26793.139998,0.0,167.00500235108328,338.2345089289617,1.0,3.0
93,93,93,94,7.6,17.802,-101.647,30.8,1985-09-21T01:37:13.470009Z,0,0,0,0,-999.0,-999.0,-999.0,-999.0,-999.0,-999.0,-1,-1,0,0,0,0,0.0,0.0,0.0,0.0,0.0,0.0,0.0,0.0,289.8036300972396,1.0,3.0
94,94,94,95,7.6,-1.757,134.297,10.0,2002-10-10T10:50:20.570034Z,8,18,8,18,0.8999999999999995,-999.0,10.80529084528868,1.1999999999999993,-999.0,0.9912864600481344,1,1,4,2,4,2,6.4,1710405.11001,6.4,1710405.11001,6.7,37777.940011,170.63126923912492,229.3721157330779,289.8036300972396,1.0,1.0
95,95,95,96,7.6,40.748,29.864,17.0,1999-08-17T00:01:39.129999Z,1,6,1,7,1.6999999999999993,-999.0,0.2182973954449681,2.3999999999999995,-999.0,inf,1,1,1,0,1,0,5.2,1962286.110028,5.2,1962286.110028,5.9,227765.91001,225.2501058658069,71.03790091566646,289.8036300972396,1.0,1.0
96,96,96,97,7.6,8.337,126.729,24.4,1989-12-15T18:43:45.030028Z,5,50,5,62,1.0999999999999996,1.3002828799498571,2.122821571700734,1.3999999999999997,-999.0,0.2408065225828425,1,1,9,1,11,1,6.2,-173072.569966,6.2,-173072.569966,6.8,4918504.570015,211.91413300959283,289.42952372712006,289.8036300972396,1.0,3.0
97,97,97,98,7.6,-10.366,160.819,34.0,1988-08-10T04:38:26.169996Z,0,12,0,12,1.0,-999.0,3.453400971023382,-999.0,-999.0,-999.0,1,1,4,0,4,0,0.0,0.0,0.0,0.0,6.6,7216.72001,0.0,266.5283826246971,289.8036300972396,1.0,3.0
98,98,98,99,7.6,9.685,-83.073,10.0,1991-04-22T21:56:51.819967Z,0,12,0,13,1.3999999999999997,-999.0,0.5289710392306141,-999.0,-999.0,-999.0,1,1,2,0,3,0,0.0,0.0,0.0,0.0,6.2,162970.29006,0.0,105.1004281545033,289.8036300972396,1.0,3.0
99,99,99,100,7.6,15.125,147.596,11.4,1990-04-05T21:12:35.550026Z,3,43,3,49,1.2999999999999998,1.821918314325837,2.834582516985793,2.3,-999.0,4.122798969176324,1,1,3,0,3,0,5.3,-80851.199932,5.3,-80851.199932,6.3,63884.550017,248.13207157502873,102.92391697427594,289.8036300972396,-1.0,2.0
100,100,100,101,7.6,-11.2701,162.1481,22.56,2014-04-12T20:14:39.300032Z,2,28,2,31,0.1999999999999993,-999.0,3.746881025987556,1.5999999999999996,-999.0,0.8448083617893449,2,2,9,1,9,1,6.0,722047.300074,6.0,722047.300074,7.4,59520.319947,215.408795904221,289.25673650136764,289.8036300972396,-1.0,1.0
101,101,101,102,7.6,10.085,-85.315,35.0,2012-09-05T14:42:07.800022Z,0,2,0,5,1.9,-999.0,0.2706350451286645,-999.0,-999.0,-999.0,1,-1,1,0,2,0,0.0,0.0,0.0,0.0,6.5,3015457.130012,0.0,126.88709603144574,289.8036300972396,1.0,3.0
102,102,102,103,7.6,34.539,73.588,26.0,2005-10-08T03:50:40.799962Z,0,43,0,44,1.1999999999999993,1.0763494364172832,1.4865122004479208,-999.0,-999.0,-999.0,1,1,12,0,12,0,0.0,0.0,0.0,0.0,6.4,24947.990068,0.0,72.26906548359548,289.8036300972396,1.0,3.0
103,103,103,104,7.6,-1.105,123.573,26.0,2000-05-04T04:21:16.210023Z,0,9,0,9,1.9,-999.0,0.711877191258318,-999.0,-999.0,-999.0,1,1,3,0,3,0,0.0,0.0,0.0,0.0,5.7,90190.309938,0.0,253.18723241584732,289.8036300972396,1.0,1.0
104,104,104,105,7.6,-3.302,142.945,13.0,2002-09-08T18:44:23.710014Z,1,18,1,20,1.2999999999999998,-999.0,2.071895382583184,2.1,-999.0,inf,1,1,3,0,3,0,5.5,-180616.029985,5.5,-180616.029985,6.3,750959.680004,24.20620884979066,128.82690802655364,289.8036300972396,1.0,3.0
105,105,105,106,7.6,-16.696,-172.095,33.0,1977-04-02T07:15:22.700011Z,3,6,3,9,2.3,-999.0,0.2171304262319499,2.3,-999.0,0.2982641647189995,1,1,0,0,0,0,5.3,1566211.50002,5.3,1566211.50002,5.3,445593.299997,224.5649488307586,211.47745220404775,289.8036300972396,-1.0,2.0
106,106,106,107,7.6,44.244,148.862,33.0,1978-03-24T19:47:50.699986Z,41,51,41,58,1.7999999999999998,1.634613917126631,2.013088639643279,0.0999999999999996,0.7593208425600562,1.949849608219904,2,2,5,13,5,13,7.5,-44037.700013,7.5,-44037.700013,5.8,749.800027,287.09961577579105,154.71047720502906,289.8036300972396,1.0,3.0
107,107,107,108,7.6,17.813,-101.276,49.0,1979-03-14T11:07:16.300011Z,3,3,3,3,2.1,-999.0,0.6910767119571952,2.3,-999.0,0.4648300142669205,1,1,0,0,0,0,5.3,1734639.299997,5.3,1734639.299997,5.5,-1177016.100022,263.34080742973487,42.358346986237656,289.8036300972396,1.0,3.0
108,108,108,109,7.6,-60.532,-43.411,10.0,2003-08-04T04:37:20.129980Z,0,9,0,9,2.0,-999.0,0.354546180249615,-999.0,-999.0,-999.0,1,1,1,0,1,0,0.0,0.0,0.0,0.0,5.6,29790.869986,0.0,91.62160958240301,289.8036300972396,1.0,2.0
109,109,109,110,7.6,-23.043,-174.66,31.0,2009-03-19T18:17:40.469967Z,3,15,3,15,2.0,-999.0,0.8474212539773625,2.1,-999.0,2.3049572225205748,1,1,1,0,1,0,5.5,828797.139936,5.5,828797.139936,5.6,61558.799999,246.32517897754832,133.31839640133757,289.8036300972396,1.0,3.0
110,110,110,111,7.6,-2.598,68.382,10.0,2003-07-15T20:27:50.529979Z,0,6,0,6,1.9,-999.0,0.4883490044900017,-999.0,-999.0,-999.0,1,1,2,0,2,0,0.0,0.0,0.0,0.0,5.7,466313.380006,0.0,226.36945974624544,289.8036300972396,1.0,1.0
111,111,111,112,7.6,-24.388,-70.161,62.3,1987-03-05T09:17:05.280025Z,0,9,0,9,0.5999999999999996,-999.0,0.5379363454271573,-999.0,-999.0,-999.0,1,1,6,0,6,0,0.0,0.0,0.0,0.0,7.0,5887.06998,0.0,66.01058374699092,289.8036300972396,1.0,3.0
112,112,112,113,7.6,-29.539,-176.34,17.0,2011-07-06T19:03:18.260036Z,2,61,2,66,1.5999999999999996,1.4841436076245562,2.045973280492083,2.0,-999.0,0.1717255783183988,1,1,8,1,9,1,5.6,2328409.930028,5.6,2328409.930028,6.0,266030.239939,192.10467392497907,268.54897234710836,289.8036300972396,-1.0,2.0
113,113,113,114,7.6,18.77,-104.104,24.0,2003-01-22T02:06:34.610024Z,0,4,0,4,1.6999999999999993,-999.0,0.1533012132093746,-999.0,-999.0,-999.0,1,1,1,0,1,0,0.0,0.0,0.0,0.0,5.9,63303.899937,0.0,79.51939436735,289.8036300972396,1.0,3.0
114,114,114,115,7.6,-43.4064,-73.9413,38.0,2016-12-25T14:22:27.010018Z,0,3,0,3,2.0,-999.0,0.323186285590463,-999.0,-999.0,-999.0,1,1,1,0,1,0,0.0,0.0,0.0,0.0,5.6,586.299938,0.0,45.69696472499358,289.8036300972396,1.0,3.0
115,115,115,116,7.6,-22.122,175.163,33.2,1990-03-03T12:16:27.959980Z,0,10,0,11,1.0,-999.0,0.4076351844063989,-999.0,-999.0,-999.0,1,1,2,0,2,0,0.0,0.0,0.0,0.0,6.6,1674.459998,0.0,113.13132216976493,289.8036300972396,1.0,1.0
116,116,116,117,7.6,45.533,151.021,24.7,1991-12-22T08:43:13.410016Z,40,17,40,21,1.7999999999999998,-999.0,1.0391333017010351,0.7999999999999998,0.9000921904730609,1.783813324836576,1,1,1,10,2,10,6.8,-30239.589952,6.8,-30239.589952,5.8,-737094.880022,164.4517976676346,133.32830661145476,289.8036300972396,1.0,3.0
117,117,117,118,7.6,60.949,167.089,22.0,2006-04-20T23:25:02.150023Z,0,24,0,28,1.0,-999.0,0.8622246901422858,-999.0,-999.0,-999.0,1,1,5,0,6,0,0.0,0.0,0.0,0.0,6.6,778653.719974,0.0,93.48795196877028,289.8036300972396,-1.0,3.0
118,118,118,119,7.6,-48.786,164.357,33.0,1981-05-25T05:25:14.460035Z,0,5,0,5,1.9,-999.0,0.2250050356621742,-999.0,-999.0,-999.0,1,1,1,0,1,0,0.0,0.0,0.0,0.0,5.7,447722.759931,0.0,65.00580609793586,289.8036300972396,1.0,1.0
119,119,119,120,7.6,-17.543,-72.077,33.0,2001-07-07T09:38:43.520036Z,0,0,0,1,-999.0,-999.0,-999.0,-999.0,-999.0,-999.0,-1,-1,0,0,0,0,0.0,0.0,0.0,0.0,0.0,0.0,0.0,0.0,289.8036300972396,1.0,3.0
120,120,120,121,7.6,-4.051,152.5967,10.0,2019-05-14T12:58:25.939030Z,1,8,1,9,1.6999999999999993,-999.0,0.4657904465343394,2.6,-999.0,inf,1,1,2,0,2,0,5.0,-5888.541969,5.0,-5888.541969,5.9,-142871.873074,259.4420113755938,160.94560400165696,289.8036300972396,1.0,1.0
121,121,121,122,7.6,-10.012,160.469,18.1,1984-02-07T21:33:21.490039Z,0,5,0,5,1.1999999999999993,-999.0,0.2614833626720293,-999.0,-999.0,-999.0,1,1,1,0,1,0,0.0,0.0,0.0,0.0,6.4,37466.759955,0.0,38.544391309458504,289.8036300972396,-1.0,3.0
122,122,122,123,7.6,10.811,126.638,28.0,2012-08-31T12:47:33.379957Z,0,31,0,33,2.0,1.5212575072317265,1.8954348249734427,-999.0,-999.0,-999.0,1,1,1,0,1,0,0.0,0.0,0.0,0.0,5.6,39024.97004,0.0,232.1927030300333,289.8036300972396,-1.0,3.0
123,123,123,124,7.5,-9.593,-79.587,10.0,1996-02-21T12:51:01.300002Z,0,2,0,2,2.5,-999.0,0.0870500953343839,-999.0,-999.0,-999.0,-1,-1,0,0,0,0,0.0,0.0,0.0,0.0,5.0,1818.939973,0.0,221.41628258327032,248.30743700128235,1.0,3.0
124,124,124,125,7.5,-9.89,160.348,19.0,1977-04-20T23:42:50.500022Z,2,46,2,50,0.0,1.0140886379466825,1.7853697519774598,0.7999999999999998,-999.0,523.0022966612169,3,3,12,2,14,2,6.7,-264090.999974,6.7,-264090.999974,7.5,16879.099937,47.23219086688665,197.25510857566482,248.30743700128235,-1.0,2.0
125,125,125,126,7.5,44.932,148.439,33.0,1978-03-23T03:15:20.299967Z,0,0,0,0,-999.0,-999.0,-999.0,-999.0,-999.0,-999.0,-1,-1,0,0,0,0,0.0,0.0,0.0,0.0,0.0,0.0,0.0,0.0,248.30743700128235,1.0,3.0
126,126,126,127,7.5,1.795,126.519,33.0,1986-08-14T19:39:13.670030Z,2,36,2,39,1.0999999999999996,1.0423067565678037,1.2040840188404884,2.2,-999.0,0.2379219303798615,1,1,12,0,14,0,5.3,-74463.880011,5.3,-74463.880011,6.4,245576.259996,247.15490158695903,211.28780422899072,248.30743700128235,1.0,3.0
127,127,127,128,7.5,-9.844,160.822,33.0,1977-04-20T23:49:13.099958Z,0,0,0,0,-999.0,-999.0,-999.0,-999.0,-999.0,-999.0,-1,-1,0,0,0,0,0.0,0.0,0.0,0.0,0.0,0.0,0.0,0.0,248.30743700128235,-1.0,2.0
128,128,128,129,7.5,22.306,125.308,33.0,1998-05-03T23:30:21.910037Z,0,3,0,3,2.2,-999.0,0.1544633075555747,-999.0,-999.0,-999.0,1,1,0,0,0,0,0.0,0.0,0.0,0.0,5.3,315500.109954,0.0,43.426192601751765,248.30743700128235,-1.0,1.0
129,129,129,130,7.5,-9.965,160.731,33.0,1977-04-21T04:24:09.599959Z,0,0,0,0,-999.0,-999.0,-999.0,-999.0,-999.0,-999.0,-1,-1,0,0,0,0,0.0,0.0,0.0,0.0,0.0,0.0,0.0,0.0,248.30743700128235,1.0,3.0
130,130,130,131,7.5,-5.4624,151.8751,55.0,2015-05-05T01:44:06.380020Z,16,25,16,29,1.5999999999999996,-999.0,1.3346040494192877,0.7000000000000002,-999.0,0.5520727660760402,1,1,5,7,6,7,6.8,-593.449969,6.8,-593.449969,6.0,663584.039963,236.49757290412467,245.29562018529998,248.30743700128235,1.0,3.0
131,131,131,132,7.5,-6.7547,155.0241,43.37,2014-04-19T13:28:00.809991Z,23,36,23,40,1.2999999999999998,1.3714562586418526,1.5075755598992255,0.4000000000000003,-999.0,2.784620883045199,2,2,8,7,8,7,7.1,235677.300019,7.1,235677.300019,6.2,38877.289972,184.1846562309928,129.76218103048865,248.30743700128235,1.0,3.0
132,132,132,133,7.5,55.228,-134.8591,8.7,2013-01-05T08:58:14.957037Z,0,3,0,3,1.5999999999999996,-999.0,0.1158636029165291,-999.0,-999.0,-999.0,1,1,2,0,2,0,0.0,0.0,0.0,0.0,5.9,799054.622927,0.0,24.099913248651475,248.30743700128235,-1.0,1.0
133,133,133,134,7.5,-0.2559,119.8462,20.0,2018-09-28T10:02:45.249965Z,3,21,3,21,1.7000000000000002,-999.0,0.8661412951088998,1.4000000000000004,-999.0,50.83598846574126,1,1,5,1,5,1,6.1,-243649.520034,6.1,-243649.520034,5.8,1339.480021,19.719921094279602,161.47067526238345,248.30743700128235,1.0,1.0
134,134,134,135,7.5,16.059,-96.931,60.6,1999-09-30T16:31:15.690024Z,0,0,0,0,-999.0,-999.0,-999.0,-999.0,-999.0,-999.0,-1,-1,0,0,0,0,0.0,0.0,0.0,0.0,0.0,0.0,0.0,0.0,248.30743700128235,-1.0,2.0
135,135,135,136,7.5,15.324,-89.101,5.0,1976-02-04T09:01:43.399982Z,0,6,0,10,1.7999999999999998,-999.0,1.1780286743711994,-999.0,-999.0,-999.0,1,1,2,0,2,0,0.0,0.0,0.0,0.0,5.7,206254.499984,0.0,219.46199319112065,248.30743700128235,1.0,1.0
136,136,136,137,7.5,6.898,126.579,33.0,2001-01-01T06:57:04.169981Z,2,12,2,13,0.7000000000000002,-999.0,1.7133248300682589,2.2,-999.0,0.2076583785167006,1,1,4,0,5,0,5.3,-611128.170061,5.3,-611128.170061,6.8,8587.269998,167.21766540245358,179.00039561504153,248.30743700128235,1.0,3.0
137,137,137,138,7.5,-12.41,166.381,33.0,1980-07-08T23:19:19.799959Z,0,0,0,0,-999.0,-999.0,-999.0,-999.0,-999.0,-999.0,-1,-1,0,0,0,0,0.0,0.0,0.0,0.0,0.0,0.0,0.0,0.0,248.30743700128235,1.0,3.0
138,138,138,139,7.5,14.099,92.902,24.0,2009-08-10T19:55:38.729996Z,0,2,0,2,1.5999999999999996,-999.0,1.3992565647001547,-999.0,-999.0,-999.0,-1,-1,1,0,1,0,0.0,0.0,0.0,0.0,5.9,221157.020047,0.0,20.152103867000047,248.30743700128235,-1.0,2.0
139,139,139,140,7.5,-16.423,168.214,33.0,1999-11-26T13:21:15.569974Z,0,7,0,9,1.5999999999999996,-999.0,0.2567745123596677,-999.0,-999.0,-999.0,1,1,3,0,3,0,0.0,0.0,0.0,0.0,5.9,31324.50005,0.0,220.44627519792,248.30743700128235,1.0,3.0
140,140,140,141,7.5,-21.9496,169.4266,10.0,2018-12-05T04:18:08.419963Z,5,49,5,54,0.9000000000000004,1.4726940908829944,2.686912542586464,1.2000000000000002,-999.0,0.6646191779987165,1,1,7,3,9,3,6.3,-70047.470049,6.3,-70047.470049,6.6,8695.710036,223.4380431751491,125.74633196156987,248.30743700128235,-1.0,2.0
141,141,141,142,7.5,35.069,87.325,33.0,1997-11-08T10:02:52.610034Z,0,1,0,1,2.2,-999.0,inf,-999.0,-999.0,-999.0,-1,-1,0,0,0,0,0.0,0.0,0.0,0.0,5.3,51721.430001,0.0,177.87788444440616,248.30743700128235,-1.0,1.0
142,142,142,143,7.5,7.881,91.936,35.0,2010-06-12T19:26:50.460000Z,0,10,0,10,2.0,-999.0,0.3456244314976587,-999.0,-999.0,-999.0,1,1,1,0,1,0,0.0,0.0,0.0,0.0,5.5,1032056.300011,0.0,54.49944941679871,248.30743700128235,-1.0,0.0
143,143,143,144,7.5,-6.0699,142.7536,25.21,2018-02-25T17:44:44.140041Z,0,73,0,79,0.7999999999999998,1.5427492544495087,2.4831277469126336,-999.0,-999.0,-999.0,1,1,10,0,12,0,0.0,0.0,0.0,0.0,6.7,765646.44993,0.0,143.84554623209598,248.30743700128235,-1.0,3.0
144,144,144,145,7.5,6.033,124.249,31.0,2002-03-05T21:16:09.129968Z,0,6,0,8,1.5,-999.0,2.07231549601118,-999.0,-999.0,-999.0,1,1,1,0,3,0,0.0,0.0,0.0,0.0,6.0,249104.060031,0.0,85.2131637350206,248.30743700128235,1.0,3.0
145,145,145,146,7.5,39.57,117.978,23.0,1976-07-27T19:42:54.600023Z,0,10,0,12,0.0999999999999996,-999.0,0.8350707282495416,-999.0,-999.0,-999.0,2,2,1,0,1,0,0.0,0.0,0.0,0.0,7.4,54160.599974,0.0,101.10890324341511,248.30743700128235,-1.0,2.0
146,146,146,147,7.5,17.4825,-83.52,19.0,2018-01-10T02:51:33.290004Z,0,0,0,0,-999.0,-999.0,-999.0,-999.0,-999.0,-999.0,-1,-1,0,0,0,0,0.0,0.0,0.0,0.0,0.0,0.0,0.0,0.0,248.30743700128235,1.0,1.0
147,147,147,148,7.5,1.065,126.282,22.0,2007-01-21T11:27:45.059992Z,1,52,1,63,0.7999999999999998,1.24769685408669,1.742269556193879,1.9000000000000004,-999.0,inf,1,1,13,1,17,1,5.6,408086.920019,5.6,408086.920019,6.7,2645530.780005,171.9196919922839,247.960321710995,248.30743700128235,1.0,3.0
148,148,148,149,7.5,-4.7294,152.5623,41.0,2015-03-29T23:48:31.010024Z,1,8,1,8,1.5,-999.0,1.549827457119327,1.9000000000000004,-999.0,inf,1,1,3,1,3,1,5.6,1906173.510021,5.6,1906173.510021,6.0,416034.849973,220.57250665985583,77.48033204261154,248.30743700128235,1.0,3.0
149,149,149,150,7.5,-8.152,124.868,10.0,2004-11-11T21:26:41.150026Z,1,19,1,21,1.0999999999999996,-999.0,1.1759917249123315,1.9000000000000004,-999.0,inf,1,1,3,1,4,1,5.6,1700093.35002,5.6,1700093.35002,6.4,6416.130004,6.633602893521989,60.55317895498187,248.30743700128235,1.0,3.0
150,150,150,151,7.5,1.196,122.787,31.4,1991-06-20T05:18:52.510004Z,0,6,0,10,1.9000000000000004,-999.0,0.2887196095674617,-999.0,-999.0,-999.0,1,1,1,0,2,0,0.0,0.0,0.0,0.0,6.7,4228868.910011,0.0,98.58050375960208,248.30743700128235,1.0,3.0
151,151,151,152,7.5,-4.102,123.907,33.0,2001-10-19T03:28:44.460019Z,0,4,0,4,1.7999999999999998,-999.0,0.2665708965392748,-999.0,-999.0,-999.0,1,1,2,0,2,0,0.0,0.0,0.0,0.0,5.7,228846.289997,0.0,218.18226758522817,248.30743700128235,1.0,1.0
152,152,152,153,7.4,-4.68,102.562,36.0,2001-02-13T19:28:30.260032Z,12,9,12,12,1.7000000000000002,-999.0,0.3922024325828407,0.5,-999.0,0.885180918865229,1,1,3,7,4,7,6.9,2441000.430023,6.9,2441000.430023,5.7,-2441000.430023,192.07838838763007,116.44741590688854,212.75297086326285,1.0,3.0
153,153,153,154,7.4,39.664,118.401,26.0,1976-07-28T10:45:35.199997Z,0,0,0,0,-999.0,-999.0,-999.0,-999.0,-999.0,-999.0,-1,-1,0,0,0,0,0.0,0.0,0.0,0.0,0.0,0.0,0.0,0.0,212.75297086326285,-1.0,2.0
154,154,154,155,7.4,-31.028,-67.767,13.0,1977-11-23T09:26:24.699984Z,0,59,0,62,1.1000000000000003,1.121373060494174,1.986415483734271,-999.0,-999.0,-999.0,1,1,24,0,25,0,0.0,0.0,0.0,0.0,6.3,59766.300055,0.0,101.39942376853259,212.75297086326285,-1.0,3.0
155,155,155,156,7.4,-28.993,-176.238,33.0,2011-10-21T17:57:16.099974Z,5,5,5,8,2.1000000000000005,-999.0,0.3496705597520408,2.2,-999.0,0.3684821206457135,1,1,0,0,1,0,5.2,925580.739972,5.2,925580.739972,5.7,-137895.849964,187.76020443997496,83.20349283414593,212.75297086326285,1.0,3.0
156,156,156,157,7.4,23.901,121.574,33.8,1986-11-14T21:20:10.549972Z,0,12,0,13,1.1000000000000003,-999.0,0.7901424727556139,-999.0,-999.0,-999.0,1,1,3,0,4,0,0.0,0.0,0.0,0.0,6.3,6266.540069,0.0,97.23819278037818,212.75297086326285,1.0,3.0
157,157,157,158,7.4,26.901,143.698,14.0,2010-12-21T17:19:40.660035Z,0,66,0,76,1.0,2.221971767877114,2.6789899074453327,-999.0,-999.0,-999.0,1,1,8,0,8,0,0.0,0.0,0.0,0.0,6.4,102599.419989,0.0,90.13524624979708,212.75297086326285,-1.0,2.0
158,158,158,159,7.4,16.493,-98.231,20.0,2012-03-20T18:02:47.439999Z,0,13,0,13,1.4000000000000004,-999.0,0.5466663597294364,-999.0,-999.0,-999.0,1,1,1,0,1,0,0.0,0.0,0.0,0.0,6.0,1144332.680034,0.0,83.89300879778291,212.75297086326285,1.0,3.0
159,159,159,160,7.4,1.271,122.091,30.0,2008-11-16T17:02:32.699960Z,0,2,0,4,1.8000000000000007,-999.0,62.750110207089904,-999.0,-999.0,-999.0,1,-1,2,0,2,0,0.0,0.0,0.0,0.0,5.6,1925.950004,0.0,38.619059749959106,212.75297086326285,1.0,3.0
160,160,160,161,7.4,13.988,-91.895,24.0,2012-11-07T16:35:46.930043Z,1,8,1,11,0.9000000000000004,-999.0,0.3057078481364098,1.9000000000000004,-999.0,inf,1,1,4,1,4,1,5.5,2094863.670029,5.5,2094863.670029,6.5,369926.579921,88.29521687849036,128.68657749903602,212.75297086326285,1.0,3.0
161,161,161,162,7.4,-46.675,165.707,33.0,1979-10-12T10:25:22.300028Z,0,2,0,2,1.9000000000000004,-999.0,20.246757365193552,-999.0,-999.0,-999.0,-1,-1,1,0,1,0,0.0,0.0,0.0,0.0,5.5,11395.899936,0.0,20.193751355619643,212.75297086326285,1.0,3.0
162,162,162,163,7.4,-37.773,-75.048,35.0,2010-02-27T08:01:23.009983Z,0,0,0,0,-999.0,-999.0,-999.0,-999.0,-999.0,-999.0,-1,-1,0,0,0,0,0.0,0.0,0.0,0.0,0.0,0.0,0.0,0.0,212.75297086326285,-1.0,2.0
163,163,163,164,7.4,-0.691,133.305,23.0,2009-01-03T22:33:40.290024Z,0,0,0,0,-999.0,-999.0,-999.0,-999.0,-999.0,-999.0,-1,-1,0,0,0,0,0.0,0.0,0.0,0.0,0.0,0.0,0.0,0.0,212.75297086326285,1.0,3.0
164,164,164,165,7.4,-6.266,149.06,47.8,1987-10-16T20:48:01.639986Z,2,3,2,5,1.9000000000000004,-999.0,0.2322359625609033,2.3000000000000007,-999.0,5.535452512961094,1,1,1,0,3,0,5.1,-14261.100016,5.1,-14261.100016,5.5,149806.550044,146.2956916144143,180.41183681952106,212.75297086326285,1.0,3.0
165,165,165,166,7.4,-49.271,164.115,10.0,2007-09-30T05:23:34.069974Z,0,8,0,8,0.8000000000000007,-999.0,0.7094805613179833,-999.0,-999.0,-999.0,1,1,2,0,2,0,0.0,0.0,0.0,0.0,6.6,15857.900065,0.0,154.55196468618348,212.75297086326285,1.0,3.0
166,166,166,167,7.4,-58.893,158.513,33.0,1987-09-03T06:40:13.909991Z,1,5,1,5,0.6000000000000005,-999.0,2.792608121669997,1.8000000000000007,-999.0,inf,1,1,3,1,3,1,5.6,2249899.750028,5.6,2249899.750028,6.8,6961.650018,28.23793271889333,88.48865033950312,212.75297086326285,1.0,1.0
167,167,167,168,7.4,2.768,95.964,26.0,2008-02-20T08:08:30.520036Z,1,10,1,13,1.4000000000000004,-999.0,0.4121928633611761,2.4000000000000004,-999.0,inf,1,1,2,0,3,0,5.0,2401510.030018,5.0,2401510.030018,6.3,1631655.33995,207.41377182260817,152.13514177824504,212.75297086326285,1.0,3.0
168,168,168,169,7.4,-15.199,-173.529,21.2,1995-04-07T22:06:56.889960Z,0,8,0,10,1.3000000000000007,-999.0,0.2883616355275739,-999.0,-999.0,-999.0,1,1,5,0,6,0,0.0,0.0,0.0,0.0,6.1,11591.870006,0.0,104.74296071971179,212.75297086326285,-1.0,3.0
169,169,169,170,7.4,33.184,137.071,10.0,2004-09-05T14:57:18.609988Z,3,8,3,8,0.8000000000000007,-999.0,1.7920405400091706,0.2000000000000001,-999.0,21.7499477262992,2,2,7,1,7,1,7.2,-185941.659971,7.2,-185941.659971,6.6,117136.480055,63.17497830046043,55.24980973965273,212.75297086326285,-1.0,3.0
170,170,170,171,7.4,2.824,96.085,30.0,2002-11-02T01:26:10.700017Z,0,6,0,6,1.1000000000000003,-999.0,0.213497703723886,-999.0,-999.0,-999.0,1,1,2,0,2,0,0.0,0.0,0.0,0.0,6.3,30036.000008,0.0,37.247616095472125,212.75297086326285,1.0,3.0
171,171,171,172,7.4,-11.4633,162.0511,39.0,2014-04-13T12:36:19.229962Z,0,0,0,0,-999.0,-999.0,-999.0,-999.0,-999.0,-999.0,-1,-1,0,0,0,0,0.0,0.0,0.0,0.0,0.0,0.0,0.0,0.0,212.75297086326285,1.0,3.0
172,172,172,173,7.4,41.774,143.593,33.0,2003-09-25T21:08:00.030015Z,0,0,0,0,-999.0,-999.0,-999.0,-999.0,-999.0,-999.0,-1,-1,0,0,0,0,0.0,0.0,0.0,0.0,0.0,0.0,0.0,0.0,212.75297086326285,1.0,3.0
173,173,173,174,7.4,-6.088,147.689,54.9,1987-02-08T18:33:58.390010Z,3,19,3,25,1.3000000000000007,-999.0,0.7079251504977593,1.2000000000000002,-999.0,19.59471007111652,1,1,12,1,15,1,6.2,-85412.230021,6.2,-85412.230021,6.1,-110184.44999,32.56639143438945,160.15897163416773,212.75297086326285,-1.0,1.0
174,174,174,175,7.4,-55.2852,-31.8766,10.0,2016-08-19T07:32:22.709988Z,0,40,0,44,1.3000000000000007,1.670363391935591,1.3589855594307374,-999.0,-999.0,-999.0,1,1,7,0,7,0,0.0,0.0,0.0,0.0,6.1,159181.069967,0.0,123.18590975471828,212.75297086326285,1.0,3.0
175,175,175,176,7.4,22.282,121.512,17.0,1978-07-23T14:42:36.899975Z,0,10,0,18,1.9000000000000004,-999.0,0.4873574733079749,-999.0,-999.0,-999.0,1,1,4,0,5,0,0.0,0.0,0.0,0.0,5.5,75556.100067,0.0,212.9288759209173,212.75297086326285,1.0,3.0
176,176,176,177,7.4,-33.207,-71.663,33.0,1985-03-04T00:32:21.869984Z,0,0,0,0,-999.0,-999.0,-999.0,-999.0,-999.0,-999.0,-1,-1,0,0,0,0,0.0,0.0,0.0,0.0,0.0,0.0,0.0,0.0,212.75297086326285,1.0,3.0
177,177,177,178,7.4,16.779,-98.597,23.0,1995-09-14T14:04:31.429974Z,0,1,0,2,2.3000000000000007,-999.0,inf,-999.0,-999.0,-999.0,-1,-1,0,0,1,0,0.0,0.0,0.0,0.0,5.6,0.0,0.0,42.58903673236127,212.75297086326285,1.0,3.0
178,178,178,179,7.4,46.857,155.154,36.0,2009-01-15T17:49:39.069985Z,5,1,5,1,2.3000000000000007,-999.0,inf,2.0,-999.0,0.7831130090921983,1,1,0,2,0,2,5.4,1541362.240024,5.4,1541362.240024,5.1,-2089437.71996,195.92681718090276,35.05232520716542,212.75297086326285,-1.0,3.0
179,179,179,180,7.4,39.837,142.76,28.6,1989-11-01T18:25:34.939975Z,12,16,12,20,1.4000000000000004,-999.0,0.7311233680164967,0.5,-999.0,1.8624560405031805,1,1,7,6,10,6,6.9,-267938.92005,6.9,-267938.92005,6.0,63253.950017,95.53221529892987,107.98279492332466,212.75297086326285,1.0,3.0
180,180,180,181,7.4,33.386,57.434,33.0,1978-09-16T15:35:56.599990Z,0,1,0,1,2.4000000000000004,-999.0,inf,-999.0,-999.0,-999.0,-1,-1,0,0,0,0,0.0,0.0,0.0,0.0,5.0,0.0,0.0,50.67195291345048,212.75297086326285,-1.0,3.0
181,181,181,182,7.4,40.462,139.102,23.7,1983-05-26T02:59:59.599972Z,1,42,1,46,0.7000000000000002,1.1190409963151262,1.5164292307404426,2.3000000000000007,-999.0,inf,1,1,18,0,18,0,5.1,999043.03999,5.1,999043.03999,6.7,2261061.390009,4.236926462186423,126.74551620664963,212.75297086326285,1.0,2.0
182,182,182,183,7.4,36.957,49.409,18.5,1990-06-20T21:00:09.979980Z,0,6,0,6,1.6000000000000003,-999.0,0.3791780766548007,-999.0,-999.0,-999.0,1,1,3,0,3,0,0.0,0.0,0.0,0.0,5.8,43324.64003,0.0,51.39489404099555,212.75297086326285,-1.0,1.0
183,183,183,184,7.4,-13.093,166.497,31.1,2009-10-07T23:13:48.159955Z,0,0,0,0,-999.0,-999.0,-999.0,-999.0,-999.0,-999.0,-1,-1,0,0,0,0,0.0,0.0,0.0,0.0,0.0,0.0,0.0,0.0,212.75297086326285,1.0,3.0
184,184,184,185,7.4,-60.957,-21.606,13.0,2006-01-02T06:10:49.759964Z,0,0,0,0,-999.0,-999.0,-999.0,-999.0,-999.0,-999.0,-1,-1,0,0,0,0,0.0,0.0,0.0,0.0,0.0,0.0,0.0,0.0,212.75297086326285,1.0,1.0
185,185,185,186,7.4,-26.535,-70.563,14.8,1983-10-04T18:52:13.299973Z,2,9,2,9,0.7000000000000002,-999.0,0.7349954242725356,2.2,-999.0,0.1267125516720857,1,1,3,0,3,0,5.2,1824318.199955,5.2,1824318.199955,6.7,-1824318.199955,186.5708094283634,106.18436654776681,212.75297086326285,-1.0,2.0
186,186,186,187,7.3,33.825,59.809,10.0,1997-05-10T07:57:29.719960Z,0,1,0,4,1.9,-999.0,inf,-999.0,-999.0,-999.0,1,-1,1,0,3,0,0.0,0.0,0.0,0.0,5.9,3178954.76005,0.0,166.41625477803944,182.28945197042378,-1.0,1.0
187,187,187,188,7.3,42.142,73.575,27.4,1992-08-19T02:04:37.409985Z,0,7,0,7,0.7000000000000002,-999.0,20.799408449665425,-999.0,-999.0,-999.0,1,1,3,0,3,0,0.0,0.0,0.0,0.0,6.6,4550.530055,0.0,29.92421059481497,182.28945197042378,-1.0,3.0
188,188,188,189,7.3,9.919,-84.808,22.2,1990-03-25T13:22:55.599999Z,1,1,1,1,1.5999999999999996,-999.0,inf,0.8999999999999995,-999.0,inf,-1,-1,1,1,1,1,6.4,-29548.840007,6.4,-29548.840007,5.7,29548.840007,11.882998677855632,39.97278644002129,182.28945197042378,1.0,3.0
189,189,189,190,7.3,38.435,142.842,32.0,2011-03-09T02:45:20.329978Z,0,0,0,0,-999.0,-999.0,-999.0,-999.0,-999.0,-999.0,-1,-1,0,0,0,0,0.0,0.0,0.0,0.0,0.0,0.0,0.0,0.0,182.28945197042378,1.0,3.0
190,190,190,191,7.3,51.478,-176.847,26.3,1996-06-10T15:24:56.000013Z,0,0,0,0,-999.0,-999.0,-999.0,-999.0,-999.0,-999.0,-1,-1,0,0,0,0,0.0,0.0,0.0,0.0,0.0,0.0,0.0,0.0,182.28945197042378,1.0,3.0
191,191,191,192,7.3,36.195,1.354,10.0,1980-10-10T12:25:23.500014Z,0,9,0,11,1.0999999999999996,-999.0,0.3124612612918063,-999.0,-999.0,-999.0,1,1,6,0,7,0,0.0,0.0,0.0,0.0,6.2,11626.299964,0.0,33.04684134644927,182.28945197042378,-1.0,2.0
192,192,192,193,7.3,-4.439,152.828,33.0,1985-07-03T04:36:51.730044Z,2,8,2,12,1.2999999999999998,-999.0,0.2936298707256375,1.0,-999.0,3.812682555621269,1,1,4,2,7,2,6.3,2352716.220036,6.3,2352716.220036,6.0,28050.299996,180.0424278033037,141.9376457535488,182.28945197042378,1.0,3.0
193,193,193,194,7.3,-20.071,168.892,33.0,2008-04-09T12:46:12.720024Z,6,28,6,30,0.8999999999999995,-999.0,1.0375924745839202,0.8999999999999995,-999.0,2.201716191887753,1,1,17,3,18,3,6.4,-186584.749954,6.4,-186584.749954,6.4,865676.529973,47.47179637453948,159.97231151155492,182.28945197042378,1.0,3.0
194,194,194,195,7.3,-60.857,-25.07,11.0,2013-07-15T14:03:39.880022Z,0,2,0,2,2.2,-999.0,0.4034278856769115,-999.0,-999.0,-999.0,-1,-1,0,0,0,0,0.0,0.0,0.0,0.0,5.1,118893.249967,0.0,127.7654155208139,182.28945197042378,1.0,1.0
195,195,195,196,7.3,15.766,119.74,33.0,1999-12-11T18:03:36.449973Z,0,5,0,5,1.0999999999999996,-999.0,0.1934459898570282,-999.0,-999.0,-999.0,1,1,1,0,1,0,0.0,0.0,0.0,0.0,6.2,963524.090019,0.0,118.06780660515186,182.28945197042378,-1.0,2.0
196,196,196,197,7.3,39.121,44.029,36.0,1976-11-24T12:22:18.799970Z,0,4,0,6,1.7999999999999998,-999.0,4.504322510575746,-999.0,-999.0,-999.0,1,1,1,0,1,0,0.0,0.0,0.0,0.0,5.5,866.800046,0.0,49.96734573640174,182.28945197042378,-1.0,2.0
197,197,197,198,7.3,18.048,-102.084,33.0,1981-10-25T03:22:15.569994Z,0,2,0,2,2.1,-999.0,0.2557051435453592,-999.0,-999.0,-999.0,-1,-1,0,0,0,0,0.0,0.0,0.0,0.0,5.2,801.520014,0.0,74.44865351233578,182.28945197042378,1.0,3.0
198,198,198,199,7.3,-22.015,169.766,10.0,2003-12-27T16:00:59.449966Z,14,43,14,46,0.2000000000000001,0.8706136467058209,1.5278132266778053,0.5,-999.0,9.670020155832567,5,5,25,9,25,9,6.8,-606808.600069,6.8,-606808.600069,7.1,606141.570042,54.699730262831416,79.28755527639827,182.28945197042378,1.0,3.0
199,199,199,200,7.3,-17.541,168.069,25.0,2010-08-10T05:23:44.979963Z,0,23,0,25,1.3999999999999997,-999.0,0.832638598421674,-999.0,-999.0,-999.0,1,1,6,0,6,0,0.0,0.0,0.0,0.0,5.9,79894.170029,0.0,115.79075213750312,182.28945197042378,1.0,3.0
200,200,200,201,7.3,12.5262,-88.1225,40.0,2014-10-14T03:51:34.459981Z,0,0,0,0,-999.0,-999.0,-999.0,-999.0,-999.0,-999.0,-1,-1,0,0,0,0,0.0,0.0,0.0,0.0,0.0,0.0,0.0,0.0,182.28945197042378,-1.0,2.0
201,201,201,202,7.3,-10.491,160.77,33.0,2003-01-20T08:43:06.069994Z,2,1,2,2,2.1,-999.0,inf,1.5999999999999996,-999.0,0.1260220778821444,1,1,0,1,0,1,5.7,1125373.05997,5.7,1125373.05997,5.2,-2496561.370018,55.903152557876446,60.027178893522894,182.28945197042378,-1.0,0.0
202,202,202,203,7.3,-6.852,72.11,10.0,1983-11-30T17:46:00.669962Z,0,30,0,32,1.0,-999.0,1.0536471649017,-999.0,-999.0,-999.0,1,1,11,0,11,0,0.0,0.0,0.0,0.0,6.3,259034.170061,0.0,139.26184083364944,182.28945197042378,-1.0,2.0
203,203,203,204,7.3,-4.003,135.023,10.0,2004-02-07T02:42:35.209992Z,7,10,7,10,0.5999999999999996,-999.0,2.2787342451475148,0.2999999999999998,-999.0,8.88263424058441,0,0,7,2,7,2,7.0,-109385.519984,7.0,-109385.519984,6.7,108976.589996,86.92941715409926,118.4076551707273,182.28945197042378,-1.0,1.0
204,204,204,205,7.3,7.191,126.762,33.0,1992-05-17T10:15:31.310033Z,1,7,1,9,2.0,-999.0,0.5716852896684179,0.2000000000000001,-999.0,inf,2,2,1,1,2,1,7.1,-263130.17996,7.1,-263130.17996,5.3,0.0,13.97122615452708,59.36587301984855,182.28945197042378,1.0,3.0
205,205,205,206,7.3,55.0999,164.6993,16.56,2018-12-20T17:01:55.150002Z,0,13,0,13,1.2000000000000002,-999.0,0.9164711828248266,-999.0,-999.0,-999.0,1,1,10,0,10,0,0.0,0.0,0.0,0.0,6.1,329964.099988,0.0,64.31371504969096,182.28945197042378,-1.0,1.0
206,206,206,207,7.3,-30.6441,-178.0995,46.0,2019-06-15T22:55:04.129993Z,1,34,1,37,0.8999999999999995,0.9650988486738964,1.2970120829465104,2.0,-999.0,inf,1,1,14,1,14,1,5.3,171879.134969,5.3,171879.134969,6.4,427802.771036,115.19696493984854,143.36632532573805,182.28945197042378,1.0,3.0
207,207,207,208,7.3,-17.94,-172.225,16.0,1987-10-06T04:19:06.079960Z,0,4,0,6,2.0,-999.0,1.2182023972702003,-999.0,-999.0,-999.0,1,1,1,0,2,0,0.0,0.0,0.0,0.0,5.5,3780049.160043,0.0,87.80000371964339,182.28945197042378,-1.0,2.0
208,208,208,209,7.3,-5.931,150.59,35.0,2010-07-18T13:34:59.360014Z,2,22,2,28,0.2999999999999998,-999.0,0.8070560886540342,0.3999999999999994,-999.0,0.0822582161483381,3,3,7,2,8,2,6.9,-197769.499949,6.9,-197769.499949,7.0,1602491.91999,78.39036003410261,143.88448184100346,182.28945197042378,1.0,3.0
209,209,209,210,7.3,50.038,87.813,16.0,2003-09-27T11:33:25.080015Z,0,14,0,16,0.5999999999999996,-999.0,0.5486064398565855,-999.0,-999.0,-999.0,1,1,5,0,5,0,0.0,0.0,0.0,0.0,6.7,307800.160017,0.0,39.3890899897017,182.28945197042378,-1.0,1.0
210,210,210,211,7.3,43.905,147.916,33.0,1994-10-09T07:55:39.580002Z,0,0,0,1,-999.0,-999.0,-999.0,-999.0,-999.0,-999.0,-1,-1,0,0,0,0,0.0,0.0,0.0,0.0,0.0,0.0,0.0,0.0,182.28945197042378,1.0,3.0
211,211,211,212,7.3,52.05,-171.836,52.0,2011-06-24T03:09:39.470021Z,0,5,0,6,1.5,-999.0,7.157214176743448,-999.0,-999.0,-999.0,1,1,4,0,5,0,0.0,0.0,0.0,0.0,5.8,359063.759954,0.0,48.44739256942694,182.28945197042378,-1.0,2.0
212,212,212,213,7.3,34.9109,45.9592,19.0,2017-11-12T18:18:17.180037Z,0,2,0,8,1.9,-999.0,0.0693974445986545,-999.0,-999.0,-999.0,1,-1,2,0,6,0,0.0,0.0,0.0,0.0,5.5,5143355.209929,0.0,134.97338890922148,182.28945197042378,1.0,3.0
213,213,213,214,7.3,13.477,124.616,24.9,1988-02-24T03:52:03.290020Z,0,2,0,3,1.7000000000000002,-999.0,5.612886245479003,-999.0,-999.0,-999.0,1,-1,2,0,3,0,0.0,0.0,0.0,0.0,5.6,48357.620003,0.0,34.08296351537854,182.28945197042378,1.0,3.0
214,214,214,215,7.3,12.139,-88.59,28.0,2012-08-27T04:37:19.429964Z,2,5,2,7,1.7999999999999998,-999.0,4.249921347333714,1.7999999999999998,-999.0,0.3562362012119035,1,1,3,1,4,1,5.5,967887.099929,5.5,967887.099929,5.5,-1452958.519993,131.13708728779304,72.12173423843508,182.28945197042378,1.0,3.0
215,215,215,216,7.3,-19.702,167.947,16.0,2010-12-25T13:16:37.000040Z,3,77,3,81,0.2999999999999998,1.351138388143451,3.754560336280704,1.7000000000000002,-999.0,8.925543012507172,2,2,25,2,25,2,5.6,-198998.779965,5.6,-198998.779965,7.0,1653897.529989,71.67919430943199,154.77587084895703,182.28945197042378,-1.0,2.0
216,216,216,217,7.3,37.89,143.949,31.0,2012-12-07T08:18:23.130029Z,0,12,0,12,1.0999999999999996,-999.0,1.132292041780074,-999.0,-999.0,-999.0,1,1,2,0,2,0,0.0,0.0,0.0,0.0,6.2,771.669934,0.0,62.86715262975656,182.28945197042378,1.0,3.0
217,217,217,218,7.3,16.731,-86.217,19.0,2009-05-28T08:24:46.560005Z,0,4,0,5,1.9,-999.0,0.2987983998798363,-999.0,-999.0,-999.0,1,1,1,0,1,0,0.0,0.0,0.0,0.0,5.4,1582567.189982,0.0,165.1542637800237,182.28945197042378,1.0,1.0
218,218,218,219,7.3,27.8087,86.0655,15.0,2015-05-12T07:05:19.729966Z,0,0,0,0,-999.0,-999.0,-999.0,-999.0,-999.0,-999.0,-1,-1,0,0,0,0,0.0,0.0,0.0,0.0,0.0,0.0,0.0,0.0,182.28945197042378,1.0,3.0
219,219,219,220,7.3,34.2,-116.437,-0.097,1992-06-28T11:57:34.130021Z,0,17,0,18,1.0,-999.0,0.6473817742071775,-999.0,-999.0,-999.0,1,1,10,0,10,0,0.0,0.0,0.0,0.0,6.3,11276.60002,0.0,44.93074634163799,182.28945197042378,1.0,1.0
220,220,220,221,7.2,14.717,-92.645,34.1,1993-09-10T19:12:54.620006Z,5,8,5,10,0.7999999999999998,-999.0,0.8890348318583313,0.4000000000000003,-999.0,0.6531898777055201,0,0,7,5,8,5,6.8,628674.349966,6.8,628674.349966,6.4,36624.289971,36.37117263573911,131.5071290591866,156.1879214416901,1.0,3.0
221,221,221,222,7.2,41.117,-124.253,19.0,1980-11-08T10:27:33.999987Z,0,3,0,4,2.2,-999.0,4.283582414219191,-999.0,-999.0,-999.0,1,1,0,0,0,0,0.0,0.0,0.0,0.0,5.0,63694.79997,0.0,114.5220119215366,156.1879214416901,1.0,1.0
222,222,222,223,7.2,28.826,34.799,10.0,1995-11-22T04:15:11.940021Z,0,4,0,5,1.5,-999.0,0.2158514213756618,-999.0,-999.0,-999.0,1,1,2,0,2,0,0.0,0.0,0.0,0.0,5.7,136325.349993,0.0,56.602591232584224,156.1879214416901,1.0,1.0
223,223,223,224,7.2,40.3353333,-124.2286667,9.856,1992-04-25T18:06:05.179965Z,0,2,0,2,0.6000000000000005,-999.0,13.286287913465276,-999.0,-999.0,-999.0,-1,-1,2,0,2,0,0.0,0.0,0.0,0.0,6.6,0.0,0.0,30.55609787494898,156.1879214416901,1.0,3.0
224,224,224,225,7.2,44.117,148.192,44.4,1984-03-24T09:44:02.599990Z,0,14,0,14,1.6000000000000003,-999.0,0.5049775945367229,-999.0,-999.0,-999.0,1,1,4,0,4,0,0.0,0.0,0.0,0.0,5.6,824272.020022,0.0,137.24537844992537,156.1879214416901,1.0,3.0
225,225,225,226,7.2,7.92,92.19,16.0,2005-07-24T15:42:06.210025Z,0,9,0,11,1.6000000000000003,-999.0,0.8715992120526326,-999.0,-999.0,-999.0,1,1,5,0,7,0,0.0,0.0,0.0,0.0,5.6,42251.389957,0.0,142.9573553504996,156.1879214416901,-1.0,1.0
226,226,226,227,7.2,-5.599,151.045,26.7,1985-05-10T15:35:50.590005Z,0,7,0,7,1.4000000000000004,-999.0,0.2886691557296138,-999.0,-999.0,-999.0,1,1,3,0,3,0,0.0,0.0,0.0,0.0,5.8,9547.86001,0.0,102.91696639812662,156.1879214416901,-1.0,1.0
227,227,227,228,7.2,12.059,125.58,20.7,1995-04-21T00:34:46.089982Z,6,39,6,45,0.1000000000000005,0.8405699649740359,1.4576483907025748,0.2999999999999998,-999.0,0.4238958704433224,4,4,26,5,31,5,6.9,1491.729949,6.9,1491.729949,7.1,1532000.199977,132.92920294500271,133.1037383513102,156.1879214416901,1.0,3.0
228,228,228,229,7.2,3.886,126.387,20.0,2009-02-11T17:34:50.489962Z,0,71,0,82,0.9000000000000004,1.3734925708298806,2.6187999689722385,-999.0,-999.0,-999.0,1,1,39,0,44,0,0.0,0.0,0.0,0.0,6.3,70815.790082,0.0,85.76952933920806,156.1879214416901,1.0,3.0
229,229,229,230,7.2,-9.094,158.442,23.4,1991-10-14T15:58:12.789987Z,1,6,1,7,0.7999999999999998,-999.0,0.2039759027019025,1.7000000000000002,-999.0,inf,1,1,4,1,5,1,5.5,1579402.340009,5.5,1579402.340009,6.4,3460.220036,28.704424513002937,53.17802798900676,156.1879214416901,1.0,3.0
230,230,230,231,7.2,-6.518,154.999,44.0,1996-04-29T14:40:41.090012Z,4,15,4,15,0.9000000000000004,-999.0,1.308954050642166,1.2999999999999998,-999.0,0.4062158452810889,1,1,12,4,12,4,5.9,1454089.050001,5.9,1454089.050001,6.3,79883.349991,69.08442419940545,93.47218737534314,156.1879214416901,1.0,3.0
231,231,231,232,7.2,16.3855,-97.9787,22.0,2018-02-16T23:39:39.279977Z,0,4,0,6,1.2999999999999998,-999.0,1.7668166077005192,-999.0,-999.0,-999.0,1,1,3,0,4,0,0.0,0.0,0.0,0.0,5.9,-0.0,0.0,53.17454028572319,156.1879214416901,1.0,3.0
232,232,232,233,7.2,-24.133,-175.864,33.0,1982-12-19T17:43:54.849964Z,8,51,8,54,0.9000000000000004,1.0044906384156838,2.042564723679502,1.4000000000000004,-999.0,0.2929247373425472,1,1,39,7,40,7,5.8,461883.469966,5.8,461883.469966,6.3,167303.190015,80.91652004835186,149.76927229371563,156.1879214416901,-1.0,2.0
233,233,233,234,7.2,-6.075,147.572,58.0,1992-05-15T07:05:05.339962Z,0,5,0,6,1.2000000000000002,-999.0,0.2171668177628239,-999.0,-999.0,-999.0,1,1,3,0,4,0,0.0,0.0,0.0,0.0,6.0,-0.0,0.0,68.70996824139556,156.1879214416901,1.0,3.0
234,234,234,235,7.2,-21.89,169.853,33.0,1980-10-25T11:00:05.099986Z,7,32,7,32,0.7000000000000002,1.167850707638996,1.316958677125056,0.5,-999.0,6.092260268493914,1,1,17,4,17,4,6.7,-19199.700004,6.7,-19199.700004,6.5,19199.700004,34.021780782187896,107.70222758650768,156.1879214416901,-1.0,2.0
235,235,235,236,7.2,17.397,-100.9723,24.0,2014-04-18T14:27:24.919979Z,0,3,0,3,0.7999999999999998,-999.0,0.1449774095045203,-999.0,-999.0,-999.0,1,1,2,0,2,0,0.0,0.0,0.0,0.0,6.4,1876116.300019,0.0,30.034108904122316,156.1879214416901,1.0,3.0
236,236,236,237,7.2,-19.022,-69.991,69.7,1987-08-08T15:48:56.749993Z,0,1,0,1,2.1000000000000005,-999.0,inf,-999.0,-999.0,-999.0,-1,-1,0,0,0,0,0.0,0.0,0.0,0.0,5.1,-0.0,0.0,137.05627913981567,156.1879214416901,-1.0,2.0
237,237,237,238,7.2,38.276,142.039,36.0,2005-08-16T02:46:28.399956Z,0,5,0,6,1.1000000000000003,-999.0,0.7895423507493207,-999.0,-999.0,-999.0,1,1,4,0,4,0,0.0,0.0,0.0,0.0,6.1,718139.790087,0.0,108.64663848537914,156.1879214416901,1.0,3.0
238,238,238,239,7.2,-0.593,-80.393,33.0,1998-08-04T18:59:20.099992Z,1,0,1,0,-999.0,-999.0,-999.0,1.7999999999999998,-999.0,inf,-1,-1,0,1,0,1,0.0,0.0,0.0,0.0,0.0,0.0,0.0,0.0,156.1879214416901,1.0,3.0
239,239,239,240,7.2,-24.753,-70.433,36.9,1988-02-05T14:01:02.750045Z,4,6,4,9,0.7000000000000002,-999.0,0.6000094793069207,0.2000000000000001,-999.0,0.30184985751088,2,2,3,3,4,3,7.0,1492230.890049,7.0,1492230.890049,6.5,-1378773.09,22.739205317540986,116.36982937500855,156.1879214416901,1.0,3.0
240,240,240,241,7.2,4.554,-77.442,21.3,1991-11-19T22:28:51.090034Z,0,2,0,2,2.0,-999.0,0.148341610331737,-999.0,-999.0,-999.0,-1,-1,1,0,1,0,0.0,0.0,0.0,0.0,5.2,0.0,0.0,23.549273256390492,156.1879214416901,1.0,3.0
241,241,241,242,7.2,0.151,-77.821,10.0,1987-03-06T04:10:41.959973Z,1,3,1,3,1.2000000000000002,-999.0,18.204791300332925,0.7999999999999998,-999.0,inf,1,1,3,1,3,1,6.4,-14646.120025,6.4,-14646.120025,6.0,14646.120025,21.91902535313298,48.03297938920249,156.1879214416901,-1.0,3.0
242,242,242,243,7.2,-56.032,-25.266,10.0,1991-12-27T04:05:58.240007Z,0,9,0,11,0.6000000000000005,-999.0,0.3843999733924835,-999.0,-999.0,-999.0,1,1,7,0,7,0,0.0,0.0,0.0,0.0,6.6,80069.929999,0.0,110.4359926440182,156.1879214416901,-1.0,2.0
243,243,243,244,7.2,-33.134,-73.074,33.0,1981-10-16T03:25:42.220040Z,0,1,0,1,2.1000000000000005,-999.0,inf,-999.0,-999.0,-999.0,-1,-1,0,0,0,0,0.0,0.0,0.0,0.0,5.1,0.0,0.0,15.035543304360733,156.1879214416901,1.0,3.0
244,244,244,245,7.2,-13.698,166.643,31.0,2010-05-27T17:14:46.569988Z,0,11,0,14,1.1000000000000003,-999.0,1.81417520203404,-999.0,-999.0,-999.0,1,1,6,0,8,0,0.0,0.0,0.0,0.0,6.3,3091526.959993,0.0,93.25679779021486,156.1879214416901,1.0,3.0
245,245,245,246,7.2,-0.5858,128.034,18.98,2019-07-14T09:10:51.522960Z,1,10,1,10,1.4000000000000004,-999.0,3.09726197393028,2.2,-999.0,inf,1,1,4,0,4,0,5.0,239570.967946,5.0,239570.967946,5.8,9695.362006,36.88429485513965,93.69249763964328,156.1879214416901,1.0,1.0
246,246,246,247,7.2,-22.4765,173.1167,16.37,2016-08-12T01:26:36.280033Z,0,12,0,12,1.7000000000000002,-999.0,0.709461899259064,-999.0,-999.0,-999.0,1,1,8,0,8,0,0.0,0.0,0.0,0.0,5.5,0.0,0.0,76.06820316580645,156.1879214416901,1.0,1.0
247,247,247,248,7.2,-45.104,167.144,28.0,2003-08-21T12:12:49.789961Z,0,13,0,14,1.2999999999999998,-999.0,0.6124171836794501,-999.0,-999.0,-999.0,1,1,5,0,6,0,0.0,0.0,0.0,0.0,5.9,7177.900062,0.0,45.11412001661376,156.1879214416901,1.0,3.0
248,248,248,249,7.2,45.324,149.892,42.6,1996-02-07T21:36:46.300033Z,1,4,1,12,1.2000000000000002,-999.0,0.5796255481619927,1.7999999999999998,-999.0,inf,1,1,3,1,8,1,5.4,293966.680032,5.4,293966.680032,6.0,301923.469955,44.25904587447059,140.01384393415375,156.1879214416901,1.0,3.0
249,249,249,250,7.2,40.758,31.161,10.0,1999-11-12T16:57:19.549988Z,2,3,2,3,1.7000000000000002,-999.0,0.7456818848314682,1.5,-999.0,0.5118424586615723,1,1,2,1,2,1,5.7,-1931.95999,5.7,-1931.95999,5.5,1237.240051,75.43073912875009,37.947989459119704,156.1879214416901,1.0,1.0
250,250,250,251,7.2,2.433,93.21,19.0,2012-01-10T18:36:59.079977Z,0,2,0,2,2.1000000000000005,-999.0,0.1202888067411986,-999.0,-999.0,-999.0,-1,-1,0,0,0,0,0.0,0.0,0.0,0.0,5.1,910.030027,0.0,39.51244314687309,156.1879214416901,-1.0,1.0
251,251,251,252,7.2,-17.6,167.856,21.0,2002-01-02T17:22:48.760000Z,1,22,1,23,0.6000000000000005,-999.0,0.7788404042226569,1.1000000000000003,-999.0,inf,1,1,20,1,21,1,6.1,1830570.35002,6.1,1830570.35002,6.6,65540.359966,47.90857925097145,99.51814948009572,156.1879214416901,1.0,3.0
252,252,252,253,7.2,39.243,25.227,10.0,1981-12-19T14:10:50.720020Z,0,4,0,6,0.7000000000000002,-999.0,0.5167094352337901,-999.0,-999.0,-999.0,0,1,2,0,4,0,0.0,0.0,0.0,0.0,6.8,2611216.169991,0.0,114.96232789135884,156.1879214416901,-1.0,2.0
253,253,253,254,7.2,-8.031,155.538,33.0,1977-07-29T11:15:45.300036Z,0,3,0,3,2.0,-999.0,0.415232496530138,-999.0,-999.0,-999.0,1,1,1,0,1,0,0.0,0.0,0.0,0.0,5.2,251575.799964,0.0,96.07357940610495,156.1879214416901,-1.0,1.0
254,254,254,255,7.2,-29.211,-177.589,35.3,1995-07-03T19:50:50.620042Z,1,6,1,7,1.1000000000000003,-999.0,1.6466118721872696,2.2,-999.0,inf,1,1,6,0,7,0,5.0,2465160.380038,5.0,2465160.380038,6.1,25820.709987,120.08859288308622,140.00749334539137,156.1879214416901,1.0,3.0
255,255,255,256,7.2,41.292,-125.953,16.0,2005-06-15T02:50:54.190036Z,0,1,0,1,0.6000000000000005,-999.0,inf,-999.0,-999.0,-999.0,-1,-1,1,0,1,0,0.0,0.0,0.0,0.0,6.6,0.0,0.0,77.76504387089504,156.1879214416901,-1.0,1.0
256,256,256,257,7.2,-34.131,-71.618,37.8,1985-04-09T01:56:59.479961Z,0,0,0,2,-999.0,-999.0,-999.0,-999.0,-999.0,-999.0,-1,-1,0,0,2,0,0.0,0.0,0.0,0.0,0.0,0.0,0.0,0.0,156.1879214416901,1.0,3.0
257,257,257,258,7.2,-30.683,-177.358,33.0,1978-02-09T21:35:12.699977Z,8,19,8,21,0.6000000000000005,-999.0,0.8222882595147251,0.9000000000000004,-999.0,0.5113109044122969,1,1,12,7,13,7,6.3,2268858.49995,6.3,2268858.49995,6.6,-917039.099982,101.31228251329112,124.4305745575735,156.1879214416901,-1.0,2.0
258,258,258,259,7.2,-60.665,-25.451,24.0,1983-10-22T04:21:35.009971Z,0,6,0,6,0.7000000000000002,-999.0,0.9966469098844324,-999.0,-999.0,-999.0,1,1,5,0,5,0,0.0,0.0,0.0,0.0,6.5,31564.160005,0.0,51.078066832387314,156.1879214416901,-1.0,2.0
259,259,259,260,7.2,28.777,63.951,68.0,2011-01-18T20:23:23.480019Z,0,0,0,0,-999.0,-999.0,-999.0,-999.0,-999.0,-999.0,-1,-1,0,0,0,0,0.0,0.0,0.0,0.0,0.0,0.0,0.0,0.0,156.1879214416901,-1.0,2.0
260,260,260,261,7.2,-11.61,165.762,35.0,2007-09-02T01:05:18.149971Z,3,15,3,17,0.9000000000000004,-999.0,0.6686544863218705,1.2000000000000002,-999.0,0.1613663586862542,1,1,7,1,7,1,6.0,1774798.299936,6.0,1774798.299936,6.3,41232.860006,61.386001064691996,68.77052714721984,156.1879214416901,1.0,3.0
261,261,261,262,7.2,-5.771,154.347,33.0,1995-08-16T23:10:23.979992Z,0,0,0,1,-999.0,-999.0,-999.0,-999.0,-999.0,-999.0,-1,-1,0,0,1,0,0.0,0.0,0.0,0.0,0.0,0.0,0.0,0.0,156.1879214416901,1.0,3.0
262,262,262,263,7.2,4.695,-77.508,15.0,2004-11-15T09:06:56.559972Z,0,0,0,0,-999.0,-999.0,-999.0,-999.0,-999.0,-999.0,-1,-1,0,0,0,0,0.0,0.0,0.0,0.0,0.0,0.0,0.0,0.0,156.1879214416901,1.0,3.0
263,263,263,264,7.2,51.36,-179.509,34.0,2007-12-19T09:30:27.929977Z,4,14,4,14,0.9000000000000004,-999.0,0.466741811739596,1.7999999999999998,-999.0,0.1490334180218118,1,1,11,2,11,2,5.4,2328691.340009,5.4,2328691.340009,6.3,-2328691.340009,74.24353499650235,58.12483798316801,156.1879214416901,1.0,3.0
264,264,264,265,7.2,-2.486,99.972,25.0,2008-02-25T08:36:33.030001Z,10,8,10,9,0.5,-999.0,0.3898919122794011,0.7000000000000002,-999.0,0.796115450512778,1,1,6,9,6,9,6.5,-34170.870037,6.5,-34170.870037,6.7,-290456.569962,149.2966626723893,140.16688757001427,156.1879214416901,1.0,3.0
265,265,265,266,7.2,-38.355,-73.326,24.0,2011-01-02T20:20:17.779980Z,0,0,0,5,-999.0,-999.0,-999.0,-999.0,-999.0,-999.0,1,-1,0,0,5,0,0.0,0.0,0.0,0.0,0.0,0.0,0.0,0.0,156.1879214416901,1.0,3.0
266,266,266,267,7.2,-18.365,168.143,32.0,2011-08-20T16:55:02.809974Z,1,33,1,34,0.1000000000000005,1.0735369215586006,1.4815363762711755,1.9000000000000004,-999.0,inf,2,2,17,1,18,1,5.3,-367874.280028,5.3,-367874.280028,7.1,5060.740032,18.89354227548613,139.4270580418564,156.1879214416901,1.0,3.0
267,267,267,268,7.2,32.2861667,-115.2953333,9.987,2010-04-04T22:40:42.359984Z,0,7,0,7,1.5,-999.0,1.8661795017877527,-999.0,-999.0,-999.0,1,1,6,0,6,0,0.0,0.0,0.0,0.0,5.7,574.760009,0.0,62.438430819514714,156.1879214416901,1.0,1.0
268,268,268,269,7.2,33.07,136.618,14.0,2004-09-05T10:07:07.819996Z,0,0,0,0,-999.0,-999.0,-999.0,-999.0,-999.0,-999.0,-1,-1,0,0,0,0,0.0,0.0,0.0,0.0,0.0,0.0,0.0,0.0,156.1879214416901,-1.0,3.0
269,269,269,270,7.2,35.49,81.467,10.0,2008-03-20T22:32:57.930004Z,0,15,0,15,1.6000000000000003,-999.0,0.5322429799298638,-999.0,-999.0,-999.0,1,1,7,0,7,0,0.0,0.0,0.0,0.0,5.6,2342.899986,0.0,64.88808785300998,156.1879214416901,-1.0,2.0
270,270,270,271,7.2,-16.62,167.518,33.0,1994-07-13T02:35:56.020043Z,2,23,2,24,0.5,-999.0,0.807742514418996,1.7999999999999998,-999.0,0.092382156667841,1,1,19,1,20,1,5.4,-118237.449943,5.4,-118237.449943,6.7,20035.729989,107.19188901233002,115.49128872729369,156.1879214416901,-1.0,3.0
271,271,271,272,7.2,6.91,92.958,39.2,2004-12-26T04:21:29.809989Z,0,0,0,0,-999.0,-999.0,-999.0,-999.0,-999.0,-999.0,-1,-1,0,0,0,0,0.0,0.0,0.0,0.0,0.0,0.0,0.0,0.0,156.1879214416901,1.0,3.0
272,272,272,273,7.2,-25.856,-175.406,33.0,1977-10-10T11:53:53.599976Z,0,1,0,1,1.7999999999999998,-999.0,inf,-999.0,-999.0,-999.0,-1,-1,1,0,1,0,0.0,0.0,0.0,0.0,5.4,4487.100023,0.0,16.36272151832894,156.1879214416901,-1.0,2.0
273,273,273,274,7.2,3.748,96.018,38.0,2010-05-09T05:59:41.619955Z,0,0,0,0,-999.0,-999.0,-999.0,-999.0,-999.0,-999.0,-1,-1,0,0,0,0,0.0,0.0,0.0,0.0,0.0,0.0,0.0,0.0,156.1879214416901,-1.0,3.0
274,274,274,275,7.2,7.075,-76.862,10.0,1992-10-18T15:11:59.109960Z,4,15,4,16,1.6000000000000003,-999.0,1.326834003503018,0.5,-999.0,3.648604735210148,1,1,6,2,7,2,6.7,-19913.840065,6.7,-19913.840065,5.6,3225.610084,46.47544658286446,58.96757463829727,156.1879214416901,-1.0,3.0
275,275,275,276,7.2,18.219,-102.756,33.0,1997-01-11T20:28:26.019979Z,0,2,0,2,1.7000000000000002,-999.0,0.1852515554821072,-999.0,-999.0,-999.0,-1,-1,1,0,1,0,0.0,0.0,0.0,0.0,5.5,436361.050023,0.0,41.6180817575981,156.1879214416901,-1.0,2.0
276,276,276,277,7.2,38.2107,72.7797,22.0,2015-12-07T07:50:05.950037Z,0,4,0,5,1.7999999999999998,-999.0,1.6186719802394147,-999.0,-999.0,-999.0,1,1,3,0,3,0,0.0,0.0,0.0,0.0,5.4,8092.359989,0.0,68.7843684317655,156.1879214416901,-1.0,1.0
277,277,277,278,7.2,5.121,32.145,14.9,1990-05-20T02:22:01.619992Z,0,7,0,9,0.1000000000000005,-999.0,0.7094137730007569,-999.0,-999.0,-999.0,2,2,4,0,5,0,0.0,0.0,0.0,0.0,7.1,409086.570009,0.0,62.34151043624899,156.1879214416901,-1.0,1.0
278,278,278,279,7.1,12.614,125.154,33.0,1996-06-11T18:22:55.730005Z,0,6,0,8,1.0,-999.0,0.2938185591224023,-999.0,-999.0,-999.0,1,1,5,0,7,0,0.0,0.0,0.0,0.0,6.1,-0.0,0.0,92.04632349513393,133.82379803431266,1.0,3.0
279,279,279,280,7.1,-15.7675,-74.7092,39.0,2018-01-14T09:18:45.539972Z,0,3,0,3,1.5999999999999996,-999.0,0.1435682821998228,-999.0,-999.0,-999.0,1,1,2,0,2,0,0.0,0.0,0.0,0.0,5.5,595331.440073,0.0,114.99810850822368,133.82379803431266,1.0,3.0
280,280,280,281,7.1,36.194,141.702,36.6,1982-07-23T14:23:53.570029Z,3,12,3,13,0.8999999999999995,-999.0,0.5199630166428383,1.7999999999999998,-999.0,2.9446126547965394,1,1,7,2,8,2,5.3,-149855.10995,5.3,-149855.10995,6.2,12608.909963,10.948758038224812,118.59308217286525,133.82379803431266,1.0,3.0
281,281,281,282,7.1,-10.928,166.018,21.0,2013-02-08T15:26:38.469986Z,0,0,0,0,-999.0,-999.0,-999.0,-999.0,-999.0,-999.0,-1,-1,0,0,0,0,0.0,0.0,0.0,0.0,0.0,0.0,0.0,0.0,133.82379803431266,-1.0,1.0
282,282,282,283,7.1,-3.609,135.404,10.0,2004-11-26T02:25:03.310035Z,1,16,1,16,0.8999999999999995,-999.0,1.7852253770529292,1.7999999999999998,-999.0,inf,1,1,11,1,11,1,5.3,-191502.089999,5.3,-191502.089999,6.2,191502.089999,15.10178982423901,29.84072012803118,133.82379803431266,-1.0,2.0
283,283,283,284,7.1,18.5499,-98.4887,48.0,2017-09-19T18:14:38.090027Z,0,0,0,0,-999.0,-999.0,-999.0,-999.0,-999.0,-999.0,-1,-1,0,0,0,0,0.0,0.0,0.0,0.0,0.0,0.0,0.0,0.0,133.82379803431266,-1.0,2.0
284,284,284,285,7.1,-18.311,168.218,28.0,2011-08-20T18:19:23.550006Z,0,0,0,0,-999.0,-999.0,-999.0,-999.0,-999.0,-999.0,-1,-1,0,0,0,0,0.0,0.0,0.0,0.0,0.0,0.0,0.0,0.0,133.82379803431266,1.0,3.0
285,285,285,286,7.1,-36.813,-179.575,33.0,2001-08-21T06:52:06.249991Z,0,16,0,17,1.2999999999999998,-999.0,0.7965292161389047,-999.0,-999.0,-999.0,1,1,11,0,11,0,0.0,0.0,0.0,0.0,5.8,312114.46997,0.0,42.48375892885618,133.82379803431266,-1.0,3.0
286,286,286,287,7.1,19.066,122.096,15.0,1979-08-26T14:31:22.099984Z,0,0,0,0,-999.0,-999.0,-999.0,-999.0,-999.0,-999.0,-1,-1,0,0,0,0,0.0,0.0,0.0,0.0,0.0,0.0,0.0,0.0,133.82379803431266,-1.0,2.0
287,287,287,288,7.1,-42.813,124.688,10.0,2001-12-12T14:02:35.040019Z,0,2,0,2,1.6999999999999993,-999.0,3.531566338005322,-999.0,-999.0,-999.0,-1,-1,2,0,2,0,0.0,0.0,0.0,0.0,5.4,62734.009939,0.0,22.5363099295249,133.82379803431266,-1.0,1.0
288,288,288,289,7.1,-4.603,140.091,33.0,1976-06-25T19:18:56.899956Z,0,16,0,17,1.1999999999999993,-999.0,0.5486532258019772,-999.0,-999.0,-999.0,1,1,14,0,15,0,0.0,0.0,0.0,0.0,5.9,172412.40001,0.0,120.64416231365855,133.82379803431266,-1.0,0.0
289,289,289,290,7.1,-11.183,164.882,10.0,2013-02-06T01:23:19.760036Z,0,0,0,0,-999.0,-999.0,-999.0,-999.0,-999.0,-999.0,-1,-1,0,0,0,0,0.0,0.0,0.0,0.0,0.0,0.0,0.0,0.0,133.82379803431266,-1.0,2.0
290,290,290,291,7.1,15.978,-98.07,21.1,1996-02-25T03:08:15.869992Z,0,9,0,10,0.8999999999999995,-999.0,0.3661892010362733,-999.0,-999.0,-999.0,1,1,9,0,10,0,0.0,0.0,0.0,0.0,6.2,22181.170032,0.0,117.52541605600861,133.82379803431266,1.0,3.0
291,291,291,292,7.1,11.76,121.899,18.1,1990-06-14T07:40:56.209989Z,1,3,1,4,1.5,-999.0,5.362220918707325,2.1,-999.0,inf,1,1,2,0,3,0,5.0,1620899.490011,5.0,1620899.490011,5.6,14885.140003,72.5317191678649,73.33138619010663,133.82379803431266,-1.0,1.0
292,292,292,293,7.1,27.929,130.175,28.4,1995-10-18T10:37:26.379987Z,0,17,0,18,0.2999999999999998,-999.0,0.7949858777174422,-999.0,-999.0,-999.0,2,2,15,0,16,0,0.0,0.0,0.0,0.0,6.8,57849.809987,0.0,34.50135103452165,133.82379803431266,-1.0,2.0
293,293,293,294,7.1,21.799,120.547,10.0,2006-12-26T12:26:21.139955Z,1,5,1,6,0.1999999999999993,-999.0,8.608537517612621,2.0,-999.0,inf,2,2,5,1,6,1,5.1,1106641.939993,5.1,1106641.939993,6.9,840.560026,121.40976792396914,36.35985178565124,133.82379803431266,-1.0,2.0
294,294,294,295,7.1,24.279,122.179,32.8,2002-03-31T06:52:50.489995Z,0,2,0,5,1.7999999999999998,-999.0,0.0806323683084092,-999.0,-999.0,-999.0,1,-1,2,0,4,0,0.0,0.0,0.0,0.0,6.2,3471366.680028,0.0,79.90101468061496,133.82379803431266,-1.0,3.0
295,295,295,296,7.1,-37.759,178.752,21.1,1995-02-05T22:51:05.139990Z,0,17,0,17,0.5999999999999996,-999.0,0.7965642353743232,-999.0,-999.0,-999.0,1,1,16,0,16,0,0.0,0.0,0.0,0.0,6.5,532402.680043,0.0,36.81232776020356,133.82379803431266,-1.0,2.0
296,296,296,297,7.1,55.867,161.287,62.6,1983-08-17T10:55:54.130023Z,0,0,0,1,-999.0,-999.0,-999.0,-999.0,-999.0,-999.0,-1,-1,0,0,0,0,0.0,0.0,0.0,0.0,0.0,0.0,0.0,0.0,133.82379803431266,-1.0,3.0
297,297,297,298,7.1,1.6213,126.4156,33.0,2019-11-14T16:17:40.578000Z,1,33,1,33,1.0999999999999996,1.4549967414017555,1.7580931211955677,1.6999999999999993,-999.0,inf,1,1,24,1,24,1,5.4,1291719.737007,5.4,1291719.737007,6.0,19186.480019,17.2704759410938,41.36845222216833,133.82379803431266,1.0,3.0
298,298,298,299,7.1,-10.972,164.181,20.4,1993-03-06T03:05:49.869979Z,0,9,0,9,0.3999999999999994,-999.0,0.4596681512712712,-999.0,-999.0,-999.0,2,2,8,0,8,0,0.0,0.0,0.0,0.0,6.7,48067.089976,0.0,104.09860791859413,133.82379803431266,-1.0,1.0
299,299,299,300,7.1,13.752,124.358,45.7,1982-01-11T06:10:06.489981Z,0,3,0,6,0.6999999999999993,-999.0,0.2311670719319039,-999.0,-999.0,-999.0,1,1,3,0,4,0,0.0,0.0,0.0,0.0,6.4,-0.0,0.0,90.16266696943879,133.82379803431266,1.0,3.0
300,300,300,301,7.1,-23.913,-70.207,42.0,1998-01-30T12:16:08.690018Z,1,0,1,0,-999.0,-999.0,-999.0,1.5,-999.0,inf,-1,-1,0,1,0,1,0.0,0.0,0.0,0.0,0.0,0.0,0.0,0.0,133.82379803431266,1.0,3.0
301,301,301,302,7.1,-18.318,168.063,20.7,1990-03-05T16:38:12.570030Z,0,2,0,3,1.6999999999999993,-999.0,0.7375947070105106,-999.0,-999.0,-999.0,1,-1,2,0,3,0,0.0,0.0,0.0,0.0,5.5,236222.000001,0.0,30.65254481270996,133.82379803431266,1.0,3.0
302,302,302,303,7.1,9.8796,124.1167,19.04,2013-10-15T00:12:32.049964Z,0,20,0,20,1.3999999999999997,-999.0,1.13829507151543,-999.0,-999.0,-999.0,1,1,14,0,14,0,0.0,0.0,0.0,0.0,5.7,30617.530067,0.0,61.376500848611684,133.82379803431266,-1.0,3.0
303,303,303,304,7.1,37.1557,144.6611,35.0,2013-10-25T17:10:19.710020Z,0,6,0,6,1.5999999999999996,-999.0,2.684179835410629,-999.0,-999.0,-999.0,1,1,5,0,5,0,0.0,0.0,0.0,0.0,5.5,176566.729991,0.0,27.386986369942942,133.82379803431266,-1.0,2.0
304,304,304,305,7.1,-17.827,167.133,23.0,2012-02-02T13:34:40.650007Z,1,29,1,31,1.0,-999.0,1.055595336498098,1.7999999999999998,-999.0,inf,1,1,17,1,19,1,5.3,2130171.110034,5.3,2130171.110034,6.1,-2130171.110034,91.58679091980085,109.33148403298823,133.82379803431266,-1.0,2.0
305,305,305,306,7.1,-0.0456,-17.8255,10.0,2016-08-29T04:29:57.859959Z,0,1,0,2,2.1,-999.0,inf,-999.0,-999.0,-999.0,-1,-1,0,0,0,0,0.0,0.0,0.0,0.0,5.0,13838.760062,0.0,18.2078017091311,133.82379803431266,-1.0,1.0
306,306,306,307,7.1,52.6487,-31.9016,16.68,2015-02-13T18:59:12.229988Z,1,1,1,1,1.9,-999.0,inf,1.7999999999999998,-999.0,inf,-1,-1,1,1,1,1,5.3,-2038.379992,5.3,-2038.379992,5.2,2038.379992,15.752203098627582,28.783884743060508,133.82379803431266,-1.0,1.0
307,307,307,308,7.1,-35.2,-72.217,40.7,2012-03-25T22:37:06.000043Z,1,0,1,0,-999.0,-999.0,-999.0,2.1,-999.0,inf,-1,-1,0,0,0,0,0.0,0.0,0.0,0.0,0.0,0.0,0.0,0.0,133.82379803431266,1.0,3.0
308,308,308,309,7.1,52.629,142.827,11.0,1995-05-27T13:03:52.650002Z,0,4,0,4,1.7999999999999998,-999.0,0.2378975080945758,-999.0,-999.0,-999.0,1,1,3,0,3,0,0.0,0.0,0.0,0.0,5.3,163061.58004,0.0,52.44958117535628,133.82379803431266,-1.0,1.0
309,309,309,310,7.1,-29.934,-177.741,33.0,1981-12-26T17:05:32.519966Z,10,7,10,9,1.5999999999999996,-999.0,0.3816868829672659,0.2999999999999998,-999.0,0.4211624437358676,2,2,6,6,8,6,6.8,120498.93997,6.8,120498.93997,5.6,-114806.339978,102.14661236165168,125.51779538475616,133.82379803431266,1.0,3.0
310,310,310,311,7.1,-1.639,134.911,10.0,1985-11-17T09:40:21.290015Z,0,7,0,7,1.0999999999999996,-999.0,0.3614032341090745,-999.0,-999.0,-999.0,1,1,5,0,5,0,0.0,0.0,0.0,0.0,6.0,16832.3,0.0,66.13137768306197,133.82379803431266,1.0,1.0
311,311,311,312,7.1,-22.253,169.683,22.0,2004-01-03T16:23:21.020008Z,0,0,0,0,-999.0,-999.0,-999.0,-999.0,-999.0,-999.0,-1,-1,0,0,0,0,0.0,0.0,0.0,0.0,0.0,0.0,0.0,0.0,133.82379803431266,-1.0,2.0
312,312,312,313,7.1,35.7695,-117.5993333,8.0,2019-07-06T03:19:53.039968Z,3,3,3,3,1.5999999999999996,-999.0,139.17750241893637,0.6999999999999993,-999.0,2.135733089439299,1,1,2,2,2,2,6.4,-1680.380043,6.4,-1680.380043,5.5,1680.380043,11.193046058632095,19.946151072850217,133.82379803431266,-1.0,1.0
313,313,313,314,7.1,-47.6165,85.0913,35.0,2015-12-04T22:25:00.110005Z,0,1,0,1,2.1,-999.0,inf,-999.0,-999.0,-999.0,-1,-1,0,0,0,0,0.0,0.0,0.0,0.0,5.0,603636.709971,0.0,5.533875683834437,133.82379803431266,-1.0,2.0
314,314,314,315,7.1,-6.5858,155.0485,60.53,2014-04-11T07:07:23.129991Z,0,0,0,0,-999.0,-999.0,-999.0,-999.0,-999.0,-999.0,-1,-1,0,0,0,0,0.0,0.0,0.0,0.0,0.0,0.0,0.0,0.0,133.82379803431266,1.0,3.0
315,315,315,316,7.1,2.305,126.76,44.0,1989-02-10T11:15:24.679991Z,0,32,0,32,1.1999999999999993,1.0070596681814548,1.0733256752215654,-999.0,-999.0,-999.0,1,1,29,0,29,0,0.0,0.0,0.0,0.0,5.9,14911.310038,0.0,132.70711263936562,133.82379803431266,1.0,3.0
316,316,316,317,7.1,13.525,121.067,31.5,1994-11-14T19:15:30.659966Z,0,4,0,6,1.5999999999999996,-999.0,0.1406250143093871,-999.0,-999.0,-999.0,1,1,3,0,5,0,0.0,0.0,0.0,0.0,5.5,40178.540066,0.0,78.82146876462166,133.82379803431266,1.0,1.0
317,317,317,318,7.1,-46.676,164.721,10.0,2004-11-22T20:26:23.899982Z,0,0,0,0,-999.0,-999.0,-999.0,-999.0,-999.0,-999.0,-1,-1,0,0,0,0,0.0,0.0,0.0,0.0,0.0,0.0,0.0,0.0,133.82379803431266,1.0,3.0
318,318,318,319,7.1,7.239,126.645,32.8,1992-05-17T09:49:19.109971Z,0,0,0,0,-999.0,-999.0,-999.0,-999.0,-999.0,-999.0,-1,-1,0,0,0,0,0.0,0.0,0.0,0.0,0.0,0.0,0.0,0.0,133.82379803431266,1.0,3.0
319,319,319,320,7.1,29.976,68.208,33.0,1997-02-27T21:08:02.359967Z,0,4,0,4,1.0999999999999996,-999.0,0.1952989618632258,-999.0,-999.0,-999.0,1,1,4,0,4,0,0.0,0.0,0.0,0.0,6.0,1354.210015,0.0,83.42169914372536,133.82379803431266,1.0,3.0
320,320,320,321,7.1,-18.771,-172.415,35.2,1988-10-08T04:46:24.529985Z,0,1,0,1,1.6999999999999993,-999.0,inf,-999.0,-999.0,-999.0,-1,-1,1,0,1,0,0.0,0.0,0.0,0.0,5.4,10073.119996,0.0,27.7724852941581,133.82379803431266,1.0,3.0
321,321,321,322,7.1,1.271,126.249,35.0,2001-02-24T07:23:48.729956Z,0,10,0,10,0.8999999999999995,-999.0,1.0688036008898285,-999.0,-999.0,-999.0,1,1,9,0,9,0,0.0,0.0,0.0,0.0,6.2,32995.950046,0.0,64.15820959197242,133.82379803431266,1.0,3.0
322,322,322,323,7.1,-7.2175,154.5567,10.0,2015-05-07T07:10:19.589977Z,1,17,1,17,1.3999999999999997,-999.0,0.7094749050017845,1.7999999999999998,-999.0,inf,1,1,11,1,11,1,5.3,1339204.449946,5.3,1339204.449946,5.7,0.0,100.78950848585592,101.59902336738432,133.82379803431266,-1.0,2.0
323,323,323,324,7.1,51.272,177.978,33.0,2003-03-17T16:36:17.310013Z,0,5,0,5,0.8999999999999995,-999.0,33.307658679437054,-999.0,-999.0,-999.0,1,1,5,0,5,0,0.0,0.0,0.0,0.0,6.2,8370.569977,0.0,108.44236044479567,133.82379803431266,1.0,3.0
324,324,324,325,7.1,5.397,121.937,33.0,1999-03-04T08:52:01.899988Z,0,3,0,4,1.1999999999999993,-999.0,0.5385167900763914,-999.0,-999.0,-999.0,1,1,3,0,3,0,0.0,0.0,0.0,0.0,5.9,101349.049996,0.0,30.066066500931893,133.82379803431266,-1.0,3.0
325,325,325,326,7.1,1.8929,126.5217,45.0,2014-11-15T02:31:41.720044Z,1,21,1,26,0.2999999999999998,-999.0,0.7425809404971082,1.9,-999.0,inf,5,0,16,1,21,1,5.2,1901275.290029,5.2,1901275.290029,6.8,994687.889966,49.337893756094616,76.83993698832876,133.82379803431266,1.0,3.0
326,326,326,327,7.1,53.452,169.871,24.8,1990-11-06T20:14:29.739955Z,0,1,0,1,2.1,-999.0,inf,-999.0,-999.0,-999.0,-1,-1,0,0,0,0,0.0,0.0,0.0,0.0,5.0,7950.53007,0.0,35.333165165876814,133.82379803431266,1.0,3.0
327,327,327,328,7.1,34.6033333,-116.265,13.73,1999-10-16T09:46:44.460015Z,0,6,0,6,1.2999999999999998,-999.0,0.9583068316052964,-999.0,-999.0,-999.0,1,1,3,0,3,0,0.0,0.0,0.0,0.0,5.8,770.930007,0.0,81.79036561431305,133.82379803431266,1.0,1.0
328,328,328,329,7.1,-22.0295,170.1262,21.43,2018-08-29T03:51:56.099976Z,2,11,2,32,0.7999999999999998,-999.0,0.8698320897840728,1.6999999999999993,-999.0,0.0833418733054191,1,1,9,1,28,1,5.4,214965.629992,5.4,214965.629992,6.5,4138016.32006,114.05678118160738,117.69947925639251,133.82379803431266,1.0,3.0
329,329,329,330,7.1,-5.577,130.791,67.3,1987-06-17T01:32:53.719989Z,0,1,0,1,1.5999999999999996,-999.0,inf,-999.0,-999.0,-999.0,-1,-1,1,0,1,0,0.0,0.0,0.0,0.0,5.5,-0.0,0.0,101.4498543468213,133.82379803431266,-1.0,3.0
330,330,330,331,7.1,12.626,125.297,16.0,1995-05-05T03:53:45.050039Z,0,1,0,1,2.1,-999.0,inf,-999.0,-999.0,-999.0,-1,-1,0,0,0,0,0.0,0.0,0.0,0.0,5.0,1274216.520005,0.0,0.0,133.82379803431266,1.0,3.0
331,331,331,332,7.1,-17.192,-72.305,33.1,1988-04-12T23:19:55.569992Z,0,8,0,8,0.8999999999999995,-999.0,0.9542941954534772,-999.0,-999.0,-999.0,1,1,7,0,7,0,0.0,0.0,0.0,0.0,6.2,4775.599987,0.0,42.648740405843746,133.82379803431266,1.0,3.0
332,332,332,333,7.1,-4.517,139.918,33.0,1976-10-29T02:51:07.600001Z,0,3,0,5,1.5999999999999996,-999.0,0.2964333984265078,-999.0,-999.0,-999.0,1,1,3,0,4,0,0.0,0.0,0.0,0.0,5.5,-0.0,0.0,96.40201476967653,133.82379803431266,-1.0,2.0
333,333,333,334,7.1,-10.615,161.284,22.0,1979-10-23T09:51:06.700003Z,2,10,2,11,1.2999999999999998,-999.0,2.5782217253324893,1.1999999999999993,-999.0,37.335522101156606,1,1,9,1,9,1,5.9,-18986.199985,5.9,-18986.199985,5.8,1232.800042,11.907945104409084,75.38994695679612,133.82379803431266,1.0,3.0
334,334,334,335,7.1,-30.933,-71.22,58.0,1997-10-15T01:03:33.460044Z,0,8,0,8,0.8999999999999995,-999.0,0.3101360037807881,-999.0,-999.0,-999.0,1,1,6,0,6,0,0.0,0.0,0.0,0.0,6.2,1710558.579998,0.0,118.9158028371567,133.82379803431266,-1.0,2.0
335,335,335,336,7.1,-5.982,-77.094,19.8,1991-04-05T04:19:49.519978Z,2,9,2,9,1.5999999999999996,-999.0,0.3068203875720689,0.5999999999999996,-999.0,64.0502912101472,1,1,5,2,5,2,6.5,-124120.079995,6.5,-124120.079995,5.5,2480.81003,7.393055074636243,51.715246368827835,133.82379803431266,-1.0,3.0
336,336,336,337,7.1,42.839,78.606,33.0,1978-03-24T21:05:48.200032Z,0,1,0,1,2.1,-999.0,inf,-999.0,-999.0,-999.0,-1,-1,0,0,0,0,0.0,0.0,0.0,0.0,5.0,128735.599972,0.0,14.764053419484457,133.82379803431266,-1.0,2.0
337,337,337,338,7.1,-20.617,169.357,34.0,2007-03-25T00:40:01.609997Z,1,14,1,15,0.1999999999999993,-999.0,0.4761717435616338,1.2999999999999998,-999.0,inf,5,5,12,1,12,1,5.8,1089658.399996,5.8,1089658.399996,6.9,35829.989976,69.04970466902225,101.25730833521459,133.82379803431266,1.0,3.0
338,338,338,339,7.1,8.185,-38.794,10.0,1984-11-01T04:48:50.270021Z,0,0,0,0,-999.0,-999.0,-999.0,-999.0,-999.0,-999.0,-1,-1,0,0,0,0,0.0,0.0,0.0,0.0,0.0,0.0,0.0,0.0,133.82379803431266,-1.0,1.0
339,339,339,340,7.1,-8.783,157.354,10.0,2010-01-03T22:36:25.640003Z,1,30,1,31,0.2999999999999998,-999.0,1.453134185632563,0.5,-999.0,inf,5,5,24,1,24,1,6.6,-480170.210025,6.6,-480170.210025,6.8,135546.570028,15.936650134718612,103.25336155697254,133.82379803431266,1.0,3.0
340,340,340,341,7.1,-15.8385,-74.5112,40.0,2013-09-25T16:42:43.169991Z,0,0,0,0,-999.0,-999.0,-999.0,-999.0,-999.0,-999.0,-1,-1,0,0,0,0,0.0,0.0,0.0,0.0,0.0,0.0,0.0,0.0,133.82379803431266,1.0,3.0
341,341,341,342,7.1,0.197,98.027,33.0,1984-11-17T06:49:30.019960Z,0,2,0,2,1.7999999999999998,-999.0,11.137479525600906,-999.0,-999.0,-999.0,-1,-1,1,0,1,0,0.0,0.0,0.0,0.0,5.3,2261.140008,0.0,17.83350069922757,133.82379803431266,1.0,3.0
342,342,342,343,7.1,8.717,-83.123,37.0,1983-04-03T02:50:01.180003Z,0,9,0,11,1.5,-999.0,1.8986011245391392,-999.0,-999.0,-999.0,1,1,9,0,10,0,0.0,0.0,0.0,0.0,6.1,123669.899969,0.0,114.95465186719659,133.82379803431266,-1.0,2.0
343,343,343,344,7.1,-13.966,166.516,43.0,1985-12-21T01:13:22.409957Z,20,23,20,31,0.5999999999999996,-999.0,1.073068583435928,0.0999999999999996,-999.0,1.073365907725567,4,4,23,17,29,17,7.0,1977808.259943,7.0,1977808.259943,6.5,-1103560.579981,53.90124446876035,125.32501584361093,133.82379803431266,1.0,3.0
344,344,344,345,7.1,60.642,-141.593,15.0,1979-02-28T21:27:06.100011Z,0,2,0,3,1.6999999999999993,-999.0,1.816043609989796,-999.0,-999.0,-999.0,1,-1,2,0,3,0,0.0,0.0,0.0,0.0,5.4,130059.500002,0.0,57.616477320127466,133.82379803431266,-1.0,2.0
345,345,345,346,7.1,40.402,-125.68,10.0,1994-09-01T15:15:53.080045Z,0,0,0,0,-999.0,-999.0,-999.0,-999.0,-999.0,-999.0,-1,-1,0,0,0,0,0.0,0.0,0.0,0.0,0.0,0.0,0.0,0.0,133.82379803431266,1.0,1.0
346,346,346,347,7.1,-59.426,-20.508,33.0,1977-08-26T19:50:01.400032Z,0,2,0,2,1.6999999999999993,-999.0,0.2911879744868251,-999.0,-999.0,-999.0,-1,-1,2,0,2,0,0.0,0.0,0.0,0.0,5.4,232958.200011,0.0,45.40340795875565,133.82379803431266,-1.0,1.0
347,347,347,348,7.1,-19.528,173.818,33.0,2000-02-25T01:43:58.639959Z,0,3,0,3,1.5,-999.0,0.3037681204769455,-999.0,-999.0,-999.0,1,1,3,0,3,0,0.0,0.0,0.0,0.0,5.6,43813.550072,0.0,93.32220822640218,133.82379803431266,-1.0,1.0
348,348,348,349,7.1,-55.664,158.453,16.0,2008-04-12T00:30:12.600026Z,0,3,0,3,2.0,-999.0,0.5451001500787633,-999.0,-999.0,-999.0,1,1,3,0,3,0,0.0,0.0,0.0,0.0,5.1,0.0,0.0,40.355552399307,133.82379803431266,1.0,3.0
349,349,349,350,7.1,30.013,57.794,33.0,1981-07-28T17:22:24.620018Z,0,1,0,1,2.0,-999.0,inf,-999.0,-999.0,-999.0,-1,-1,1,0,1,0,0.0,0.0,0.0,0.0,5.1,2522.449988,0.0,9.957278268268427,133.82379803431266,-1.0,3.0
350,350,350,351,7.1,38.276,141.588,42.0,2011-04-07T14:32:43.289978Z,0,0,0,5,-999.0,-999.0,-999.0,-999.0,-999.0,-999.0,1,-1,0,0,3,0,0.0,0.0,0.0,0.0,0.0,0.0,0.0,0.0,133.82379803431266,-1.0,3.0
351,351,351,352,7.1,-11.132,162.136,33.0,1978-11-05T22:02:07.099961Z,5,12,5,15,1.0,-999.0,0.5922602078584429,0.1999999999999993,-999.0,21.971426971422947,2,2,10,5,13,5,6.9,83412.49994,6.9,83412.49994,6.3,279791.600018,18.272083645390452,128.3507243752479,133.82379803431266,1.0,3.0
352,352,352,353,7.1,61.3464,-149.9552,46.7,2018-11-30T17:29:29.330016Z,0,5,0,7,1.2999999999999998,-999.0,8.355027231407181,-999.0,-999.0,-999.0,1,1,3,0,3,0,0.0,0.0,0.0,0.0,5.8,367.89198,0.0,15.26090036699985,133.82379803431266,-1.0,2.0
353,353,353,354,7.1,38.721,43.508,18.0,2011-10-23T10:41:23.249986Z,0,13,0,14,1.1999999999999993,-999.0,0.5784925642449608,-999.0,-999.0,-999.0,1,1,11,0,12,0,0.0,0.0,0.0,0.0,5.9,36251.610048,0.0,89.93102124138115,133.82379803431266,1.0,3.0
354,354,354,355,7.1,5.358,31.848,16.0,1990-05-24T20:00:08.190001Z,0,0,0,0,-999.0,-999.0,-999.0,-999.0,-999.0,-999.0,-1,-1,0,0,0,0,0.0,0.0,0.0,0.0,0.0,0.0,0.0,0.0,133.82379803431266,-1.0,2.0
355,355,355,356,7.1,33.962,59.726,10.0,1979-11-27T17:10:32.900020Z,4,2,4,2,1.0999999999999996,-999.0,0.2094292108809403,0.5,-999.0,0.3029787917474795,1,1,1,1,1,1,6.6,1176550.79999,6.6,1176550.79999,6.0,-1080217.999994,10.722127824803811,37.24992904532884,133.82379803431266,-1.0,1.0
