,cid,m0,lat0,lon0,depth0,ot0,nf,na,nf_all,na_all,dm_a,b_a,rate_a,dm_f,b_f,rate_f,c_type,c_type60,na_apr,nf_apr,na_all_apr,nf_all_apr,MmaxFS,dtmaxFS,MmaxFS60,dtmaxFS60,MmaxAS,dtmaxAS,RmaxFS,RmaxAS,Rpred,InterIntra,fstyle
0,19,7,41.679,-125.856,1.303,1991-08-17T22:17:09.970019Z,1,0,2,0,-999,-999,-999,0.9,-999,inf,-1,-1,0,1,0,2,0,0,0,0,0,0,0,0,114.6619326,-1,1
1,42,7,28.696,-113.104,13,2012-04-12T07:15:48.500002Z,1,0,1,0,-999,-999,-999,1,-999,inf,-1,-1,0,1,0,1,0,0,0,0,0,0,0,0,114.6619326,-1,1
2,44,7.1,-35.2,-72.217,40.7,2012-03-25T22:37:06.000043Z,0,0,0,1,-999,-999,-999,-999,-999,-999,-1,-1,0,0,1,0,0,0,0,0,0,0,0,0,133.823798,1,3
3,91,7,-28.683,-177.624,30,1997-09-20T16:11:32.149994Z,0,0,0,1,-999,-999,-999,-999,-999,-999,-1,-1,0,0,1,0,0,0,0,0,0,0,0,0,114.6619326,-1,3
4,419,7.1,-23.913,-70.207,42,1998-01-30T12:16:08.690018Z,0,0,0,2,-999,-999,-999,-999,-999,-999,-1,-1,0,0,2,0,0,0,0,0,0,0,0,0,133.823798,1,3
5,534,7.1,40.402,-125.68,10,1994-09-01T15:15:53.080045Z,0,0,0,2,-999,-999,-999,-999,-999,-999,-1,-1,0,0,2,0,0,0,0,0,0,0,0,0,133.823798,1,1
6,538,7,39.566,54.799,30,2000-12-06T17:11:06.399970Z,0,0,0,1,-999,-999,-999,-999,-999,-999,-1,-1,0,0,1,0,0,0,0,0,0,0,0,0,114.6619326,-1,3
7,567,7.2,-0.593,-80.393,33,1998-08-04T18:59:20.099992Z,1,0,1,0,-999,-999,-999,1.8,-999,inf,-1,-1,0,1,0,1,0,0,0,0,0,0,0,0,156.1879214,1,3
8,579,7.1,-19.528,173.818,33,2000-02-25T01:43:58.639959Z,0,3,0,3,1.5,-999,0.30376812,-999,-999,-999,1,1,3,0,3,0,0,0,0,0,5.6,0,0,93.32220823,133.823798,-1,1
9,691,7,-53.9451,-55.0033,11.78,2013-11-25T06:27:33.300025Z,1,2,1,2,1,-999,72.98068029,1.4,-999,inf,1,1,2,1,2,1,5.6,0,5.6,0,6,0,9.262579154,72.06593796,114.6619326,1,1
10,794,7.5,-4.102,123.907,33,2001-10-19T03:28:44.460019Z,0,4,3,5,1.8,-999,0.266570897,-999,-999,-999,1,1,2,0,3,3,6.3,0,0,0,5.7,0,85.19978218,218.1822676,248.307437,1,1
11,924,7,-1.339,88.976,10,1999-11-15T05:42:43.219957Z,0,4,0,5,0.6,-999,5.442596825,-999,-999,-999,1,1,4,0,5,0,0,0,0,0,6.4,0,0,27.29373226,114.6619326,-1,1
12,935,7.2,40.3353333,-124.2286667,9.856,1992-04-25T18:06:05.179965Z,0,2,2,2,0.6,-999,13.28628791,-999,-999,-999,1,-1,2,0,2,2,6,0,0,0,6.6,0,11.77484058,30.55609787,156.1879214,1,3
13,985,7.1,60.642,-141.593,15,1979-02-28T21:27:06.100011Z,0,2,0,3,1.7,-999,1.81604361,-999,-999,-999,1,-1,2,0,3,0,0,0,0,0,5.4,0,0,57.61647732,133.823798,-1,2
14,1155,7,5.8983,126.9209,60.21,2018-12-29T03:39:09.740021Z,0,2,0,6,1.3,-999,0.114602649,-999,-999,-999,1,-1,2,0,6,0,0,0,0,0,5.7,0,0,99.30086245,114.6619326,1,3
15,1157,7.2,-29.211,-177.589,35.3,1995-07-03T19:50:50.620042Z,0,6,0,11,1.1,-999,1.646611872,-999,-999,-999,1,1,6,0,11,0,0,0,0,0,6.1,0,0,146.0953399,156.1879214,1,3
16,1164,7.1,-59.426,-20.508,33,1977-08-26T19:50:01.400032Z,0,2,0,2,1.7,-999,0.291187974,-999,-999,-999,-1,-1,2,0,2,0,0,0,0,0,5.4,0,0,45.40340796,133.823798,-1,1
17,1205,7,-45.277,166.927,28.1,1993-08-10T00:51:53.249991Z,0,2,0,2,1.4,-999,2.667627507,-999,-999,-999,-1,-1,2,0,2,0,0,0,0,0,5.6,0,0,21.19265931,114.6619326,1,3
18,1234,7.2,0.151,-77.821,10,1987-03-06T04:10:41.959973Z,1,3,1,5,1.2,-999,18.2047913,0.8,-999,inf,1,1,3,1,5,1,6.4,0,6.4,0,6.4,0,21.91902535,141.3063383,156.1879214,-1,3
19,1250,7,-51.225,160.513,10,1982-07-07T10:43:03.740016Z,0,2,0,2,1.7,-999,0.131338011,-999,-999,-999,-1,-1,2,0,2,0,0,0,0,0,5.3,0,0,48.70745334,114.6619326,1,1
20,1269,7.1,52.6487,-31.9016,16.68,2015-02-13T18:59:12.229988Z,0,1,0,1,1.9,-999,inf,-999,-999,-999,-1,-1,1,0,1,0,0,0,0,0,5.2,0,0,28.78388474,133.823798,-1,1
21,1304,7,14.066,-91.924,67.1,1983-12-02T03:09:05.659975Z,0,2,0,3,1.5,-999,0.185547702,-999,-999,-999,1,-1,2,0,3,0,0,0,0,0,5.9,0,0,114.0501668,114.6619326,1,3
22,1306,7.6,-43.4064,-73.9413,38,2016-12-25T14:22:27.010018Z,0,3,0,3,2,-999,0.323186286,-999,-999,-999,1,1,1,0,1,0,0,0,0,0,5.6,0,0,45.69696472,289.8036301,1,3
23,1347,7,23.613,95.901,19.7,1991-01-05T14:57:11.589980Z,0,1,0,1,1.8,-999,inf,-999,-999,-999,-1,-1,1,0,1,0,0,0,0,0,5.2,0,0,45.06709492,114.6619326,1,1
24,1351,7,-3.517,138.476,66,2013-04-06T04:42:35.860032Z,0,1,1,2,1.5,-999,inf,-999,-999,-999,1,-1,1,0,2,1,5.2,0,0,0,5.5,0,94.57009641,88.69491644,114.6619326,-1,0
25,1361,7.4,-46.675,165.707,33,1979-10-12T10:25:22.300028Z,0,2,0,2,1.9,-999,20.24675737,-999,-999,-999,-1,-1,1,0,1,0,0,0,0,0,5.5,0,0,20.19375136,212.7529709,1,3
26,1377,7,-6.526,152.779,16.6,1988-07-23T15:17:08.179959Z,0,9,0,9,1.4,-999,0.323470991,-999,-999,-999,1,1,9,0,9,0,0,0,0,0,5.6,0,0,37.70046223,114.6619326,-1,2
27,1433,7.1,-36.813,-179.575,33,2001-08-21T06:52:06.249991Z,0,0,0,8,-999,-999,-999,-999,-999,-999,1,-1,0,0,8,0,0,0,0,0,0,0,0,0,133.823798,-1,3
28,1477,8.1,-62.877,149.527,10,1998-03-25T03:12:25.069968Z,0,7,0,9,1.7,-999,0.28830324,-999,-999,-999,1,1,1,0,2,0,0,0,0,0,6.4,0,0,339.4667414,470.6906315,-1,1
29,1481,7.5,22.306,125.308,33,1998-05-03T23:30:21.910037Z,0,3,0,4,2.2,-999,0.154463308,-999,-999,-999,1,1,0,0,1,0,0,0,0,0,6.3,0,0,59.07832843,248.307437,-1,1
30,1526,7,-6.351,148.763,33,1999-11-19T13:56:46.449977Z,5,3,5,3,0.6,-999,0.151183094,0.1,-999,2.146836244,2,2,3,5,3,5,6.9,0,6.9,0,6.4,0,43.2293844,77.30552214,114.6619326,1,3
31,1532,7.1,-42.813,124.688,10,2001-12-12T14:02:35.040019Z,0,2,0,2,1.7,-999,3.531566338,-999,-999,-999,-1,-1,2,0,2,0,0,0,0,0,5.4,0,0,22.53630993,133.823798,-1,1
32,1579,7,10.598,-63.486,19.9,1997-07-09T19:24:13.170006Z,0,2,0,2,1.7,-999,72.23778421,-999,-999,-999,-1,-1,2,0,2,0,0,0,0,0,5.3,0,0,87.30125278,114.6619326,1,1
33,1660,7.2,-19.022,-69.991,69.7,1987-08-08T15:48:56.749993Z,0,1,0,1,2.1,-999,inf,-999,-999,-999,-1,-1,0,0,0,0,0,0,0,0,5.1,0,0,137.0562791,156.1879214,-1,2
34,1670,7.2,-60.665,-25.451,24,1983-10-22T04:21:35.009971Z,0,6,0,8,0.7,-999,0.99664691,-999,-999,-999,1,1,5,0,7,0,0,0,0,0,6.5,0,0,107.2772438,156.1879214,-1,2
35,1712,7.1,-15.8385,-74.5112,40,2013-09-25T16:42:43.169991Z,0,0,0,2,-999,-999,-999,-999,-999,-999,-1,-1,0,0,2,0,0,0,0,0,0,0,0,0,133.823798,1,3
36,1719,7.7,23.419,70.232,16,2001-01-26T03:16:40.499995Z,0,9,0,9,1.9,-999,0.371870415,-999,-999,-999,1,1,1,0,1,0,0,0,0,0,5.8,0,0,44.83724767,338.2345089,-1,3
37,1728,7.4,33.184,137.071,10,2004-09-05T14:57:18.609988Z,3,8,3,9,0.8,-999,1.79204054,0.2,-999,21.74994773,2,2,7,1,8,1,7.2,0,7.2,0,6.6,0,63.1749783,137.2874902,212.7529709,-1,3
38,1788,7.1,-55.664,158.453,16,2008-04-12T00:30:12.600026Z,0,3,0,3,2,-999,0.54510015,-999,-999,-999,1,1,3,0,3,0,0,0,0,0,5.1,0,0,40.3555524,133.823798,1,3
39,1789,7.1,-18.771,-172.415,35.2,1988-10-08T04:46:24.529985Z,0,1,0,5,1.7,-999,inf,-999,-999,-999,1,-1,1,0,5,0,0,0,0,0,5.7,0,0,129.6176581,133.823798,1,3
40,1821,7.6,18.77,-104.104,24,2003-01-22T02:06:34.610024Z,0,4,0,8,1.7,-999,0.153301213,-999,-999,-999,1,1,1,0,4,0,0,0,0,0,6.1,0,0,274.2372287,289.8036301,1,3
41,1834,7.6,-48.786,164.357,33,1981-05-25T05:25:14.460035Z,0,5,0,5,1.9,-999,0.225005036,-999,-999,-999,1,1,1,0,1,0,0,0,0,0,5.7,0,0,65.0058061,289.8036301,1,1
42,1856,7,32.7906,130.7543,10,2016-04-15T16:25:06.220040Z,4,12,4,12,1.3,-999,3.259471983,0.8,-999,36.05084674,1,1,12,4,12,4,6.2,0,6.2,0,5.7,0,10.85154617,98.14582464,114.6619326,-1,1
43,1881,7.2,-33.134,-73.074,33,1981-10-16T03:25:42.220040Z,0,1,0,2,2.1,-999,inf,-999,-999,-999,-1,-1,0,0,1,0,0,0,0,0,5.2,0,0,18.97512568,156.1879214,1,3
44,1898,7.8,-4.9521,94.3299,24,2016-03-02T12:49:48.110044Z,0,3,0,4,2.2,-999,1.354733453,-999,-999,-999,1,1,0,0,0,0,0,0,0,0,5.6,0,0,85.57125303,394.7589718,-1,1
45,1989,7,51.744,176.274,33,1981-01-30T08:52:44.099991Z,0,5,0,7,1.4,-999,0.176623746,-999,-999,-999,1,1,5,0,7,0,0,0,0,0,5.6,0,0,65.23140341,114.6619326,1,3
46,2063,7.5,35.069,87.325,33,1997-11-08T10:02:52.610034Z,0,1,0,2,2.2,-999,inf,-999,-999,-999,-1,-1,0,0,0,0,0,0,0,0,5.3,0,0,177.8778844,248.307437,-1,1
47,2127,7,-6.92,128.946,33,1998-11-09T05:38:44.220016Z,1,3,1,5,1.4,-999,2.319808516,0.3,-999,inf,2,2,3,1,5,1,6.7,0,6.7,0,5.8,0,9.20439038,38.93181576,114.6619326,-1,3
48,2143,7.4,-60.957,-21.606,13,2006-01-02T06:10:49.759964Z,0,0,0,1,-999,-999,-999,-999,-999,-999,-1,-1,0,0,0,0,0,0,0,0,0,0,0,0,212.7529709,1,1
49,2248,7.1,-37.759,178.752,21.1,1995-02-05T22:51:05.139990Z,0,0,0,5,-999,-999,-999,-999,-999,-999,1,-1,0,0,5,0,0,0,0,0,0,0,0,0,133.823798,-1,2
50,2309,7.2,4.554,-77.442,21.3,1991-11-19T22:28:51.090034Z,0,2,0,2,2,-999,0.14834161,-999,-999,-999,-1,-1,1,0,1,0,0,0,0,0,5.2,0,0,23.54927326,156.1879214,1,3
51,2337,7.5,16.059,-96.931,60.6,1999-09-30T16:31:15.690024Z,0,0,0,1,-999,-999,-999,-999,-999,-999,-1,-1,0,0,0,0,0,0,0,0,0,0,0,0,248.307437,-1,2
52,2342,7,54.567,-161.606,28.4,1991-05-30T13:17:41.969986Z,0,3,0,4,1.4,-999,1.652903734,-999,-999,-999,1,1,3,0,4,0,0,0,0,0,5.9,0,0,14.26127664,114.6619326,-1,3
53,2345,7.1,-18.318,168.063,20.7,1990-03-05T16:38:12.570030Z,0,2,0,12,1.7,-999,0.737594707,-999,-999,-999,1,-1,2,0,12,0,0,0,0,0,6.4,0,0,116.5239371,133.823798,1,3
54,2354,7,-7.782,107.297,46,2009-09-02T07:55:01.050006Z,0,2,0,7,1.5,-999,534.3063417,-999,-999,-999,1,-1,2,0,7,0,0,0,0,0,5.9,0,0,92.94709686,114.6619326,-1,3
55,2355,7,42.453,43.673,17.2,1991-04-29T09:12:48.099978Z,0,7,0,9,0.9,-999,1.600527116,-999,-999,-999,1,1,7,0,9,0,0,0,0,0,6.3,0,0,43.26984637,114.6619326,-1,3
56,2369,7.1,21.799,120.547,10,2006-12-26T12:26:21.139955Z,0,5,0,9,0.2,-999,8.608537518,-999,-999,-999,2,2,5,0,9,0,0,0,0,0,6.9,0,0,132.6465333,133.823798,-1,2
57,2415,7,16.558,-98.358,33.8,1982-06-07T10:59:40.160028Z,1,1,1,5,2,-999,inf,0.1,-999,inf,2,-1,1,1,5,1,6.9,0,6.9,0,5.5,0,22.93713061,39.43294996,114.6619326,1,3
58,2428,7.2,41.292,-125.953,16,2005-06-15T02:50:54.190036Z,0,1,0,4,0.6,-999,inf,-999,-999,-999,1,-1,1,0,1,0,0,0,0,0,6.6,0,0,77.76504387,156.1879214,-1,1
59,2456,7.1,13.752,124.358,45.7,1982-01-11T06:10:06.489981Z,0,3,0,7,0.7,-999,0.231167072,-999,-999,-999,1,1,3,0,5,0,0,0,0,0,6.4,0,0,90.16266697,133.823798,1,3
60,2486,8.1,-49.312,161.345,10,2004-12-23T14:59:04.409978Z,0,6,0,13,2,-999,0.539900681,-999,-999,-999,1,1,1,0,1,0,0,0,0,0,6.1,0,0,361.3996786,470.6906315,1,1
61,2488,7.3,18.048,-102.084,33,1981-10-25T03:22:15.569994Z,0,2,0,3,2.1,-999,0.255705144,-999,-999,-999,1,-1,0,0,0,0,0,0,0,0,5.2,0,0,118.327934,182.289452,1,3
62,2524,7.5,-8.152,124.868,10,2004-11-11T21:26:41.150026Z,1,19,1,27,1.1,-999,1.175991725,1.9,-999,inf,1,1,3,1,6,1,5.6,0,5.6,0,6.4,0,6.633602894,207.5313761,248.307437,1,3
63,2535,7,40.381,63.472,10,1976-05-17T02:58:40.599958Z,2,1,5,3,2,-999,inf,1.9,-999,0.112898223,2,1,1,2,3,5,7,0,5.1,0,5.3,0,54.19564372,22.93153399,114.6619326,-1,2
64,2549,7.2,38.276,142.039,36,2005-08-16T02:46:28.399956Z,0,5,0,15,1.1,-999,0.789542351,-999,-999,-999,1,1,4,0,10,0,0,0,0,0,6.5,0,0,118.1724546,156.1879214,1,3
65,2553,7.7,16.01,-96.591,18,1978-11-29T19:52:47.600025Z,0,5,0,8,2,-999,0.17248279,-999,-999,-999,1,1,1,0,1,0,0,0,0,0,5.7,0,0,190.6825594,338.2345089,1,3
66,2569,7.1,36.194,141.702,36.6,1982-07-23T14:23:53.570029Z,2,12,2,19,0.9,-999,0.519963017,1.8,-999,2.6853681,1,1,7,2,13,2,5.3,0,5.3,0,6.2,0,9.842937603,129.1324145,133.823798,1,3
67,2588,7.6,17.813,-101.276,49,1979-03-14T11:07:16.300011Z,1,3,6,4,2.1,-999,0.691076712,2.4,-999,inf,1,1,0,0,0,2,6.6,0,5.2,0,5.5,0,61.39080684,42.35834699,289.8036301,1,3
68,2597,7.5,15.324,-89.101,5,1976-02-04T09:01:43.399982Z,0,6,0,10,1.8,-999,1.178028674,-999,-999,-999,1,1,2,0,2,0,0,0,0,0,5.7,0,0,219.4619932,248.307437,1,1
69,2620,7.2,-8.031,155.538,33,1977-07-29T11:15:45.300036Z,0,3,0,4,2,-999,0.415232497,-999,-999,-999,1,1,1,0,2,0,0,0,0,0,5.4,0,0,115.2277347,156.1879214,-1,1
70,2633,7.6,34.539,73.588,26,2005-10-08T03:50:40.799962Z,0,43,0,48,1.2,1.076349436,1.4865122,-999,-999,-999,1,1,12,0,12,0,0,0,0,0,6.4,0,0,289.8253073,289.8036301,1,3
71,2653,7,3.397,96.318,33,1976-06-20T20:53:13.400043Z,0,13,0,20,1.2,-999,0.515376264,-999,-999,-999,1,1,13,0,20,0,0,0,0,0,5.9,0,0,111.2420225,114.6619326,-1,3
72,2663,7,-61.029,-34.371,13,2006-08-20T03:41:48.040027Z,0,4,0,6,1.1,-999,0.23637857,-999,-999,-999,1,1,4,0,6,0,0,0,0,0,5.9,0,0,36.0799475,114.6619326,1,1
73,2672,7,11.422,-86.665,35,2004-10-09T21:26:53.690030Z,0,0,3,7,-999,-999,-999,-999,-999,-999,0,-1,0,0,7,3,0,0,0,0,0,0,0,0,114.6619326,1,3
74,2694,7,-21.324,33.583,11,2006-02-22T22:19:07.800007Z,0,8,0,12,1.3,-999,0.290407917,-999,-999,-999,1,1,8,0,12,0,0,0,0,0,5.7,0,0,53.25533942,114.6619326,-1,2
75,2700,7.5,-0.2559,119.8462,20,2018-09-28T10:02:45.249965Z,2,21,2,23,1.7,-999,0.866141295,1.4,-999,33.89065898,1,1,5,1,6,1,6.1,0,6.1,0,5.8,0,18.19391611,194.739287,248.307437,1,1
76,2704,7.9,56.0039,-149.1658,14.06,2018-01-23T09:31:40.890031Z,0,12,0,18,2.4,-999,1.424110624,-999,-999,-999,1,1,0,0,0,0,0,0,0,0,5.5,0,0,424.4900108,460.7295875,-1,1
77,2709,7,43.53,146.753,44,1980-02-23T05:51:03.199995Z,0,14,0,18,1.1,-999,0.889806616,-999,-999,-999,1,1,14,0,18,0,0,0,0,0,5.9,0,0,91.48641962,114.6619326,-1,3
78,2717,7.1,-15.7675,-74.7092,39,2018-01-14T09:18:45.539972Z,0,3,0,5,1.6,-999,0.143568282,-999,-999,-999,1,1,2,0,3,0,0,0,0,0,5.5,0,0,114.9981085,133.823798,1,3
79,2721,7.3,34.9109,45.9592,19,2017-11-12T18:18:17.180037Z,0,2,0,13,1.9,-999,0.069397445,-999,-999,-999,1,-1,2,0,9,0,0,0,0,0,6,0,0,134.9733889,182.289452,1,3
80,2723,7.2,41.117,-124.253,19,1980-11-08T10:27:33.999987Z,0,3,0,4,2.2,-999,4.283582414,-999,-999,-999,1,1,0,0,0,0,0,0,0,0,5,0,0,114.5220119,156.1879214,1,1
81,2732,7.1,1.6213,126.4156,33,2019-11-14T16:17:40.578000Z,1,33,18,33,1.1,1.454996741,1.758093121,1.7,-999,inf,1,1,24,1,24,12,6.6,0,5.4,0,6,0,130.7624844,41.36845222,133.823798,1,3
82,2738,7.2,-25.856,-175.406,33,1977-10-10T11:53:53.599976Z,0,1,0,5,1.8,-999,inf,-999,-999,-999,1,-1,1,0,3,0,0,0,0,0,5.6,0,0,149.9577856,156.1879214,-1,2
83,2740,7.7,-14.96,-173.085,25,1981-09-01T09:29:31.539989Z,1,7,21,33,2,-999,6.850880749,1.9,-999,inf,1,1,1,1,7,7,6.5,0,5.8,0,6.4,0,290.3101789,297.6572356,338.2345089,1,2
84,2746,7.3,36.195,1.354,10,1980-10-10T12:25:23.500014Z,0,9,0,14,1.1,-999,0.312461261,-999,-999,-999,1,1,6,0,8,0,0,0,0,0,6.2,0,0,38.58284376,182.289452,-1,2
85,2755,7.4,-49.271,164.115,10,2007-09-30T05:23:34.069974Z,0,8,0,10,0.8,-999,0.709480561,-999,-999,-999,1,1,2,0,3,0,0,0,0,0,6.6,0,0,154.5519647,212.7529709,1,3
86,2763,7.1,35.7695,-117.5993333,8,2019-07-06T03:19:53.039968Z,3,3,3,3,1.6,-999,139.1775024,0.7,-999,2.135733089,1,1,2,2,2,2,6.4,0,6.4,0,5.5,0,11.19304606,19.94615107,133.823798,-1,1
87,2770,7.2,-0.5858,128.034,18.98,2019-07-14T09:10:51.522960Z,0,10,0,14,1.4,-999,3.097261974,-999,-999,-999,1,1,4,0,6,0,0,0,0,0,5.8,0,0,93.69249764,156.1879214,1,1
88,2775,7.4,-31.028,-67.767,13,1977-11-23T09:26:24.699984Z,0,59,0,70,1.1,1.12137306,1.986415484,-999,-999,-999,1,1,24,0,28,0,0,0,0,0,6.3,0,0,161.8930075,212.7529709,-1,3
89,2776,7.1,-4.603,140.091,33,1976-06-25T19:18:56.899956Z,0,16,0,29,1.2,-999,0.548653226,-999,-999,-999,2,1,14,0,26,0,0,0,0,0,7.1,0,0,120.6441623,133.823798,-1,0
90,2777,7,-17.098,-172.264,33,1978-06-17T15:11:33.499970Z,0,5,1,8,1.6,-999,0.277628538,-999,-999,-999,1,1,5,0,8,1,5,0,0,0,5.5,0,3.972785035,104.4642142,114.6619326,-1,2
91,2781,7.2,-30.683,-177.358,33,1978-02-09T21:35:12.699977Z,6,19,73,44,0.6,-999,0.82228826,0.9,-999,1.413676557,5,1,12,5,36,55,6.8,0,6.3,0,6.6,0,177.9253041,157.2020032,156.1879214,-1,2
92,2803,7.1,61.3464,-149.9552,46.7,2018-11-30T17:29:29.330016Z,0,5,0,8,1.3,-999,8.355027231,-999,-999,-999,1,1,3,0,4,0,0,0,0,0,5.8,0,0,64.6711131,133.823798,-1,2
93,2806,7,44.915,149.123,41,1976-01-21T10:05:24.099989Z,0,49,0,57,1.1,1.395438007,2.388660363,-999,-999,-999,1,1,49,0,57,0,0,0,0,0,6.1,0,0,110.3540587,114.6619326,-1,3
94,2809,7.9,6.262,124.023,33,1976-08-16T16:11:07.299978Z,2,50,5,97,1.1,1.308115909,1.718213127,2.6,-999,0.136521845,1,1,2,0,8,1,6.5,0,5.3,0,6.8,0,440.3085845,468.9426068,460.7295875,1,3
95,2814,7.5,-6.0699,142.7536,25.21,2018-02-25T17:44:44.140041Z,0,73,0,82,0.8,1.542749254,2.483127747,-999,-999,-999,1,1,10,0,12,0,0,0,0,0,6.7,0,0,143.8455462,248.307437,-1,3
96,2819,7,24.531,98.71,10,1976-05-29T14:00:18.500024Z,1,5,1,9,0.8,-999,0.490338627,0.1,-999,inf,2,2,5,1,9,1,6.9,0,6.9,0,6.3,0,24.96508695,40.59884077,114.6619326,-1,2
97,2822,7,7.409,-78.127,3,1976-07-11T20:41:47.499991Z,2,16,2,20,1.4,-999,0.918800843,0.3,-999,33.54102384,2,2,16,2,20,2,6.7,0,6.7,0,5.7,0,38.67464942,80.4042819,114.6619326,-1,2
98,2826,7.7,38.19,142.028,44,1978-06-12T08:14:26.399991Z,1,10,3,30,1.4,-999,0.648718586,2,-999,inf,1,1,3,1,4,2,6.1,0,5.7,0,6.4,0,69.48812188,295.0060578,338.2345089,1,3
99,2827,7.5,39.57,117.978,23,1976-07-27T19:42:54.600023Z,0,10,0,18,0.1,-999,0.835070728,-999,-999,-999,2,2,1,0,3,0,0,0,0,0,7.4,0,0,101.1089032,248.307437,-1,2
100,2832,7.2,39.243,25.227,10,1981-12-19T14:10:50.720020Z,0,4,0,7,0.7,-999,0.516709435,-999,-999,-999,0,1,2,0,4,0,0,0,0,0,6.8,0,0,114.9623279,156.1879214,-1,2
101,2836,7.1,30.013,57.794,33,1981-07-28T17:22:24.620018Z,0,1,1,3,2,-999,inf,-999,-999,-999,2,-1,1,0,2,1,6.7,0,0,0,5.1,0,13.47866783,76.23108174,133.823798,-1,3
102,2838,7.9,-1.679,136.04,5,1979-09-12T05:17:51.399976Z,0,9,0,34,2,-999,0.537472498,-999,-999,-999,1,1,1,0,2,0,0,0,0,0,6,0,0,436.589397,460.7295875,1,2
103,2840,8,-28.427,-177.657,33,1976-01-14T16:47:33.499999Z,2,2,2,37,2.2,-999,1.00466927,1.8,-999,0.210596207,1,1,0,1,1,1,6.2,0,6.2,0,6.5,0,52.45467131,13545.14496,537.7249613,1,3
104,2841,7.1,-29.934,-177.741,33,1981-12-26T17:05:32.519966Z,9,7,11,26,1.6,-999,0.381686883,0.3,-999,7.382880791,5,2,6,6,19,8,6.8,0,6.8,0,6.5,0,70.27281187,125.5177954,133.823798,1,3
105,2843,7.4,22.282,121.512,17,1978-07-23T14:42:36.899975Z,0,10,3,33,1.9,-999,0.487357473,-999,-999,-999,2,1,4,0,8,3,5.7,0,0,0,7,0,238.3878073,231.3104864,212.7529709,1,3
106,2847,7.7,-9.284,107.419,20,2006-07-17T08:19:26.679996Z,0,92,0,104,1.6,1.617615074,3.54766196,-999,-999,-999,1,1,9,0,13,0,0,0,0,0,6.1,0,0,324.5422117,338.2345089,1,3
107,2848,7.7,54.4434,168.857,10,2017-07-17T23:34:13.739980Z,2,14,8,18,2.2,-999,0.638683761,1.4,-999,161.1173812,1,1,0,1,1,4,6.8,0,6.3,0,6.2,0,292.5469865,312.5012587,338.2345089,1,1
108,2855,7.7,-22.247,-69.89,40,2007-11-14T15:40:50.530019Z,0,38,0,47,0.9,1.012465663,1.326847075,-999,-999,-999,1,1,9,0,13,0,0,0,0,0,6.8,0,0,273.6360261,338.2345089,1,3
109,2870,7.3,39.121,44.029,36,1976-11-24T12:22:18.799970Z,0,4,0,9,1.8,-999,4.504322511,-999,-999,-999,1,1,1,0,2,0,0,0,0,0,5.5,0,0,57.16887339,182.289452,-1,2
110,2871,7.9,-12.525,165.916,33,1980-07-17T19:42:23.200012Z,17,20,17,57,1.2,-999,0.75258043,0.4,-999,2.006969464,2,2,2,4,6,4,7.5,0,7.5,0,6.9,0,105.9673919,459.5344792,460.7295875,1,3
111,2874,7.6,-16.696,-172.095,33,1977-04-02T07:15:22.700011Z,0,6,0,52,2.3,-999,0.217130426,-999,-999,-999,1,1,0,0,9,0,0,0,0,0,6.3,0,0,279.247189,289.8036301,-1,2
112,2875,7.1,19.066,122.096,15,1979-08-26T14:31:22.099984Z,0,0,0,2,-999,-999,-999,-999,-999,-999,-1,-1,0,0,1,0,0,0,0,0,0,0,0,0,133.823798,-1,2
113,2886,7.1,42.839,78.606,33,1978-03-24T21:05:48.200032Z,0,1,0,1,2.1,-999,inf,-999,-999,-999,-1,-1,0,0,0,0,0,0,0,0,5,0,0,14.76405342,133.823798,-1,2
114,2900,7.1,-10.615,161.284,22,1979-10-23T09:51:06.700003Z,4,10,27,14,1.3,-999,2.578221725,1.2,-999,0.474208335,3,1,9,3,12,23,7.1,0,5.9,0,5.9,0,196.112912,75.38994696,133.823798,1,3
115,2911,8.3,-11.164,118.378,25,1977-08-19T06:08:55.509960Z,1,94,2,186,2.2,1.091542281,3.27396398,2.2,-999,inf,1,1,0,0,1,0,6.3,0,6.1,0,6.7,0,129.0553567,564.8525898,641.1560465,-1,2
116,2914,7.5,-9.89,160.348,19,1977-04-20T23:42:50.500022Z,2,46,7,59,0,1.014088638,1.785369752,0.8,-999,523.0022967,3,3,12,2,18,4,6.7,0,6.7,0,7.5,0,85.16654349,210.6562507,248.307437,-1,2
117,2924,8,-20.187,-174.123,55,2006-05-03T15:26:40.290002Z,0,39,3,88,2,1.338931604,1.316310417,-999,-999,-999,1,1,2,0,3,1,6.1,0,0,0,6,0,48.55057143,403.4768598,537.7249613,-1,3
118,2927,9.1,3.295,95.982,30,2004-12-26T00:58:53.449996Z,1,314,5,827,1.9,1.046573042,10.57381939,3.7,-999,inf,1,1,1,0,3,0,6.1,0,5.4,0,8.6,0,660.4464317,1973.26289,1471.584602,1,3
119,2928,7,16.773,122.327,37,1977-03-18T21:43:52.400035Z,0,21,0,28,1.2,-999,3.564696351,-999,-999,-999,2,1,21,0,28,0,0,0,0,0,6.9,0,0,86.7339395,114.6619326,-1,2
120,2933,7.2,-21.89,169.853,33,1980-10-25T11:00:05.099986Z,7,32,10,83,0.7,1.167850708,1.316958677,0.5,-999,6.092260268,4,1,17,4,48,7,6.7,0,6.7,0,7,0,37.06385538,302.1546252,156.1879214,-1,2
121,2934,7.4,33.386,57.434,33,1978-09-16T15:35:56.599990Z,0,1,0,15,2.4,-999,inf,-999,-999,-999,5,-1,0,0,5,0,0,0,0,0,7.1,0,0,232.2459184,212.7529709,-1,3
122,2935,8.2,15.0222,-93.8993,47.39,2017-09-08T04:49:19.179983Z,1,40,3,68,1.1,1.17376887,1.906548485,3.2,-999,inf,1,1,1,0,2,1,6.8,0,5,0,7.2,0,371.4071285,626.668461,549.3506571,-1,2
123,2939,7.3,55.0999,164.6993,16.56,2018-12-20T17:01:55.150002Z,0,13,0,24,1.2,-999,0.916471183,-999,-999,-999,1,1,10,0,14,0,0,0,0,0,6.4,0,0,126.9071131,182.289452,-1,1
124,2940,8.3,46.592,153.266,10,2006-11-15T11:14:13.570027Z,8,93,28,166,1.6,1.182705324,3.209720545,2.4,-999,1.123787539,2,1,3,0,4,2,6.6,0,5.9,0,8.1,0,201.8132968,613.2035113,641.1560465,1,3
125,2941,7.3,-30.6441,-178.0995,46,2019-06-15T22:55:04.129993Z,0,34,13,46,0.9,0.965098849,1.297012083,-999,-999,-999,1,1,14,0,16,4,6.4,0,0,0,6.4,0,180.8554184,9653.795438,182.289452,1,3
126,2944,7,-17.26,167.601,30,1981-07-15T07:59:08.469977Z,0,13,0,16,1.4,-999,0.509680504,-999,-999,-999,1,1,13,0,16,0,0,0,0,0,5.6,0,0,88.7194379,114.6619326,1,3
127,2945,7.7,1.598,-79.358,24,1979-12-12T07:59:03.299969Z,0,20,0,25,1.9,-999,0.778825572,-999,-999,-999,1,1,2,0,3,0,0,0,0,0,5.8,0,0,262.9575209,338.2345089,-1,2
128,2946,7.6,44.244,148.862,33,1978-03-24T19:47:50.699986Z,39,51,47,76,1.8,1.634613917,2.01308864,0.1,0.734814959,20.03931025,2,2,5,13,7,16,7.5,0,7.5,0,5.8,0,86.87887977,256.1117423,289.8036301,1,3
129,2948,7.5,-21.9496,169.4266,10,2018-12-05T04:18:08.419963Z,3,49,113,65,0.9,1.472694091,2.686912543,1.2,-999,1.106023866,5,1,7,1,14,26,7.1,0,6.3,0,6.6,0,187.4941957,242.4683855,248.307437,-1,2
130,2949,7.6,60.949,167.089,22,2006-04-20T23:25:02.150023Z,0,24,0,34,1,-999,0.86222469,-999,-999,-999,1,1,5,0,6,0,0,0,0,0,6.6,0,0,112.1871478,289.8036301,-1,3
131,2950,7.6,-4.051,152.5967,10,2019-05-14T12:58:25.939030Z,1,8,41,17,1.7,-999,0.465790447,2.6,-999,inf,1,1,2,0,3,15,7,0,5,0,5.9,0,348.4364612,223.6233648,289.8036301,1,1
132,2958,7.8,52.788,-132.101,14,2012-10-28T03:04:08.819994Z,0,26,0,35,1.5,-999,1.620540092,-999,-999,-999,2,1,2,0,6,0,0,0,0,0,7.5,0,0,348.6463483,394.7589718,1,3
133,2961,7.3,15.766,119.74,33,1999-12-11T18:03:36.449973Z,0,5,0,10,1.1,-999,0.19344599,-999,-999,-999,1,1,1,0,4,0,0,0,0,0,6.2,0,0,179.1399796,182.289452,-1,2
134,2976,7,25.93,128.425,25,2010-02-26T20:31:26.970014Z,0,3,0,6,1.8,-999,4.95534644,-999,-999,-999,1,1,3,0,6,0,0,0,0,0,5.2,0,0,61.19839536,114.6619326,-1,1
135,2977,7.7,23.772,120.982,33,1999-09-20T17:47:18.490009Z,0,25,1,44,1.2,-999,0.895445013,-999,-999,-999,1,1,8,0,13,1,5.9,0,0,0,6.5,0,173.4066703,166.816217,338.2345089,1,3
136,2979,7.1,34.6033333,-116.265,13.73,1999-10-16T09:46:44.460015Z,0,6,0,6,1.3,-999,0.958306832,-999,-999,-999,1,1,3,0,3,0,0,0,0,0,5.8,0,0,81.79036561,133.823798,1,1
137,2985,7,18.443,-72.571,13,2010-01-12T21:53:10.060025Z,0,16,0,16,1,-999,2.120954552,-999,-999,-999,1,1,16,0,16,0,0,0,0,0,6,0,0,49.38774723,114.6619326,1,1
138,3003,7.2,-56.032,-25.266,10,1991-12-27T04:05:58.240007Z,0,9,0,26,0.6,-999,0.384399973,-999,-999,-999,1,1,7,0,19,0,0,0,0,0,6.6,0,0,154.130827,156.1879214,-1,2
139,3007,7.2,-9.094,158.442,23.4,1991-10-14T15:58:12.789987Z,1,6,5,13,0.8,-999,0.203975903,1.7,-999,inf,2,1,4,1,9,4,6.9,0,5.5,0,6.4,0,123.0180721,149.2726298,156.1879214,1,3
140,3025,7.3,52.05,-171.836,52,2011-06-24T03:09:39.470021Z,0,5,0,13,1.5,-999,7.157214177,-999,-999,-999,2,1,4,0,9,0,0,0,0,0,6.9,0,0,48.44739257,182.289452,-1,2
141,3060,7.3,42.142,73.575,27.4,1992-08-19T02:04:37.409985Z,0,7,2,10,0.7,-999,20.79940845,-999,-999,-999,1,1,3,0,4,1,6.2,0,0,0,6.6,0,157.1410998,150.244215,182.289452,-1,3
142,3062,7.6,10.811,126.638,28,2012-08-31T12:47:33.379957Z,0,31,0,44,2,1.521257507,1.895434825,-999,-999,-999,1,1,1,0,2,0,0,0,0,0,6.1,0,0,232.192703,289.8036301,-1,3
143,3067,7.6,40.748,29.864,17,1999-08-17T00:01:39.129999Z,0,6,0,15,1.7,-999,0.218297395,-999,-999,-999,2,1,1,0,4,0,0,0,0,0,7.2,0,0,263.751136,289.8036301,1,1
144,3068,7.3,34.2,-116.437,-0.097,1992-06-28T11:57:34.130021Z,0,17,3,21,1,-999,0.647381774,-999,-999,-999,1,1,10,0,13,1,6.1,0,0,0,6.3,0,31.3064989,46.35048881,182.289452,1,1
145,3070,7.6,45.533,151.021,24.7,1991-12-22T08:43:13.410016Z,37,17,39,41,1.8,-999,1.039133302,0.8,0.847962841,2.877416909,1,1,1,10,7,12,6.8,0,6.8,0,6.5,0,178.2194531,226.3913159,289.8036301,1,3
146,3074,7.2,-6.075,147.572,58,1992-05-15T07:05:05.339962Z,0,5,3,15,1.2,-999,0.217166818,-999,-999,-999,1,1,3,0,11,2,6.7,0,0,0,6.2,0,36.94187276,165.8980988,156.1879214,1,3
147,3077,7.2,7.075,-76.862,10,1992-10-18T15:11:59.109960Z,4,15,4,16,1.6,-999,1.326834004,0.5,-999,3.648604735,1,1,6,2,7,2,6.7,0,6.7,0,5.6,0,46.47544658,58.96757464,156.1879214,-1,3
148,3080,7.1,5.397,121.937,33,1999-03-04T08:52:01.899988Z,0,3,0,4,1.2,-999,0.53851679,-999,-999,-999,1,1,3,0,3,0,0,0,0,0,5.9,0,0,30.0660665,133.823798,-1,3
149,3082,7.7,11.742,-87.34,44.8,1992-09-02T00:16:01.689976Z,2,23,3,25,1.7,-999,1.535411743,2,-999,2.065171458,1,1,6,1,6,1,5.7,0,5.7,0,6,0,18.45050419,195.9717968,338.2345089,1,3
150,3099,7.1,11.76,121.899,18.1,1990-06-14T07:40:56.209989Z,0,3,0,4,1.5,-999,5.362220919,-999,-999,-999,1,1,2,0,3,0,0,0,0,0,5.6,0,0,73.33138619,133.823798,-1,1
151,3132,7.7,26.951,65.5009,15,2013-09-24T11:29:47.970038Z,0,9,0,13,0.9,-999,0.373897403,-999,-999,-999,1,1,2,0,2,0,0,0,0,0,6.8,0,0,203.2029754,338.2345089,1,3
152,3136,7,51.537,-175.2297,29,2013-08-30T16:25:02.299985Z,0,24,0,28,0.5,-999,1.500486106,-999,-999,-999,1,1,24,0,28,0,0,0,0,0,6.5,0,0,61.8843823,114.6619326,1,3
153,3138,7.4,46.857,155.154,36,2009-01-15T17:49:39.069985Z,0,1,0,8,2.3,-999,inf,-999,-999,-999,1,-1,0,0,4,0,0,0,0,0,6,0,0,186.3875401,212.7529709,-1,3
154,3139,7.6,-22.122,175.163,33.2,1990-03-03T12:16:27.959980Z,0,10,0,16,1,-999,0.407635184,-999,-999,-999,1,1,2,0,4,0,0,0,0,0,6.6,0,0,285.9433225,289.8036301,1,1
155,3140,7.1,9.8796,124.1167,19.04,2013-10-15T00:12:32.049964Z,0,20,0,20,1.4,-999,1.138295072,-999,-999,-999,1,1,14,0,14,0,0,0,0,0,5.7,0,0,61.37650085,133.823798,-1,3
156,3142,7.4,16.493,-98.231,20,2012-03-20T18:02:47.439999Z,0,13,0,19,1.4,-999,0.54666636,-999,-999,-999,1,1,1,0,4,0,0,0,0,0,6,0,0,83.8930088,212.7529709,1,3
157,3159,7,57.3424,-154.3469,43.6,1999-12-06T23:12:33.536964Z,0,2,0,9,0.6,-999,50.61816933,-999,-999,-999,1,-1,2,0,9,0,0,0,0,0,6.5,0,0,61.83886678,114.6619326,-1,1
158,3160,7.1,-5.982,-77.094,19.8,1991-04-05T04:19:49.519978Z,2,9,7,9,1.6,-999,0.306820388,0.6,-999,64.05029121,1,1,5,2,5,6,6.6,0,6.5,0,5.5,0,21.1641903,51.71524637,133.823798,-1,3
159,3161,7.6,9.685,-83.073,10,1991-04-22T21:56:51.819967Z,0,12,8,19,1.4,-999,0.528971039,-999,-999,-999,2,1,2,0,3,5,7.3,0,0,0,6.2,0,237.597269,251.7208421,289.8036301,1,3
160,3168,7.1,53.452,169.871,24.8,1990-11-06T20:14:29.739955Z,0,1,0,2,2.1,-999,inf,-999,-999,-999,-1,-1,0,0,1,0,0,0,0,0,5.3,0,0,35.33316517,133.823798,1,3
161,3177,7.7,15.679,121.172,25.1,1990-07-16T07:26:34.610006Z,0,52,0,79,1.2,1.352294195,1.957572048,-999,-999,-999,1,1,5,0,6,0,0,0,0,0,6.5,0,0,310.6891227,338.2345089,-1,1
162,3187,7.4,36.957,49.409,18.5,1990-06-20T21:00:09.979980Z,0,6,0,7,1.6,-999,0.379178077,-999,-999,-999,1,1,3,0,3,0,0,0,0,0,5.8,0,0,51.39489404,212.7529709,-1,1
163,3191,7.9,-13.802,97.453,10,2000-06-18T14:44:13.310013Z,0,3,0,3,2.1,-999,0.889469698,-999,-999,-999,1,1,0,0,0,0,0,0,0,0,5.8,0,0,66.33179861,460.7295875,-1,1
164,3192,8.6,2.327,93.063,20,2012-04-11T08:38:36.719976Z,0,75,3,105,0.4,1.182289878,3.217356055,-999,-999,-999,2,2,1,0,1,1,7.2,0,0,0,8.2,0,45.32476457,974.4730273,1019.309388,-1,1
165,3195,7.2,5.121,32.145,14.9,1990-05-20T02:22:01.619992Z,0,7,0,14,0.1,-999,0.709413773,-999,-999,-999,2,2,4,0,9,0,0,0,0,0,7.1,0,0,62.34151044,156.1879214,-1,1
166,3198,7.6,15.125,147.596,11.4,1990-04-05T21:12:35.550026Z,0,43,4,62,1.3,1.821918314,2.834582517,-999,-999,-999,1,1,3,0,5,1,5.6,0,0,0,6.3,0,89.81130131,213.0728107,289.8036301,-1,2
167,3205,7.8,1.186,122.857,25.7,1990-04-18T13:39:19.009983Z,0,36,0,103,1.3,0.995834481,1.323889582,-999,-999,-999,2,1,5,0,20,0,0,0,0,0,7.5,0,0,404.8545147,394.7589718,1,3
168,3218,7.7,-23.008,169.9,20.2,1995-05-16T20:12:44.219978Z,0,26,1,47,1.2,-999,2.76730355,-999,-999,-999,1,1,5,0,10,1,6.1,0,0,0,6.5,0,106.7160021,304.9328452,338.2345089,-1,2
169,3219,7.7,-14.993,-75.675,33,1996-11-12T16:59:44.029963Z,0,19,0,25,1.6,-999,1.038423819,-999,-999,-999,1,1,4,0,6,0,0,0,0,0,6.1,0,0,299.3097834,338.2345089,1,3
170,3221,8,19.055,-104.205,33,1995-10-09T15:35:53.910013Z,1,4,1,13,2,-999,0.446654448,2.2,-999,inf,1,1,1,0,4,0,5.8,0,5.8,0,6.8,0,25.99653799,378.629407,537.7249613,1,3
171,3232,7.1,13.525,121.067,31.5,1994-11-14T19:15:30.659966Z,0,4,0,6,1.6,-999,0.140625014,-999,-999,-999,1,1,3,0,5,0,0,0,0,0,5.5,0,0,78.82146876,133.823798,1,1
172,3237,7.3,33.825,59.809,10,1997-05-10T07:57:29.719960Z,0,1,0,5,1.9,-999,inf,-999,-999,-999,1,-1,1,0,4,0,0,0,0,0,5.9,0,0,166.4162548,182.289452,-1,1
173,3241,7.1,29.976,68.208,33,1997-02-27T21:08:02.359967Z,0,4,0,9,1.1,-999,0.195298962,-999,-999,-999,1,1,4,0,8,0,0,0,0,0,6,0,0,83.42169914,133.823798,1,3
174,3279,8,-23.34,-70.294,45.6,1995-07-30T05:11:23.630031Z,0,26,1,36,1.6,-999,2.254672054,-999,-999,-999,1,1,4,0,5,1,6,0,0,0,6.6,0,37.20640769,186.1126212,537.7249613,1,3
175,3280,7.2,18.219,-102.756,33,1997-01-11T20:28:26.019979Z,0,2,0,2,1.7,-999,0.185251555,-999,-999,-999,-1,-1,1,0,1,0,0,0,0,0,5.5,0,0,41.61808176,156.1879214,-1,2
176,3282,7.1,52.629,142.827,11,1995-05-27T13:03:52.650002Z,0,4,0,8,1.8,-999,0.237897508,-999,-999,-999,1,1,3,0,6,0,0,0,0,0,5.6,0,0,82.66145167,133.823798,-1,1
177,3283,7.1,27.929,130.175,28.4,1995-10-18T10:37:26.379987Z,0,17,0,19,0.3,-999,0.794985878,-999,-999,-999,2,2,15,0,17,0,0,0,0,0,6.8,0,0,82.86324821,133.823798,-1,2
178,3284,7,-2.75,-77.881,24.4,1995-10-03T01:51:23.900026Z,0,11,0,14,0.5,-999,0.420697575,-999,-999,-999,1,1,11,0,14,0,0,0,0,0,6.5,0,0,106.7585221,114.6619326,-1,3
179,3288,7.5,-9.593,-79.587,10,1996-02-21T12:51:01.300002Z,0,2,0,5,2.5,-999,0.087050095,-999,-999,-999,1,-1,0,0,0,0,0,0,0,0,5.4,0,0,221.4162826,248.307437,1,3
180,3291,7.2,28.826,34.799,10,1995-11-22T04:15:11.940021Z,0,4,0,7,1.5,-999,0.215851421,-999,-999,-999,1,1,2,0,3,0,0,0,0,0,5.7,0,0,56.60259123,156.1879214,1,1
181,3297,7.9,0.729,119.931,24,1996-01-01T08:05:10.830021Z,0,8,0,34,2.3,-999,0.302842276,-999,-999,-999,1,1,0,0,4,0,0,0,0,0,7,0,0,312.5477973,460.7295875,1,3
182,3298,8.1,-0.891,136.952,33,1996-02-17T05:59:30.550039Z,0,36,0,52,1.6,0.883310811,1.766355447,-999,-999,-999,1,1,4,0,5,0,0,0,0,0,6.5,0,0,414.4499395,470.6906315,1,3
183,3301,7.4,16.779,-98.597,23,1995-09-14T14:04:31.429974Z,0,1,0,15,2.3,-999,inf,-999,-999,-999,2,-1,0,0,8,0,0,0,0,0,7.1,0,0,172.2503222,212.7529709,1,3
184,3309,7.2,14.717,-92.645,34.1,1993-09-10T19:12:54.620006Z,5,8,6,14,0.8,-999,0.889034832,0.4,-999,0.653189878,0,0,7,5,11,6,6.8,0,6.8,0,6.4,0,36.37117264,143.0804357,156.1879214,1,3
185,3315,7,-2.174,136.543,18,2010-06-16T03:16:27.550015Z,1,4,1,4,0.4,-999,34.63061192,0.8,-999,inf,0,0,4,1,4,1,6.2,0,6.2,0,6.6,0,25.70217831,55.05930929,114.6619326,-1,2
186,3323,7.1,-10.972,164.181,20.4,1993-03-06T03:05:49.869979Z,0,9,10,18,0.4,-999,0.459668151,-999,-999,-999,3,2,8,0,16,9,7,0,0,0,6.7,0,148.2420744,137.0812763,133.823798,-1,1
187,3324,7,1.015,127.733,19.9,1994-01-21T02:24:29.959974Z,0,4,0,4,1.6,-999,1.124750446,-999,-999,-999,1,1,4,0,4,0,0,0,0,0,5.4,0,0,31.62571976,114.6619326,-1,1
188,3325,7.5,7.881,91.936,35,2010-06-12T19:26:50.460000Z,0,10,2,13,2,-999,0.345624431,-999,-999,-999,1,1,1,0,3,1,6,0,0,0,5.8,0,22.72564699,233.9449355,248.307437,-1,0
189,3335,7.7,-5.799,154.178,30.1,1995-08-16T10:27:28.629960Z,2,23,23,85,0.5,-999,1.663319646,1.9,-999,6.428798632,1,1,8,1,32,10,6.7,0,5.8,0,7.2,0,167.0825475,305.59921,338.2345089,1,3
190,3337,8,-10.799,165.114,24,2013-02-06T01:12:25.829968Z,21,184,28,212,0.9,1.203466637,7.479111393,1.6,-999,2.461384254,1,1,11,7,12,9,6.4,0,6.4,0,7.1,0,344.4093254,398.3959928,537.7249613,1,3
191,3339,7.7,-2.071,124.891,33,1998-11-29T14:10:31.959983Z,1,11,5,26,1.1,-999,0.40859928,2.2,-999,inf,1,1,4,0,9,1,6.6,0,5.5,0,6.6,0,455.9826419,445.1511821,338.2345089,-1,0
192,3340,7.4,-15.199,-173.529,21.2,1995-04-07T22:06:56.889960Z,0,8,27,32,1.3,-999,0.288361636,-999,-999,-999,1,1,5,0,19,14,6.7,0,0,0,6.7,0,12425.69184,184.0847815,212.7529709,-1,3
193,3343,7,-2.961,141.926,10,1998-07-17T08:49:13.280012Z,0,3,1,6,1.1,-999,0.408998684,-999,-999,-999,1,1,3,0,6,1,5.7,0,0,0,5.9,0,13.82825229,59.01164028,114.6619326,1,3
194,3362,7,1.241,122.536,24,1997-11-25T12:14:33.629973Z,0,0,0,1,-999,-999,-999,-999,-999,-999,-1,-1,0,0,1,0,0,0,0,0,0,0,0,0,114.6619326,1,3
195,3365,7.8,-8.48,121.896,27.7,1992-12-12T05:29:26.349998Z,0,27,1,41,1.7,-999,1.693320139,-999,-999,-999,1,1,1,0,4,1,6.2,0,0,0,6.2,0,131.9973604,350.5082197,394.7589718,1,3
196,3371,7.9,51.564,-177.632,33,1996-06-10T04:03:35.479989Z,2,50,6,125,0.6,1.024279438,2.402768697,1.4,-999,4.491334294,1,1,6,1,14,1,6.5,0,6.5,0,7.3,0,1534.740683,3476.834152,460.7295875,1,3
197,3384,7,51.934,158.647,34,1993-11-13T01:18:04.179974Z,0,5,55,15,1,-999,0.171657052,-999,-999,-999,4,1,5,0,15,55,6.9,0,0,0,6,0,8274.663414,2243.452484,114.6619326,-1,3
198,3385,7.2,12.059,125.58,20.7,1995-04-21T00:34:46.089982Z,5,40,10,66,0.1,0.859989073,1.386456272,0.3,-999,31.42590691,4,4,26,4,46,7,6.9,0,6.9,0,7.1,0,226.845509,181.3121524,156.1879214,1,3
199,3386,7.2,32.2861667,-115.2953333,9.987,2010-04-04T22:40:42.359984Z,0,7,0,10,1.5,-999,1.866179502,-999,-999,-999,1,1,6,0,7,0,0,0,0,0,5.7,0,0,74.22911832,156.1879214,1,1
200,3389,7.1,-30.933,-71.22,58,1997-10-15T01:03:33.460044Z,0,8,13,12,0.9,-999,0.310136004,-999,-999,-999,5,1,6,0,10,13,6.8,0,0,0,6.6,0,134.5501235,118.9158028,133.823798,-1,2
201,3391,7,-43.522,171.83,12,2010-09-03T16:35:47.770021Z,0,3,0,23,1.9,-999,5.974997682,-999,-999,-999,1,1,3,0,23,0,0,0,0,0,6.1,0,0,88.17484328,114.6619326,1,1
202,3397,7,-4.963,133.76,26,2010-09-29T17:11:25.940027Z,2,4,2,9,1.1,-999,0.318616047,0.8,-999,0.623625511,1,1,4,2,9,2,6.2,0,6.2,0,6,0,42.74066173,60.44767679,114.6619326,-1,2
203,3400,7.7,-12.584,166.676,33,1997-04-21T12:02:26.430024Z,0,34,4,53,1.5,1.039860027,3.531386842,-999,-999,-999,1,1,7,0,10,2,6.2,0,0,0,6.2,0,176.9259792,299.0313959,338.2345089,1,3
204,3403,8.3,43.773,147.321,14,1994-10-04T13:22:55.840019Z,0,144,21,449,1,1.289451658,4.816064884,-999,-999,-999,5,1,1,0,14,3,6.6,0,0,0,7.9,0,463.0785652,734.4961857,641.1560465,1,3
205,3404,7,-20.23,169.789,33,1993-12-29T07:48:14.200009Z,0,5,0,28,0.5,-999,173.817882,-999,-999,-999,2,1,5,0,28,0,0,0,0,0,7,0,0,151.0867652,114.6619326,-1,1
206,3409,7.1,-8.783,157.354,10,2010-01-03T22:36:25.640003Z,1,30,2,34,0.3,-999,1.453134186,0.5,-999,inf,5,5,24,1,26,2,6.6,0,6.6,0,6.8,0,71.80914422,103.2533616,133.823798,1,3
207,3414,7.1,38.721,43.508,18,2011-10-23T10:41:23.249986Z,0,13,0,15,1.2,-999,0.578492564,-999,-999,-999,1,1,11,0,12,0,0,0,0,0,5.9,0,0,113.5337044,133.823798,1,3
208,3415,7.6,8.337,126.729,24.4,1989-12-15T18:43:45.030028Z,3,50,6,125,1.1,1.30028288,2.122821572,1.4,-999,2.555017903,5,1,9,1,22,1,6.2,0,6.2,0,7.3,0,211.914133,289.4295237,289.8036301,1,3
209,3416,7.8,2.383,97.048,31,2010-04-06T22:15:01.579969Z,1,4,1,33,2.5,-999,0.677695374,2,-999,inf,1,1,0,1,6,1,5.8,0,5.8,0,7.2,0,118.6938939,391.8099336,394.7589718,1,3
210,3418,7.6,-29.539,-176.34,17,2011-07-06T19:03:18.260036Z,0,61,0,107,1.6,1.484143608,2.04597328,-999,-999,-999,2,1,8,0,15,0,0,0,0,0,7.4,0,0,275.5988325,289.8036301,-1,2
211,3421,7.8,-3.487,100.082,20.1,2010-10-25T14:42:22.460021Z,0,18,6,40,1.5,-999,0.847784584,-999,-999,-999,1,1,2,0,4,2,6.8,0,0,0,6.3,0,129.0088705,336.1455963,394.7589718,1,3
212,3422,7.7,42.851,139.197,16.7,1993-07-12T13:17:11.959990Z,0,24,0,36,1.2,-999,0.914117014,-999,-999,-999,1,1,3,0,3,0,0,0,0,0,6.5,0,0,336.3853945,338.2345089,-1,3
213,3426,7.2,-16.62,167.518,33,1994-07-13T02:35:56.020043Z,1,23,9,37,0.5,-999,0.807742514,1.8,-999,inf,1,1,19,1,32,7,6.2,0,5.4,0,6.7,0,117.4453819,158.7795846,156.1879214,-1,3
214,3428,7.3,-17.541,168.069,25,2010-08-10T05:23:44.979963Z,0,23,0,238,1.4,-999,0.832638598,-999,-999,-999,4,1,6,0,75,0,0,0,0,0,7.3,0,0,394.0263875,182.289452,1,3
215,3430,7.8,12.982,144.801,59.3,1993-08-08T08:34:24.929992Z,1,15,1,27,1.6,-999,0.558448642,2.7,-999,inf,1,1,2,0,3,0,5.1,0,5.1,0,6.2,0,15.63280447,341.1798851,394.7589718,-1,3
216,3433,7.3,-5.931,150.59,35,2010-07-18T13:34:59.360014Z,2,22,3,59,0.3,-999,0.807056089,0.4,-999,0.082258216,5,3,7,2,25,3,6.9,0,6.9,0,7,0,132.6364886,179.6926672,182.289452,1,3
217,3435,8.8,-36.122,-72.898,22.9,2010-02-27T06:34:11.529981Z,0,310,1,458,1.4,1.280982773,10.46515733,-999,-999,-999,1,1,3,0,5,0,5.1,0,0,0,7.4,0,29.42425924,8935.602814,1388.462683,1,3
218,3440,7.8,54.841,162.035,33,1997-12-05T11:26:54.689998Z,0,62,0,83,1.4,1.276125966,2.266638563,-999,-999,-999,1,1,5,0,10,0,0,0,0,0,6.9,0,0,360.0161847,394.7589718,1,3
219,3441,7.8,-10.477,112.835,18.4,1994-06-02T18:17:34.020042Z,0,84,3,97,1.2,1.173014035,3.295015072,-999,-999,-999,1,1,8,0,8,1,5.8,0,0,0,6.6,0,128.4793828,324.2797566,394.7589718,1,3
220,3469,7.6,-60.532,-43.411,10,2003-08-04T04:37:20.129980Z,0,9,0,9,2,-999,0.35454618,-999,-999,-999,1,1,1,0,1,0,0,0,0,0,5.6,0,0,91.62160958,289.8036301,1,2
221,3470,7.8,0.3819,-79.9218,20.59,2016-04-16T23:58:36.979971Z,0,11,0,22,1.6,-999,1.111652615,-999,-999,-999,1,1,5,0,9,0,0,0,0,0,6.9,0,0,330.8751111,394.7589718,1,3
222,3473,7,-2.823,118.806,33,1984-01-08T15:24:13.559989Z,0,0,0,2,-999,-999,-999,-999,-999,-999,-1,-1,0,0,2,0,0,0,0,0,0,0,0,0,114.6619326,-1,2
223,3476,7.6,-2.598,68.382,10,2003-07-15T20:27:50.529979Z,0,6,0,9,1.9,-999,0.488349004,-999,-999,-999,1,1,2,0,2,0,0,0,0,0,5.7,0,0,226.3694597,289.8036301,1,1
224,3482,7.1,0.197,98.027,33,1984-11-17T06:49:30.019960Z,0,2,0,2,1.8,-999,11.13747953,-999,-999,-999,-1,-1,1,0,1,0,0,0,0,0,5.3,0,0,17.8335007,133.823798,1,3
225,3490,7,-16.0429,167.3786,24,2016-04-28T19:33:24.069975Z,0,6,0,11,1.2,-999,1.48531166,-999,-999,-999,1,1,6,0,11,0,0,0,0,0,6,0,0,51.35530362,114.6619326,1,3
226,3535,7.2,-5.599,151.045,26.7,1985-05-10T15:35:50.590005Z,0,7,1,17,1.4,-999,0.288669156,-999,-999,-999,1,1,3,0,10,1,6.2,0,0,0,6.5,0,133.9280466,169.9508164,156.1879214,-1,1
227,3558,7.3,-10.491,160.77,33,2003-01-20T08:43:06.069994Z,2,1,20,6,2.1,-999,inf,1.6,-999,0.126022078,1,1,0,1,2,16,6.3,0,5.7,0,5.3,0,92.48600318,168.4610697,182.289452,-1,0
228,3559,7,39.431,75.224,6.8,1985-08-23T12:41:56.159979Z,1,6,1,9,0.8,-999,0.28546596,1.9,-999,inf,1,1,6,1,9,1,5.1,0,5.1,0,6.2,0,11.25791921,52.90632939,114.6619326,-1,3
229,3563,7.1,-47.6165,85.0913,35,2015-12-04T22:25:00.110005Z,0,1,0,1,2.1,-999,inf,-999,-999,-999,-1,-1,0,0,0,0,0,0,0,0,5,0,0,5.533875684,133.823798,-1,2
230,3568,8,-33.135,-71.871,33,1985-03-03T22:47:07.280014Z,6,59,6,85,0.6,0.759211094,2.778644302,2.3,-999,0.5904155,1,1,11,0,15,0,5.7,0,5.7,0,7.4,0,13.50636636,380.6962228,537.7249613,1,3
231,3571,7,2.354,128.855,31,2003-05-26T19:23:27.939956Z,0,4,0,5,1.7,-999,0.528802111,-999,-999,-999,1,1,4,0,5,0,0,0,0,0,5.3,0,0,99.58113174,114.6619326,1,3
232,3575,7.1,-1.639,134.911,10,1985-11-17T09:40:21.290015Z,0,7,0,10,1.1,-999,0.361403234,-999,-999,-999,1,1,5,0,8,0,0,0,0,0,6,0,0,107.7717805,133.823798,1,1
233,3587,7.1,55.867,161.287,62.6,1983-08-17T10:55:54.130023Z,0,0,0,7,-999,-999,-999,-999,-999,-999,1,-1,0,0,6,0,0,0,0,0,0,0,0,0,133.823798,-1,3
234,3603,7.4,-26.535,-70.563,14.8,1983-10-04T18:52:13.299973Z,0,9,0,13,0.7,-999,0.734995424,-999,-999,-999,1,1,3,0,6,0,0,0,0,0,6.7,0,0,142.5337405,212.7529709,-1,2
235,3618,7.8,-10.6812,161.3273,40,2016-12-08T17:38:46.279973Z,0,73,0,99,0.9,1.212370829,2.69004662,-999,-999,-999,1,1,8,0,11,0,0,0,0,0,6.9,0,0,366.1493457,394.7589718,1,3
236,3642,7,38.026,20.228,14.3,1983-01-17T12:41:29.699984Z,0,6,0,16,1.4,-999,0.430416569,-999,-999,-999,1,1,6,0,16,0,0,0,0,0,6.4,0,0,83.27798343,114.6619326,1,3
237,3646,7,-12.597,165.931,30.7,1982-08-05T20:32:52.950024Z,0,2,0,5,1.4,-999,0.557693776,-999,-999,-999,1,-1,2,0,5,0,0,0,0,0,5.6,0,0,104.9579201,114.6619326,1,3
238,3652,7,-37.3586,179.1461,19,2016-09-01T16:37:57.300036Z,0,0,0,4,-999,-999,-999,-999,-999,-999,1,-1,0,0,4,0,0,0,0,0,0,0,0,0,114.6619326,-1,2
239,3659,7.2,-24.133,-175.864,33,1982-12-19T17:43:54.849964Z,6,51,8,62,0.9,1.004490638,2.042564724,1.4,-999,0.219693553,1,1,39,6,46,8,6.4,0,5.8,0,6.3,0,92.02453405,149.7692723,156.1879214,-1,2
240,3661,7.2,35.49,81.467,10,2008-03-20T22:32:57.930004Z,0,15,0,16,1.6,-999,0.53224298,-999,-999,-999,1,1,7,0,7,0,0,0,0,0,5.6,0,0,64.88808785,156.1879214,-1,2
241,3669,7,-58.227,-22.099,8,2008-06-30T06:17:43.019984Z,0,4,0,5,1.4,-999,0.556996217,-999,-999,-999,1,1,4,0,5,0,0,0,0,0,5.6,0,0,46.58866592,114.6619326,-1,1
242,3677,7,1.622,126.411,50.7,1985-04-13T03:00:06.779977Z,2,6,9,14,1.4,-999,0.264081477,1.7,-999,2.169078135,1,1,6,2,14,9,6.4,0,5.3,0,5.6,0,44.61438869,98.00158178,114.6619326,1,3
243,3691,7.2,38.2107,72.7797,22,2015-12-07T07:50:05.950037Z,0,4,0,16,1.8,-999,1.61867198,-999,-999,-999,1,1,3,0,9,0,0,0,0,0,6.6,0,0,175.2707336,156.1879214,-1,1
244,3692,7.2,-22.4765,173.1167,16.37,2016-08-12T01:26:36.280033Z,0,12,1,14,1.7,-999,0.709461899,-999,-999,-999,1,1,8,0,9,1,5.8,0,0,0,5.7,0,13.95258333,76.06820317,156.1879214,1,1
245,3707,7.2,-45.104,167.144,28,2003-08-21T12:12:49.789961Z,0,13,0,18,1.3,-999,0.612417184,-999,-999,-999,1,1,5,0,8,0,0,0,0,0,6.4,0,0,48.72373892,156.1879214,1,3
246,3723,7.4,-55.2852,-31.8766,10,2016-08-19T07:32:22.709988Z,0,40,0,51,1.3,1.670363392,1.358985559,-999,-999,-999,1,1,7,0,8,0,0,0,0,0,6.1,0,0,123.8928514,212.7529709,1,3
247,3725,7.3,-20.071,168.892,33,2008-04-09T12:46:12.720024Z,6,28,60,45,0.9,-999,1.037592475,0.9,-999,2.201716192,5,1,17,3,22,31,7.1,0,6.4,0,6.4,0,192.5188306,162.7763189,182.289452,1,3
248,3732,7.4,40.462,139.102,23.7,1983-05-26T02:59:59.599972Z,1,42,1,50,0.7,1.119040996,1.516429231,2.3,-999,inf,1,1,18,0,18,0,5.1,0,5.1,0,6.7,0,4.236926462,126.7455162,212.7529709,1,2
249,3734,7.8,-42.7373,173.054,15.11,2016-11-13T11:02:56.340035Z,0,38,0,41,1.3,0.965098849,1.838515818,-999,-999,-999,1,1,5,0,5,0,0,0,0,0,6.5,0,0,169.1292724,394.7589718,-1,3
250,3735,7.6,-10.012,160.469,18.1,1984-02-07T21:33:21.490039Z,0,5,0,8,1.2,-999,0.261483363,-999,-999,-999,1,1,1,0,1,0,0,0,0,0,6.4,0,0,228.0983071,289.8036301,-1,3
251,3736,8,-13.386,-76.603,39,2007-08-15T23:40:57.889981Z,0,34,2,44,1.6,1.011370711,1.662162393,-999,-999,-999,1,1,3,0,3,2,6.7,0,0,0,6.4,0,11.2457553,356.072508,537.7249613,1,3
252,3738,7.3,-6.852,72.11,10,1983-11-30T17:46:00.669962Z,0,30,0,39,1,-999,1.053647165,-999,-999,-999,1,1,11,0,15,0,0,0,0,0,6.3,0,0,139.2618408,182.289452,-1,2
253,3741,7.2,51.36,-179.509,34,2007-12-19T09:30:27.929977Z,3,29,18,92,0.6,-999,0.966822324,2,-999,0.457973445,1,1,23,1,57,8,6.7,0,5.2,0,6.6,0,801.8953211,8394.252435,156.1879214,1,3
254,3746,7.1,8.717,-83.123,37,1983-04-03T02:50:01.180003Z,0,9,0,18,1.5,-999,1.898601125,-999,-999,-999,1,1,9,0,16,0,0,0,0,0,6.5,0,0,121.0980654,133.823798,-1,2
255,3751,7.1,-0.0456,-17.8255,10,2016-08-29T04:29:57.859959Z,0,1,1,3,2.1,-999,inf,-999,-999,-999,1,-1,0,0,0,1,5.9,0,0,0,5,0,94.33667283,89.10899129,133.823798,-1,1
256,3759,8.2,41.815,143.91,27,2003-09-25T19:50:06.360003Z,1,46,5,101,0.8,0.808807537,2.079869305,3.2,-999,inf,1,1,3,0,7,0,6,0,5,0,7.4,0,425.6243005,511.0175485,549.3506571,1,3
257,3760,8.1,-8.466,157.043,24,2007-04-01T20:39:58.710036Z,0,93,9,129,1.2,0.951457876,3.18409309,-999,-999,-999,1,1,8,0,10,1,6.8,0,0,0,6.9,0,321.8696063,352.7283269,470.6906315,1,3
258,3761,7,40.32,63.35,14.5,1984-03-19T20:28:38.239969Z,0,3,0,5,1.8,-999,7.517379581,-999,-999,-999,1,1,3,0,5,0,0,0,0,0,5.2,0,0,13.02109291,114.6619326,-1,3
259,3762,7.5,1.065,126.282,22,2007-01-21T11:27:45.059992Z,0,52,9,110,0.8,1.247696854,1.742269556,-999,-999,-999,1,1,13,0,28,6,6.3,0,0,0,6.9,0,220.2455864,281.5940674,248.307437,1,3
260,3769,7.3,-22.015,169.766,10,2003-12-27T16:00:59.449966Z,14,43,14,71,0.2,0.870613647,1.527813227,0.5,-999,9.670020156,5,5,25,9,38,9,6.8,0,6.8,0,7.1,0,54.69973026,168.966913,182.289452,1,3
261,3770,7.2,44.117,148.192,44.4,1984-03-24T09:44:02.599990Z,0,14,1,49,1.6,-999,0.504977595,-999,-999,-999,1,1,4,0,25,1,6.1,0,0,0,6.4,0,49.97656707,137.2453784,156.1879214,1,3
262,3777,7.3,37.89,143.949,31,2012-12-07T08:18:23.130029Z,0,12,1,30,1.1,-999,1.132292042,-999,-999,-999,2,1,2,0,11,1,5.6,0,0,0,7.1,0,31.74876707,187.5177289,182.289452,1,3
263,3780,7.6,-10.366,160.819,34,1988-08-10T04:38:26.169996Z,0,12,0,22,1,-999,3.453400971,-999,-999,-999,1,1,4,0,10,0,0,0,0,0,6.6,0,0,266.5283826,289.8036301,1,3
264,3791,7.3,16.731,-86.217,19,2009-05-28T08:24:46.560005Z,0,4,0,6,1.9,-999,0.2987984,-999,-999,-999,1,1,1,0,1,0,0,0,0,0,5.4,0,0,165.1542638,182.289452,1,1
265,3794,7.3,13.477,124.616,24.9,1988-02-24T03:52:03.290020Z,0,2,0,8,1.7,-999,5.612886245,-999,-999,-999,1,-1,2,0,5,0,0,0,0,0,6.6,0,0,120.7974979,182.289452,1,3
266,3803,7.7,-60.2738,-46.4011,10,2013-11-17T09:04:55.529990Z,8,18,8,21,1.9,-999,14.07164087,0.8,-999,3.036045396,1,1,2,2,3,2,6.9,0,6.9,0,5.8,0,45.234022,299.5135498,338.2345089,-1,3
267,3804,7,-6.081,133.667,27.7,1988-07-25T06:46:06.690002Z,0,0,0,1,-999,-999,-999,-999,-999,-999,-1,-1,0,0,1,0,0,0,0,0,0,0,0,0,114.6619326,-1,2
268,3811,7.3,-60.857,-25.07,11,2013-07-15T14:03:39.880022Z,0,2,0,8,2.2,-999,0.403427886,-999,-999,-999,1,-1,0,0,2,0,0,0,0,0,5.5,0,0,145.2546627,182.289452,1,1
269,3818,7.1,-5.577,130.791,67.3,1987-06-17T01:32:53.719989Z,0,1,1,5,1.6,-999,inf,-999,-999,-999,1,-1,1,0,4,1,5.3,0,0,0,5.5,0,2.800507044,131.2725949,133.823798,-1,3
270,3822,7,-32.1082,-110.8112,16.54,2014-10-09T02:14:31.439966Z,0,10,0,11,0.4,-999,0.428216818,-999,-999,-999,2,2,10,0,11,0,0,0,0,0,6.6,0,0,108.8110328,114.6619326,1,2
271,3834,7,37.552,142.214,22,2008-07-19T02:39:28.700040Z,1,4,14,19,1,-999,1.23095155,1.9,-999,inf,2,1,4,1,19,14,6.9,0,5.1,0,6.3,0,168.5672023,185.4648597,114.6619326,-1,3
272,3841,7.1,-17.192,-72.305,33.1,1988-04-12T23:19:55.569992Z,0,8,0,14,0.9,-999,0.954294195,-999,-999,-999,1,1,7,0,13,0,0,0,0,0,6.2,0,0,128.8335839,133.823798,1,3
273,3858,7.6,-1.105,123.573,26,2000-05-04T04:21:16.210023Z,0,9,1,16,1.9,-999,0.711877191,-999,-999,-999,1,1,3,0,4,1,5.8,0,0,0,5.7,0,202.8189015,271.3513402,289.8036301,1,1
274,3867,7.8,-12.517,166.382,35,2009-10-07T22:18:51.239978Z,3,87,45,142,0.4,1.084178477,3.685061888,0.1,-999,284.4444457,5,3,12,2,19,11,7.7,0,7.7,0,7.4,0,284.8548115,353.3399448,394.7589718,1,3
275,3868,7.7,22.789,99.611,17.8,1988-11-06T13:03:19.340034Z,0,12,0,19,1.3,-999,0.504411084,-999,-999,-999,1,1,3,0,6,0,0,0,0,0,6.4,0,0,294.739526,338.2345089,-1,2
276,3869,7.6,10.085,-85.315,35,2012-09-05T14:42:07.800022Z,6,2,7,22,1.9,-999,0.270635045,0.3,-999,5.093466182,2,2,1,1,5,2,7.3,0,7.3,0,6.5,0,449.7907453,605.9710726,289.8036301,1,3
277,3880,8.1,-15.489,-172.095,18,2009-09-29T17:48:10.990025Z,0,94,17,155,1.8,1.329761606,3.142303008,-999,-999,-999,1,1,2,0,5,2,6.6,0,0,0,6.3,0,178.425617,462.0463266,470.6906315,-1,2
278,3882,7.4,39.837,142.76,28.6,1989-11-01T18:25:34.939975Z,12,16,12,26,1.4,-999,0.731123368,0.5,-999,1.862456041,1,1,7,6,13,6,6.9,0,6.9,0,6,0,95.5322153,107.9827949,212.7529709,1,3
279,3910,7.1,2.305,126.76,44,1989-02-10T11:15:24.679991Z,0,34,5,42,0.7,0.946539255,1.14040853,-999,-999,-999,1,1,31,0,37,4,6,0,0,0,6.4,0,96.85355972,154.766703,133.823798,1,3
280,3911,7.5,6.898,126.579,33,2001-01-01T06:57:04.169981Z,0,12,0,18,0.7,-999,1.71332483,-999,-999,-999,1,1,4,0,5,0,0,0,0,0,6.8,0,0,179.0003956,248.307437,1,3
281,3918,8.4,-16.265,-73.641,33,2001-06-23T20:33:14.130024Z,0,63,40,93,0.8,1.07507082,2.593636721,-999,-999,-999,1,1,3,0,4,3,7.5,0,0,0,7.6,0,12567.74622,12530.49775,748.3036029,1,3
282,3926,8,-52.341,160.568,10,1989-05-23T10:54:46.320021Z,0,22,0,28,2,-999,0.761282005,-999,-999,-999,1,1,2,0,4,0,0,0,0,0,6.4,0,0,291.41359,537.7249613,1,1
283,3927,7.5,14.099,92.902,24,2009-08-10T19:55:38.729996Z,0,2,0,12,1.6,-999,1.399256565,-999,-999,-999,1,-1,1,0,3,0,0,0,0,0,6.6,0,0,102.3025906,248.307437,-1,2
284,3934,8,-3.98,152.169,33,2000-11-16T04:54:56.740031Z,4,170,24,256,0.2,1.021162682,6.170492575,1,-999,0.202062252,3,3,14,2,28,6,7,0,7,0,7.8,0,252.0267076,584.9416277,537.7249613,1,3
285,3936,7.7,13.049,-88.66,60,2001-01-13T17:33:32.379955Z,0,11,0,26,1.8,-999,0.468338534,-999,-999,-999,1,1,6,0,11,0,0,0,0,0,6.6,0,0,337.1432555,338.2345089,-1,2
286,3937,7,-30.523,-178.414,43.8,1989-05-14T00:59:50.449978Z,1,3,13,20,0.7,-999,5.025680995,1.2,-999,inf,5,1,3,1,20,13,6.8,0,5.8,0,6.3,0,126.9708875,128.4500868,114.6619326,-1,3
287,3938,7.2,17.397,-100.9723,24,2014-04-18T14:27:24.919979Z,0,3,0,4,0.8,-999,0.14497741,-999,-999,-999,1,1,2,0,2,0,0,0,0,0,6.4,0,0,101.370345,156.1879214,1,3
288,3942,7.8,-45.762,166.562,12,2009-07-15T09:22:29.029989Z,0,21,0,29,1.7,-999,1.002327561,-999,-999,-999,1,1,1,0,1,0,0,0,0,0,6.1,0,0,359.9307043,394.7589718,1,3
289,3952,7.1,-13.966,166.516,43,1985-12-21T01:13:22.409957Z,20,23,21,37,0.6,-999,1.073068583,0.1,-999,1.073365908,4,4,23,17,34,18,7,0,7,0,6.5,0,72.53265162,131.7423109,133.823798,1,3
290,3958,7,-29.756,-177.683,36,2008-09-29T15:19:31.589964Z,0,9,5,25,0.9,-999,0.759989716,-999,-999,-999,1,1,9,0,25,5,6.5,0,0,0,6.4,0,35.83633167,96.34889354,114.6619326,-1,3
291,3962,7.6,-1.757,134.297,10,2002-10-10T10:50:20.570034Z,5,18,6,71,0.9,-999,10.80529085,1.2,-999,3.480879656,5,1,4,2,24,2,6.4,0,6.4,0,7.3,0,31.61291572,331.3199632,289.8036301,1,1
292,3964,7,12.686,144.98,37,2001-10-12T15:02:16.839974Z,0,0,0,1,-999,-999,-999,-999,-999,-999,-1,-1,0,0,1,0,0,0,0,0,0,0,0,0,114.6619326,1,3
293,3966,7.3,12.5262,-88.1225,40,2014-10-14T03:51:34.459981Z,0,0,0,3,-999,-999,-999,-999,-999,-999,1,-1,0,0,1,0,0,0,0,0,0,0,0,0,182.289452,-1,2
294,3974,7.6,-3.302,142.945,13,2002-09-08T18:44:23.710014Z,1,18,7,31,1.3,-999,2.071895383,2.1,-999,inf,1,1,3,0,6,2,6.7,0,5.5,0,6.3,0,85.51240359,255.0129954,289.8036301,1,3
295,3988,7.4,2.824,96.085,30,2002-11-02T01:26:10.700017Z,0,6,0,10,1.1,-999,0.213497704,-999,-999,-999,1,1,2,0,3,0,0,0,0,0,6.3,0,0,115.9600341,212.7529709,1,3
296,3990,9.1,38.297,142.373,29,2011-03-11T05:46:24.119965Z,35,569,121,872,1.2,0.988651971,19.42381668,1.8,1.059254834,1.197560896,1,1,3,1,3,2,7.4,0,7.3,0,7.9,0,1550.681316,2121.048023,1471.584602,1,3
297,3992,7,-2.6286,138.5277,48,2015-07-27T21:41:21.709965Z,0,0,0,2,-999,-999,-999,-999,-999,-999,-1,-1,0,0,2,0,0,0,0,0,0,0,0,0,114.6619326,1,3
298,3994,8.3,-31.5729,-71.6744,22.44,2015-09-16T22:54:32.860026Z,0,90,1,141,1.3,0.851557808,3.572975617,-999,-999,-999,1,1,6,0,9,0,5.5,0,0,0,7,0,14.62525324,595.2860807,641.1560465,1,3
299,3995,8,18.19,-102.533,27.9,1985-09-19T13:17:47.350031Z,0,4,0,11,0.4,-999,0.476692252,-999,-999,-999,2,2,1,0,2,0,0,0,0,0,7.6,0,0,340.5473131,537.7249613,1,3
300,3997,7.4,1.271,122.091,30,2008-11-16T17:02:32.699960Z,0,2,0,11,1.8,-999,62.75011021,-999,-999,-999,1,-1,2,0,5,0,0,0,0,0,5.8,0,0,153.0987351,212.7529709,1,3
301,4005,7,38.849,141.568,68,2003-05-26T09:24:33.400025Z,0,0,4,5,-999,-999,-999,-999,-999,-999,1,-1,0,0,5,4,0,0,0,0,0,0,0,0,114.6619326,-1,3
302,4014,7.4,2.768,95.964,26,2008-02-20T08:08:30.520036Z,0,10,3,24,1.4,-999,0.412192863,-999,-999,-999,1,1,2,0,8,3,6.1,0,0,0,6.3,0,51.14510429,209.0200487,212.7529709,1,3
303,4017,8.4,-4.438,101.367,34,2007-09-12T11:10:26.829987Z,0,90,0,203,0.5,1.101028264,3.045945968,-999,-999,-999,1,1,5,0,10,0,0,0,0,0,7.9,0,0,771.1644548,748.3036029,1,3
304,4019,7.9,31.002,103.322,19,2008-05-12T06:28:01.570018Z,0,50,0,63,1.8,1.457364033,2.090613581,-999,-999,-999,1,1,2,0,3,0,0,0,0,0,6.1,0,0,304.1008763,460.7295875,-1,3
305,4023,7.9,63.5141,-147.4529,4.2,2002-11-03T22:12:41.517964Z,1,19,2,20,2.3,-999,0.694078314,1.3,-999,inf,1,1,0,1,0,1,6.6,0,6.6,0,5.6,0,22.75413305,318.9588608,460.7295875,-1,1
306,4031,7,-7.288,154.371,24.7,1987-10-12T13:57:04.790020Z,0,5,0,8,1.4,-999,2.637505624,-999,-999,-999,1,1,5,0,8,0,0,0,0,0,5.6,0,0,85.34041627,114.6619326,-1,2
307,4035,7.9,58.679,-142.786,10,1987-11-30T19:23:19.590001Z,5,7,5,16,2,-999,0.472736342,1,-999,4.247708254,2,1,1,1,3,1,6.9,0,6.9,0,7.8,0,58.3164961,304.6505765,460.7295875,-1,1
308,4038,7.8,35.946,90.541,10,2001-11-14T09:26:10.010002Z,0,12,0,14,2.2,-999,0.504856751,-999,-999,-999,1,1,0,0,0,0,0,0,0,0,5.6,0,0,358.5713618,394.7589718,-1,1
309,4045,7.3,-17.94,-172.225,16,1987-10-06T04:19:06.079960Z,0,4,0,16,2,-999,1.218202397,-999,-999,-999,1,1,1,0,9,0,0,0,0,0,5.6,0,0,177.6853329,182.289452,-1,2
310,4047,7.8,51.146,178.65,33,2003-11-17T06:43:06.800021Z,4,25,68,57,2,-999,0.842508899,2.2,-999,0.159689378,1,1,1,0,6,19,7.3,0,5.6,0,6.7,0,5986.764953,8443.821467,394.7589718,1,3
311,4051,7.4,-58.893,158.513,33,1987-09-03T06:40:13.909991Z,0,5,0,6,0.6,-999,2.792608122,-999,-999,-999,1,1,3,0,4,0,0,0,0,0,6.8,0,0,198.0114593,212.7529709,1,1
312,4054,7,-60.063,-26.916,47.6,1987-01-30T22:29:42.089968Z,1,11,3,20,1.6,-999,0.513007892,1.6,-999,inf,1,1,11,1,20,3,5.6,0,5.4,0,6.2,0,73.84101109,84.49171105,114.6619326,1,3
313,4062,7.6,-23.043,-174.66,31,2009-03-19T18:17:40.469967Z,1,15,8,73,2,-999,0.847421254,2.6,-999,inf,1,1,1,0,18,3,6.9,0,5,0,6.8,0,157.164178,323.722503,289.8036301,1,3
314,4063,7.9,-4.721,102.087,33,2000-06-04T16:28:26.170032Z,0,50,2,115,1.2,1.262483959,2.125629883,-999,-999,-999,1,1,4,0,11,1,6.5,0,0,0,7.4,0,453.7210011,523.6611739,460.7295875,-1,0
315,4068,7.1,1.8929,126.5217,45,2014-11-15T02:31:41.720044Z,0,21,0,48,0.3,-999,0.74258094,-999,-999,-999,5,0,16,0,38,0,0,0,0,0,6.8,0,0,109.9457586,133.823798,1,3
316,4069,7.2,-17.6,167.856,21,2002-01-02T17:22:48.760000Z,1,22,7,25,0.6,-999,0.778840404,1.1,-999,inf,1,1,20,1,23,7,6.4,0,6.1,0,6.6,0,105.4280561,99.51814948,156.1879214,1,3
317,4072,7.4,13.988,-91.895,24,2012-11-07T16:35:46.930043Z,0,8,2,26,0.9,-999,0.305707848,-999,-999,-999,1,1,4,0,12,2,6,0,0,0,6.9,0,116.3548876,193.6424587,212.7529709,1,3
318,4079,7,-27.424,-176.33,25,2009-02-18T21:53:45.160026Z,0,4,0,6,1.7,-999,0.244229789,-999,-999,-999,1,1,4,0,6,0,0,0,0,0,5.3,0,0,101.3582924,114.6619326,1,3
319,4086,7.7,-28.117,-176.367,29.1,1986-10-20T06:46:09.980027Z,0,68,1,114,1.5,1.081759149,2.270080256,-999,-999,-999,1,1,11,0,17,0,5.2,0,0,0,6.5,0,94.23439374,331.457211,338.2345089,-1,1
320,4088,7.5,6.033,124.249,31,2002-03-05T21:16:09.129968Z,0,6,0,12,1.5,-999,2.072315496,-999,-999,-999,1,1,1,0,6,0,0,0,0,0,6.3,0,0,233.3612084,248.307437,1,3
321,4089,7.7,-0.414,132.885,17,2009-01-03T19:43:50.650031Z,0,45,0,60,0.3,1.497567179,1.647818143,-999,-999,-999,2,2,4,0,6,0,0,0,0,0,7.4,0,0,198.1404268,338.2345089,1,3
322,4095,7.8,28.2305,84.7314,8.22,2015-04-25T06:11:25.949991Z,0,32,0,37,0.5,0.920359167,1.507913379,-999,-999,-999,1,1,5,0,5,0,0,0,0,0,7.3,0,0,361.2585916,394.7589718,1,3
323,4097,7.5,1.795,126.519,33,1986-08-14T19:39:13.670030Z,0,36,11,78,1.1,1.042306757,1.204084019,-999,-999,-999,1,1,12,0,22,6,6.8,0,0,0,6.8,0,215.4263033,245.1180713,248.307437,1,3
324,4100,7.5,-5.4624,151.8751,55,2015-05-05T01:44:06.380020Z,17,43,141,114,0.4,1.266078829,1.641269191,0.7,-999,0.586577314,4,5,7,7,20,43,7.5,0,6.8,0,7.1,0,527.4893517,441.0240892,248.307437,1,3
325,4101,7.6,-24.388,-70.161,62.3,1987-03-05T09:17:05.280025Z,0,9,0,31,0.6,-999,0.537936345,-999,-999,-999,5,1,6,0,13,0,0,0,0,0,7.2,0,0,259.0010178,289.8036301,1,3
326,4103,7.1,1.271,126.249,35,2001-02-24T07:23:48.729956Z,0,10,2,35,0.9,-999,1.068803601,-999,-999,-999,1,1,9,0,29,2,5.8,0,0,0,6.2,0,3.69700723,116.4653118,133.823798,1,3
327,4107,7.3,-4.439,152.828,33,1985-07-03T04:36:51.730044Z,0,8,0,34,1.3,-999,0.293629871,-999,-999,-999,1,1,4,0,16,0,0,0,0,0,6.5,0,0,180.5493721,182.289452,1,3
328,4116,7.4,-6.266,149.06,47.8,1987-10-16T20:48:01.639986Z,2,3,40,25,1.9,-999,0.232235963,2.3,-999,5.535452513,2,1,1,0,11,19,7.4,0,5.1,0,6.8,0,332.5456712,206.6620807,212.7529709,1,3
329,4118,7.1,24.279,122.179,32.8,2002-03-31T06:52:50.489995Z,0,2,6,14,1.8,-999,0.080632368,-999,-999,-999,2,-1,2,0,13,5,6.8,0,0,0,6.2,0,74.3058552,120.1055148,133.823798,-1,3
330,4124,7.4,23.901,121.574,33.8,1986-11-14T21:20:10.549972Z,0,12,5,20,1.1,-999,0.790142473,-999,-999,-999,1,1,3,0,4,3,6.2,0,0,0,6.3,0,69.91715212,202.0456175,212.7529709,1,3
331,4126,8.2,-19.6097,-70.7691,25,2014-04-01T23:46:47.260043Z,25,58,28,88,0.5,0.929486345,2.585017796,1.5,-999,3.077260129,1,1,6,4,6,4,6.7,0,6.7,0,7.7,0,130.0805502,489.9014253,549.3506571,1,3
332,4128,7.2,3.886,126.387,20,2009-02-11T17:34:50.489962Z,0,71,2,98,0.9,1.373492571,2.618799969,-999,-999,-999,1,1,39,0,54,1,5.2,0,0,0,6.3,0,40.40533985,131.9063353,156.1879214,1,3
333,4131,8,51.52,-174.776,33,1986-05-07T22:47:10.870027Z,3,68,4,169,1.6,1.19080745,2.353169128,1.7,-999,107.9069306,1,1,1,1,10,1,6.3,0,6.3,0,6.9,0,135.805084,6171.643991,537.7249613,1,3
334,4132,7.6,-11.2701,162.1481,22.56,2014-04-12T20:14:39.300032Z,1,29,1,67,0.2,-999,3.880698205,1.6,-999,inf,5,2,10,1,19,1,6,0,6,0,7.4,0,94.99896491,366.6450412,289.8036301,-1,1