,Unnamed: 0,cid,m0,lat0,lon0,depth0,ot0,nf,na,nf_all,na_all,dm_a,b_a,rate_a,dm_f,b_f,rate_f,c_type,c_type60,na_apr,nf_apr,na_all_apr,nf_all_apr,MmaxFS,dtmaxFS,MmaxFS60,dtmaxFS60,MmaxAS,dtmaxAS,RmaxFS,RmaxAS,Rpred,InterIntra,fstyle
0,0,2,7.1,40.402,-125.68,10.0,1994-09-01T15:15:53.080045Z,0,0,0,1,-999.0,-999.0,-999.0,-999.0,-999.0,-999.0,-1,-1,0,0,1,0,0.0,0.0,0.0,0.0,0.0,0.0,0.0,0.0,133.82379803431266,1.0,1.0
1,1,19,7.0,41.679,-125.856,1.303,1991-08-17T22:17:09.970019Z,1,0,1,0,-999.0,-999.0,-999.0,0.9000000000000004,-999.0,inf,-1,-1,0,1,0,1,0.0,0.0,0.0,0.0,0.0,0.0,0.0,0.0,114.66193259390072,-1.0,1.0
2,2,34,7.0,28.696,-113.104,13.0,2012-04-12T07:15:48.500002Z,1,0,1,0,-999.0,-999.0,-999.0,1.0,-999.0,inf,-1,-1,0,1,0,1,0.0,0.0,0.0,0.0,0.0,0.0,0.0,0.0,114.66193259390072,-1.0,1.0
3,3,38,7.0,-28.683,-177.624,30.0,1997-09-20T16:11:32.149994Z,0,0,1,2,-999.0,-999.0,-999.0,-999.0,-999.0,-999.0,1,-1,0,0,2,1,0.0,0.0,0.0,0.0,0.0,0.0,0.0,0.0,114.66193259390072,-1.0,3.0
4,4,156,8.0,18.19,-102.533,27.9,1985-09-19T13:17:47.350031Z,0,1,0,3,2.3,-999.0,inf,-999.0,-999.0,-999.0,1,-1,0,0,0,0,0.0,0.0,0.0,0.0,5.9,-0.0,0.0,21.964269450294015,537.7249613305888,1.0,3.0
5,5,236,7.1,11.76,121.899,18.1,1990-06-14T07:40:56.209989Z,0,1,0,1,1.5,-999.0,inf,-999.0,-999.0,-999.0,-1,-1,1,0,1,0,0.0,0.0,0.0,0.0,5.6,-0.0,0.0,20.080148524831127,133.82379803431266,-1.0,1.0
6,6,245,7.0,-53.9451,-55.0033,11.78,2013-11-25T06:27:33.300025Z,1,0,1,0,-999.0,-999.0,-999.0,1.4000000000000004,-999.0,inf,-1,-1,0,1,0,1,0.0,0.0,0.0,0.0,0.0,0.0,0.0,0.0,114.66193259390072,1.0,1.0
7,7,352,8.0,-3.98,152.169,33.0,2000-11-16T04:54:56.740031Z,0,1,0,3,2.5,-999.0,inf,-999.0,-999.0,-999.0,1,-1,0,0,2,0,0.0,0.0,0.0,0.0,6.5,-0.0,0.0,17.17794700832764,537.7249613305888,1.0,3.0
8,8,399,7.6,18.77,-104.104,24.0,2003-01-22T02:06:34.610024Z,0,2,2,2,1.6999999999999993,-999.0,84.86396104171158,-999.0,-999.0,-999.0,1,-1,1,0,1,2,6.3,0.0,0.0,0.0,5.9,-0.0,46.60201888428946,38.40865232373173,289.8036300972396,1.0,3.0
9,9,434,7.3,-60.857,-25.07,11.0,2013-07-15T14:03:39.880022Z,0,0,0,1,-999.0,-999.0,-999.0,-999.0,-999.0,-999.0,-1,-1,0,0,1,0,0.0,0.0,0.0,0.0,0.0,0.0,0.0,0.0,182.28945197042378,1.0,1.0
10,10,477,7.2,18.219,-102.756,33.0,1997-01-11T20:28:26.019979Z,0,1,0,1,1.7000000000000002,-999.0,inf,-999.0,-999.0,-999.0,-1,-1,1,0,1,0,0.0,0.0,0.0,0.0,5.5,0.0,0.0,15.950826722403987,156.1879214416901,-1.0,2.0
11,11,550,7.5,-9.593,-79.587,10.0,1996-02-21T12:51:01.300002Z,0,0,0,1,-999.0,-999.0,-999.0,-999.0,-999.0,-999.0,-1,-1,0,0,0,0,0.0,0.0,0.0,0.0,0.0,0.0,0.0,0.0,248.30743700128235,1.0,3.0
12,12,580,7.1,60.642,-141.593,15.0,1979-02-28T21:27:06.100011Z,0,1,0,1,1.6999999999999993,-999.0,inf,-999.0,-999.0,-999.0,-1,-1,1,0,1,0,0.0,0.0,0.0,0.0,5.4,0.0,0.0,19.588698830013282,133.82379803431266,-1.0,3.0
13,13,635,7.1,-18.771,-172.415,35.2,1988-10-08T04:46:24.529985Z,0,1,0,1,1.6999999999999993,-999.0,inf,-999.0,-999.0,-999.0,-1,-1,1,0,1,0,0.0,0.0,0.0,0.0,5.4,0.0,0.0,27.7724852941581,133.82379803431266,1.0,3.0
14,14,636,7.2,-0.593,-80.393,33.0,1998-08-04T18:59:20.099992Z,1,0,1,0,-999.0,-999.0,-999.0,1.7999999999999998,-999.0,inf,-1,-1,0,1,0,1,0.0,0.0,0.0,0.0,0.0,0.0,0.0,0.0,156.1879214416901,1.0,3.0
15,15,651,7.9,-13.802,97.453,10.0,2000-06-18T14:44:13.310013Z,0,2,0,2,2.1000000000000005,-999.0,1.079270952903138,-999.0,-999.0,-999.0,-1,-1,0,0,0,0,0.0,0.0,0.0,0.0,5.8,0.0,0.0,36.16012822362785,460.72958753073897,-1.0,1.0
16,16,692,7.1,13.525,121.067,31.5,1994-11-14T19:15:30.659966Z,0,0,0,1,-999.0,-999.0,-999.0,-999.0,-999.0,-999.0,-1,-1,0,0,1,0,0.0,0.0,0.0,0.0,0.0,0.0,0.0,0.0,133.82379803431266,1.0,1.0
17,17,738,7.3,33.825,59.809,10.0,1997-05-10T07:57:29.719960Z,0,1,0,2,1.8999999999999997,-999.0,inf,-999.0,-999.0,-999.0,-1,-1,1,0,2,0,0.0,0.0,0.0,0.0,5.9,0.0,0.0,33.30500986817485,182.28945197042378,-1.0,1.0
18,18,753,7.0,12.686,144.98,37.0,2001-10-12T15:02:16.839974Z,0,0,0,1,-999.0,-999.0,-999.0,-999.0,-999.0,-999.0,-1,-1,0,0,1,0,0.0,0.0,0.0,0.0,0.0,0.0,0.0,0.0,114.66193259390072,1.0,3.0
19,19,901,7.3,12.5262,-88.1225,40.0,2014-10-14T03:51:34.459981Z,0,0,0,1,-999.0,-999.0,-999.0,-999.0,-999.0,-999.0,-1,-1,0,0,1,0,0.0,0.0,0.0,0.0,0.0,0.0,0.0,0.0,182.28945197042378,-1.0,2.0
20,20,1108,7.0,-1.339,88.976,10.0,1999-11-15T05:42:43.219957Z,0,4,0,5,0.5999999999999996,-999.0,5.442596824618726,-999.0,-999.0,-999.0,1,1,4,0,5,0,0.0,0.0,0.0,0.0,6.4,-0.0,0.0,27.293732262391895,114.66193259390072,-1.0,1.0
21,21,1125,7.2,40.3353333,-124.2286667,9.856,1992-04-25T18:06:05.179965Z,0,2,2,2,0.6000000000000005,-999.0,13.286287913465276,-999.0,-999.0,-999.0,1,-1,2,0,2,2,6.0,-0.0,0.0,0.0,6.6,0.0,11.774840577666257,30.55609787494898,156.1879214416901,1.0,3.0
22,22,1139,7.1,13.752,124.358,45.7,1982-01-11T06:10:06.489981Z,0,3,0,3,0.6999999999999993,-999.0,0.2311670719319039,-999.0,-999.0,-999.0,1,1,3,0,3,0,0.0,0.0,0.0,0.0,6.4,-0.0,0.0,37.05856867111672,133.82379803431266,1.0,3.0
23,23,1144,7.0,5.8983,126.9209,60.21,2018-12-29T03:39:09.740021Z,0,2,0,2,1.2999999999999998,-999.0,0.114602648972671,-999.0,-999.0,-999.0,-1,-1,2,0,2,0,0.0,0.0,0.0,0.0,5.7,-0.0,0.0,12.135753863837792,114.66193259390072,1.0,3.0
24,24,1153,7.6,-48.786,164.357,33.0,1981-05-25T05:25:14.460035Z,0,2,0,2,2.3,-999.0,0.1091986738411733,-999.0,-999.0,-999.0,-1,-1,0,0,0,0,0.0,0.0,0.0,0.0,5.3,0.0,0.0,35.087152299364256,289.8036300972396,1.0,1.0
25,25,1182,7.0,-51.225,160.513,10.0,1982-07-07T10:43:03.740016Z,0,1,0,1,1.7000000000000002,-999.0,inf,-999.0,-999.0,-999.0,-1,-1,1,0,1,0,0.0,0.0,0.0,0.0,5.3,0.0,0.0,17.421840538288034,114.66193259390072,1.0,1.0
26,26,1191,7.4,33.386,57.434,33.0,1978-09-16T15:35:56.599990Z,0,0,0,3,-999.0,-999.0,-999.0,-999.0,-999.0,-999.0,1,-1,0,0,2,0,0.0,0.0,0.0,0.0,0.0,0.0,0.0,0.0,212.75297086326285,-1.0,3.0
27,27,1261,7.1,21.799,120.547,10.0,2006-12-26T12:26:21.139955Z,0,5,1,6,0.1999999999999993,-999.0,8.608537517612621,-999.0,-999.0,-999.0,2,2,5,0,6,1,5.4,0.0,0.0,0.0,6.9,-0.0,38.55996210182318,36.35985178565124,133.82379803431266,1.0,1.0
28,28,1404,7.5,15.324,-89.101,5.0,1976-02-04T09:01:43.399982Z,0,1,0,1,2.3,-999.0,inf,-999.0,-999.0,-999.0,-1,-1,0,0,0,0,0.0,0.0,0.0,0.0,5.2,0.0,0.0,3.0547953342322995,248.30743700128235,1.0,1.0
29,29,1441,7.2,-29.211,-177.589,35.3,1995-07-03T19:50:50.620042Z,0,4,0,6,1.1000000000000003,-999.0,1.0977412481248463,-999.0,-999.0,-999.0,1,1,4,0,6,0,0.0,0.0,0.0,0.0,6.1,-0.0,0.0,25.546006245113357,156.1879214416901,1.0,3.0
30,30,1454,7.1,-59.426,-20.508,33.0,1977-08-26T19:50:01.400032Z,0,1,0,1,1.8999999999999997,-999.0,inf,-999.0,-999.0,-999.0,-1,-1,1,0,1,0,0.0,0.0,0.0,0.0,5.2,0.0,0.0,32.590669773432026,133.82379803431266,-1.0,1.0
31,31,1477,7.3,34.9109,45.9592,19.0,2017-11-12T18:18:17.180037Z,0,2,0,6,1.8999999999999997,-999.0,0.0693974445986545,-999.0,-999.0,-999.0,1,-1,2,0,5,0,0.0,0.0,0.0,0.0,6.0,0.0,0.0,42.19903299792246,182.28945197042378,1.0,3.0
32,32,1511,7.0,-45.277,166.927,28.1,1993-08-10T00:51:53.249991Z,0,2,0,2,1.4000000000000004,-999.0,2.667627506828329,-999.0,-999.0,-999.0,-1,-1,2,0,2,0,0.0,0.0,0.0,0.0,5.6,0.0,0.0,21.192659307266663,114.66193259390072,1.0,3.0
33,33,1550,7.2,0.151,-77.821,10.0,1987-03-06T04:10:41.959973Z,1,3,1,3,1.2000000000000002,-999.0,18.204791300332925,0.7999999999999998,-999.0,inf,1,1,3,1,3,1,6.4,0.0,6.4,0.0,6.0,-0.0,21.91902535313298,48.03297938920249,156.1879214416901,-1.0,3.0
34,34,1598,7.1,52.6487,-31.9016,16.68,2015-02-13T18:59:12.229988Z,1,1,1,2,1.8999999999999997,-999.0,inf,1.7999999999999998,-999.0,inf,1,-1,1,1,2,1,5.3,-0.0,5.3,-0.0,5.5,0.0,15.752203098627582,28.783884743060508,133.82379803431266,-1.0,1.0
35,35,1613,7.0,-2.823,118.806,33.0,1984-01-08T15:24:13.559989Z,0,0,0,1,-999.0,-999.0,-999.0,-999.0,-999.0,-999.0,-1,-1,0,0,1,0,0.0,0.0,0.0,0.0,0.0,0.0,0.0,0.0,114.66193259390072,-1.0,3.0
36,36,1656,7.0,14.066,-91.924,67.1,1983-12-02T03:09:05.659975Z,0,1,2,2,1.7999999999999998,-999.0,inf,-999.0,-999.0,-999.0,1,-1,1,0,2,2,6.5,0.0,0.0,0.0,5.9,-0.0,32.517313934314075,48.095099588783185,114.66193259390072,1.0,3.0
37,37,1659,7.8,0.3819,-79.9218,20.59,2016-04-16T23:58:36.979971Z,0,4,0,12,1.5999999999999996,-999.0,1.279391483771787,-999.0,-999.0,-999.0,1,1,2,0,6,0,0.0,0.0,0.0,0.0,6.9,0.0,0.0,59.82569445172455,394.75897176315374,1.0,3.0
38,38,1736,7.5,55.228,-134.8591,8.7,2013-01-05T08:58:14.957037Z,0,3,0,3,1.5999999999999996,-999.0,0.1158636029165291,-999.0,-999.0,-999.0,1,1,2,0,2,0,0.0,0.0,0.0,0.0,5.9,0.0,0.0,24.099913248651475,248.30743700128235,-1.0,1.0
39,39,1745,7.4,-46.675,165.707,33.0,1979-10-12T10:25:22.300028Z,0,2,0,2,1.9000000000000004,-999.0,20.246757365193552,-999.0,-999.0,-999.0,-1,-1,1,0,1,0,0.0,0.0,0.0,0.0,5.5,0.0,0.0,20.193751355619643,212.75297086326285,1.0,3.0
40,40,1776,7.0,-6.526,152.779,16.6,1988-07-23T15:17:08.179959Z,0,9,0,9,1.4000000000000004,-999.0,0.3234709914952361,-999.0,-999.0,-999.0,1,1,9,0,9,0,0.0,0.0,0.0,0.0,5.6,0.0,0.0,37.7004622292343,114.66193259390072,-1.0,2.0
41,41,1906,7.0,-2.961,141.926,10.0,1998-07-17T08:49:13.280012Z,0,3,1,4,1.0999999999999996,-999.0,0.4089986842908115,-999.0,-999.0,-999.0,1,1,3,0,4,1,5.7,-0.0,0.0,0.0,5.9,0.0,13.828252286588015,48.269423108166116,114.66193259390072,1.0,3.0
42,42,1926,7.5,22.306,125.308,33.0,1998-05-03T23:30:21.910037Z,0,2,0,2,2.3,-999.0,1.813155957637797,-999.0,-999.0,-999.0,-1,-1,0,0,0,0,0.0,0.0,0.0,0.0,5.2,-0.0,0.0,16.098103749559957,248.30743700128235,-1.0,1.0
43,43,1963,7.0,-4.766,153.945,50.0,2000-10-29T08:37:08.769960Z,0,1,0,1,1.7999999999999998,-999.0,inf,-999.0,-999.0,-999.0,-1,-1,1,0,1,0,0.0,0.0,0.0,0.0,5.2,-0.0,0.0,9.14079278373337,114.66193259390072,-1.0,3.0
44,44,1984,7.0,-6.351,148.763,33.0,1999-11-19T13:56:46.449977Z,2,2,2,2,1.5999999999999996,-999.0,100.40149028971982,1.0999999999999996,-999.0,1.4991476203198617,1,1,2,2,2,2,5.9,0.0,5.9,0.0,5.4,-0.0,26.972042364802835,32.183982115571254,114.66193259390072,1.0,3.0
45,45,1993,7.1,-42.813,124.688,10.0,2001-12-12T14:02:35.040019Z,0,2,0,2,1.6999999999999993,-999.0,3.531566338005322,-999.0,-999.0,-999.0,-1,-1,2,0,2,0,0.0,0.0,0.0,0.0,5.4,-0.0,0.0,22.5363099295249,133.82379803431266,-1.0,1.0
46,46,2033,7.0,1.241,122.536,24.0,1997-11-25T12:14:33.629973Z,0,0,0,1,-999.0,-999.0,-999.0,-999.0,-999.0,-999.0,-1,-1,0,0,1,0,0.0,0.0,0.0,0.0,0.0,0.0,0.0,0.0,114.66193259390072,1.0,3.0
47,47,2053,7.0,10.598,-63.486,19.9,1997-07-09T19:24:13.170006Z,0,1,0,2,1.7999999999999998,-999.0,inf,-999.0,-999.0,-999.0,-1,-1,1,0,2,0,0.0,0.0,0.0,0.0,5.4,0.0,0.0,11.992550813501722,114.66193259390072,1.0,1.0
48,48,2156,7.9,-1.679,136.04,5.0,1979-09-12T05:17:51.399976Z,0,6,0,7,2.3000000000000007,-999.0,0.3583149988375713,-999.0,-999.0,-999.0,1,1,0,0,0,0,0.0,0.0,0.0,0.0,5.6,0.0,0.0,53.05518792924058,460.72958753073897,1.0,1.0
49,49,2168,7.3,-17.94,-172.225,16.0,1987-10-06T04:19:06.079960Z,0,1,0,3,2.2,-999.0,inf,-999.0,-999.0,-999.0,1,-1,0,0,2,0,0.0,0.0,0.0,0.0,5.5,0.0,0.0,27.084131947770434,182.28945197042378,-1.0,2.0
50,50,2210,7.2,-60.665,-25.451,24.0,1983-10-22T04:21:35.009971Z,0,6,0,6,0.7000000000000002,-999.0,0.9966469098844324,-999.0,-999.0,-999.0,1,1,5,0,5,0,0.0,0.0,0.0,0.0,6.5,0.0,0.0,51.078066832387314,156.1879214416901,-1.0,2.0
51,51,2233,7.1,8.717,-83.123,37.0,1983-04-03T02:50:01.180003Z,0,5,0,8,1.5,-999.0,42.63247625223951,-999.0,-999.0,-999.0,1,1,5,0,8,0,0.0,0.0,0.0,0.0,6.1,0.0,0.0,58.828842126269244,133.82379803431266,1.0,3.0
52,52,2250,7.1,-5.577,130.791,67.3,1987-06-17T01:32:53.719989Z,0,0,1,1,-999.0,-999.0,-999.0,-999.0,-999.0,-999.0,-1,-1,0,0,1,1,0.0,0.0,0.0,0.0,0.0,0.0,0.0,0.0,133.82379803431266,-1.0,3.0
53,53,2309,7.4,33.184,137.071,10.0,2004-09-05T14:57:18.609988Z,3,8,3,8,0.8000000000000007,-999.0,1.7920405400091706,0.2000000000000001,-999.0,21.749947726299197,2,2,7,1,7,1,7.2,0.0,7.2,0.0,6.6,-0.0,63.17497830046043,55.24980973965273,212.75297086326285,-1.0,3.0
54,54,2320,7.0,-6.081,133.667,27.7,1988-07-25T06:46:06.690002Z,0,0,0,1,-999.0,-999.0,-999.0,-999.0,-999.0,-999.0,-1,-1,0,0,1,0,0.0,0.0,0.0,0.0,0.0,0.0,0.0,0.0,114.66193259390072,-1.0,2.0
55,55,2324,8.1,-15.489,-172.095,18.0,2009-09-29T17:48:10.990025Z,0,4,4,6,2.1,-999.0,0.1980656028364016,-999.0,-999.0,-999.0,1,1,0,0,0,2,6.6,0.0,0.0,0.0,6.0,-0.0,59.00868761032127,42.69404563578314,470.69063154972355,-1.0,2.0
56,56,2366,7.3,13.477,124.616,24.9,1988-02-24T03:52:03.290020Z,0,2,0,5,1.7000000000000002,-999.0,5.612886245479003,-999.0,-999.0,-999.0,1,-1,2,0,3,0,0.0,0.0,0.0,0.0,5.6,-0.0,0.0,34.08296351537854,182.28945197042378,1.0,3.0
57,57,2385,7.7,13.049,-88.66,60.0,2001-01-13T17:33:32.379955Z,0,10,0,17,1.9000000000000004,-999.0,0.4257623033911206,-999.0,-999.0,-999.0,1,1,5,0,8,0,0.0,0.0,0.0,0.0,6.1,-0.0,0.0,42.149697525260784,338.2345089289617,-1.0,2.0
58,58,2507,7.0,32.7906,130.7543,10.0,2016-04-15T16:25:06.220040Z,4,10,4,10,1.2999999999999998,-999.0,2.7175417313693773,0.7999999999999998,-999.0,36.05084674483483,1,1,10,4,10,4,6.2,0.0,6.2,0.0,5.7,-0.0,10.851546170210844,44.53088646437547,114.66193259390072,-1.0,1.0
59,59,2540,7.3,18.048,-102.084,33.0,1981-10-25T03:22:15.569994Z,0,1,1,1,2.2,-999.0,inf,-999.0,-999.0,-999.0,-1,-1,0,0,0,1,5.4,0.0,0.0,0.0,5.1,-0.0,27.743966994337296,27.97363565560002,182.28945197042378,1.0,3.0
60,60,2544,7.0,37.812,142.619,10.0,2003-10-31T01:06:28.279987Z,0,1,0,2,1.9000000000000004,-999.0,inf,-999.0,-999.0,-999.0,-1,-1,1,0,2,0,0.0,0.0,0.0,0.0,5.2,-0.0,0.0,26.444490221098157,114.66193259390072,1.0,3.0
61,61,2556,7.2,-33.134,-73.074,33.0,1981-10-16T03:25:42.220040Z,0,1,0,2,2.1000000000000005,-999.0,inf,-999.0,-999.0,-999.0,-1,-1,0,0,1,0,0.0,0.0,0.0,0.0,5.2,0.0,0.0,18.975125682525768,156.1879214416901,1.0,3.0
62,62,2558,7.1,30.013,57.794,33.0,1981-07-28T17:22:24.620018Z,0,1,1,2,2.0,-999.0,inf,-999.0,-999.0,-999.0,2,-1,1,0,2,1,6.7,0.0,0.0,0.0,5.1,-0.0,13.4786678271313,15.810834361177562,133.82379803431266,-1.0,3.0
63,63,2578,7.8,-4.9521,94.3299,24.0,2016-03-02T12:49:48.110044Z,0,2,0,2,2.2,-999.0,5.345672928124693,-999.0,-999.0,-999.0,-1,-1,0,0,0,0,0.0,0.0,0.0,0.0,5.6,-0.0,0.0,19.70408504787928,394.75897176315374,-1.0,1.0
64,64,2605,7.0,37.552,142.214,22.0,2008-07-19T02:39:28.700040Z,0,2,0,3,1.5999999999999996,-999.0,0.6154757751013445,-999.0,-999.0,-999.0,1,-1,2,0,3,0,0.0,0.0,0.0,0.0,5.4,-0.0,0.0,40.49981052678004,114.66193259390072,-1.0,3.0
65,65,2727,7.0,-32.1082,-110.8112,16.54,2014-10-09T02:14:31.439966Z,0,7,0,8,0.4000000000000003,-999.0,0.2997517725214956,-999.0,-999.0,-999.0,2,2,7,0,8,0,0.0,0.0,0.0,0.0,6.6,-0.0,0.0,49.76364625364897,114.66193259390072,-1.0,1.0
66,66,2763,7.0,51.934,158.647,34.0,1993-11-13T01:18:04.179974Z,0,4,1,9,1.0,-999.0,0.137325641382167,-999.0,-999.0,-999.0,1,1,4,0,9,1,6.1,-0.0,0.0,0.0,6.0,0.0,16.48695567666522,45.60090435024313,114.66193259390072,-1.0,3.0
67,67,2843,7.0,-20.553,169.361,27.7,1994-02-12T17:58:23.989990Z,0,11,1,14,0.5,-999.0,2.3638312332138445,-999.0,-999.0,-999.0,1,1,11,0,14,1,5.4,-0.0,0.0,0.0,6.5,0.0,58.9913797341899,88.34752927938091,114.66193259390072,1.0,3.0
68,68,2924,7.0,-6.92,128.946,33.0,1998-11-09T05:38:44.220016Z,1,3,1,5,1.4000000000000004,-999.0,2.319808515861411,0.2999999999999998,-999.0,inf,2,2,3,1,5,1,6.7,0.0,6.7,0.0,5.8,0.0,9.2043903798546,38.93181576112158,114.66193259390072,-1.0,3.0
69,69,2959,8.2,0.802,92.463,25.1,2012-04-11T10:43:10.849955Z,0,4,0,6,2.799999999999999,-999.0,0.8087947630760625,-999.0,-999.0,-999.0,1,1,0,0,0,0,0.0,0.0,0.0,0.0,5.6,0.0,0.0,44.24939943773119,549.3506570855053,-1.0,1.0
70,70,2973,7.2,-56.032,-25.266,10.0,1991-12-27T04:05:58.240007Z,0,0,0,7,-999.0,-999.0,-999.0,-999.0,-999.0,-999.0,1,-1,0,0,6,0,0.0,0.0,0.0,0.0,0.0,0.0,0.0,0.0,156.1879214416901,-1.0,2.0
71,71,2986,7.1,29.976,68.208,33.0,1997-02-27T21:08:02.359967Z,0,3,0,6,1.0999999999999996,-999.0,0.1464742213974193,-999.0,-999.0,-999.0,1,1,3,0,6,0,0.0,0.0,0.0,0.0,6.0,-0.0,0.0,40.431649317279664,133.82379803431266,1.0,3.0
72,72,3009,7.4,16.779,-98.597,23.0,1995-09-14T14:04:31.429974Z,0,1,1,2,2.3000000000000007,-999.0,inf,-999.0,-999.0,-999.0,1,-1,0,0,0,1,6.7,-0.0,0.0,0.0,5.2,0.0,13.055946330454367,34.994385836648654,212.75297086326285,1.0,3.0
73,73,3050,7.7,-14.993,-75.675,33.0,1996-11-12T16:59:44.029963Z,0,19,0,20,1.6000000000000003,-999.0,1.0384238193741802,-999.0,-999.0,-999.0,1,1,4,0,4,0,0.0,0.0,0.0,0.0,6.1,0.0,0.0,66.40268093442343,338.2345089289617,1.0,3.0
74,74,3052,7.2,45.324,149.892,42.6,1996-02-07T21:36:46.300033Z,0,3,3,7,1.4000000000000004,-999.0,0.8670714851119881,-999.0,-999.0,-999.0,1,1,2,0,5,3,5.5,-0.0,0.0,0.0,5.8,0.0,94.11640542909285,66.09348560465229,156.1879214416901,1.0,3.0
75,75,3059,7.1,15.978,-98.07,21.1,1996-02-25T03:08:15.869992Z,0,5,0,10,0.8999999999999995,-999.0,4.399686237024148,-999.0,-999.0,-999.0,2,1,5,0,10,0,0.0,0.0,0.0,0.0,6.9,-0.0,0.0,49.71069849226141,133.82379803431266,1.0,3.0
76,76,3081,7.0,-20.23,169.789,33.0,1993-12-29T07:48:14.200009Z,0,4,0,5,0.5,-999.0,139.054305624144,-999.0,-999.0,-999.0,1,1,4,0,5,0,0.0,0.0,0.0,0.0,6.5,-0.0,0.0,40.92656521127145,114.66193259390072,-1.0,1.0
77,77,3143,7.0,-7.782,107.297,46.0,2009-09-02T07:55:01.050006Z,0,2,0,4,1.5,-999.0,534.306341742077,-999.0,-999.0,-999.0,1,-1,2,0,4,0,0.0,0.0,0.0,0.0,5.5,0.0,0.0,16.857952733221772,114.66193259390072,-1.0,3.0
78,78,3157,7.1,-55.664,158.453,16.0,2008-04-12T00:30:12.600026Z,0,3,0,4,2.0,-999.0,0.5451001500787633,-999.0,-999.0,-999.0,1,1,3,0,4,0,0.0,0.0,0.0,0.0,5.1,0.0,0.0,40.355552399307,133.82379803431266,1.0,3.0
79,79,3219,7.7,38.19,142.028,44.0,1978-06-12T08:14:26.399991Z,1,4,3,6,1.4000000000000004,-999.0,0.4409931175031945,2.0,-999.0,inf,1,1,2,1,2,2,6.0,-0.0,5.7,-0.0,6.3,0.0,39.783012931217264,36.850969502196584,338.2345089289617,1.0,3.0
80,80,3244,7.2,4.554,-77.442,21.3,1991-11-19T22:28:51.090034Z,0,2,0,2,2.0,-999.0,0.148341610331737,-999.0,-999.0,-999.0,-1,-1,1,0,1,0,0.0,0.0,0.0,0.0,5.2,0.0,0.0,23.549273256390492,156.1879214416901,1.0,3.0
81,81,3300,7.0,54.567,-161.606,28.4,1991-05-30T13:17:41.969986Z,0,3,0,6,1.4000000000000004,-999.0,1.6529037343549684,-999.0,-999.0,-999.0,1,1,3,0,6,0,0.0,0.0,0.0,0.0,5.9,0.0,0.0,15.454011563159058,114.66193259390072,-1.0,3.0
82,82,3332,7.7,26.951,65.5009,15.0,2013-09-24T11:29:47.970038Z,0,6,0,8,0.9000000000000004,-999.0,1.565885067113372,-999.0,-999.0,-999.0,1,1,2,0,2,0,0.0,0.0,0.0,0.0,6.8,0.0,0.0,63.14131241143456,338.2345089289617,1.0,3.0
83,83,3363,7.2,40.758,31.161,10.0,1999-11-12T16:57:19.549988Z,0,3,0,3,1.7000000000000002,-999.0,0.7456818848314682,-999.0,-999.0,-999.0,1,1,2,0,2,0,0.0,0.0,0.0,0.0,5.5,-0.0,0.0,37.947989459119704,156.1879214416901,1.0,1.0
84,84,3399,7.2,38.276,142.039,36.0,2005-08-16T02:46:28.399956Z,0,0,1,6,-999.0,-999.0,-999.0,-999.0,-999.0,-999.0,1,-1,0,0,5,1,0.0,0.0,0.0,0.0,0.0,0.0,0.0,0.0,156.1879214416901,1.0,3.0
85,85,3417,7.0,16.558,-98.358,33.8,1982-06-07T10:59:40.160028Z,1,1,1,8,2.0,-999.0,inf,0.0999999999999996,-999.0,inf,2,-1,1,1,8,1,6.9,-0.0,6.9,-0.0,6.4,0.0,22.937130607069758,39.43294995708843,114.66193259390072,1.0,3.0
86,86,3431,7.0,-22.293,171.742,33.0,1981-07-06T03:08:24.180025Z,0,0,0,3,-999.0,-999.0,-999.0,-999.0,-999.0,-999.0,1,-1,0,0,3,0,0.0,0.0,0.0,0.0,0.0,0.0,0.0,0.0,114.66193259390072,-1.0,2.0
87,87,3436,7.0,23.247,122.075,33.0,1978-12-23T11:23:11.999957Z,0,2,0,2,2.0,-999.0,24.996383657759644,-999.0,-999.0,-999.0,-1,-1,2,0,2,0,0.0,0.0,0.0,0.0,5.0,-0.0,0.0,30.11579256696367,114.66193259390072,1.0,1.0
88,88,3502,7.4,22.282,121.512,17.0,1978-07-23T14:42:36.899975Z,0,8,0,10,1.9000000000000004,-999.0,0.3903827801415289,-999.0,-999.0,-999.0,1,1,3,0,3,0,0.0,0.0,0.0,0.0,5.5,0.0,0.0,37.374502512183064,212.75297086326285,1.0,3.0
89,89,3534,8.1,-49.312,161.345,10.0,2004-12-23T14:59:04.409978Z,0,4,0,4,2.5,-999.0,6.734737668127685,-999.0,-999.0,-999.0,1,1,0,0,0,0,0.0,0.0,0.0,0.0,5.6,-0.0,0.0,27.29773367207301,470.69063154972355,1.0,1.0
90,90,3578,7.2,-25.856,-175.406,33.0,1977-10-10T11:53:53.599976Z,0,1,0,3,1.7999999999999998,-999.0,inf,-999.0,-999.0,-999.0,1,-1,1,0,2,0,0.0,0.0,0.0,0.0,5.5,0.0,0.0,37.511408704492915,156.1879214416901,-1.0,2.0
91,91,3595,7.5,-8.152,124.868,10.0,2004-11-11T21:26:41.150026Z,1,18,1,22,1.0999999999999996,-999.0,1.114097423601156,1.9000000000000004,-999.0,inf,1,1,3,1,5,1,5.6,-0.0,5.6,-0.0,6.4,0.0,6.633602893521989,60.55317895498187,248.30743700128235,1.0,3.0
92,92,3605,7.2,16.3855,-97.9787,22.0,2018-02-16T23:39:39.279977Z,0,3,0,4,1.2999999999999998,-999.0,1.3251124557753893,-999.0,-999.0,-999.0,1,1,3,0,3,0,0.0,0.0,0.0,0.0,5.9,-0.0,0.0,28.635843548300457,156.1879214416901,1.0,3.0
93,93,3609,7.0,40.381,63.472,10.0,1976-05-17T02:58:40.599958Z,2,1,5,5,2.0,-999.0,inf,1.9000000000000004,-999.0,0.1128982234984948,2,1,1,2,5,5,7.0,-0.0,5.1,-0.0,6.0,0.0,54.195643720297575,22.931533989737606,114.66193259390072,-1.0,3.0
94,94,3628,7.6,34.539,73.588,26.0,2005-10-08T03:50:40.799962Z,0,40,0,44,1.1999999999999993,1.0657533298239317,1.3828020469282984,-999.0,-999.0,-999.0,1,1,11,0,11,0,0.0,0.0,0.0,0.0,6.4,-0.0,0.0,61.62985428245461,289.8036300972396,1.0,3.0
95,95,3633,7.0,3.397,96.318,33.0,1976-06-20T20:53:13.400043Z,0,11,0,17,1.2000000000000002,-999.0,0.4360876077206685,-999.0,-999.0,-999.0,1,1,11,0,17,0,0.0,0.0,0.0,0.0,5.8,0.0,0.0,27.236946937586104,114.66193259390072,-1.0,3.0
96,96,3637,7.0,7.409,-78.127,3.0,1976-07-11T20:41:47.499991Z,2,16,2,18,1.4000000000000004,-999.0,0.9188008426505044,0.2999999999999998,-999.0,33.54102384469846,2,2,16,2,18,2,6.7,-0.0,6.7,-0.0,5.7,0.0,38.67464941749948,47.77302391560659,114.66193259390072,-1.0,1.0
97,97,3668,7.1,36.194,141.702,36.6,1982-07-23T14:23:53.570029Z,3,6,3,8,0.8999999999999995,-999.0,1.1275538802206475,1.7999999999999998,-999.0,2.9446126547965394,1,1,3,2,5,2,5.3,0.0,5.3,0.0,6.2,-0.0,10.948758038224812,33.597892761554704,133.82379803431266,1.0,3.0
98,98,3673,7.0,44.915,149.123,41.0,1976-01-21T10:05:24.099989Z,0,42,0,47,1.2000000000000002,1.3511383881434549,2.047423168291941,-999.0,-999.0,-999.0,1,1,42,0,47,0,0.0,0.0,0.0,0.0,6.1,-0.0,0.0,110.35405867165818,114.66193259390072,-1.0,3.0
99,99,3677,8.0,-28.427,-177.657,33.0,1976-01-14T16:47:33.499999Z,10,34,10,42,1.7000000000000002,1.0044906384156838,1.5624967754125831,1.7999999999999998,-999.0,0.7524115050029652,1,1,3,1,3,1,6.2,-0.0,6.2,-0.0,6.3,0.0,141.4601184023064,183.43565531341588,537.7249613305888,1.0,3.0
100,100,3752,7.2,-8.031,155.538,33.0,1977-07-29T11:15:45.300036Z,0,2,0,2,2.2,-999.0,0.2768216643534253,-999.0,-999.0,-999.0,-1,-1,0,0,0,0,0.0,0.0,0.0,0.0,5.0,0.0,0.0,31.506700234117933,156.1879214416901,-1.0,1.0
101,101,3761,7.1,-15.7675,-74.7092,39.0,2018-01-14T09:18:45.539972Z,0,2,0,2,1.5999999999999996,-999.0,0.2145581984170379,-999.0,-999.0,-999.0,-1,-1,1,0,1,0,0.0,0.0,0.0,0.0,5.5,0.0,0.0,14.043519132014593,133.82379803431266,1.0,3.0
102,102,3790,7.7,-22.247,-69.89,40.0,2007-11-14T15:40:50.530019Z,0,2,0,3,2.4000000000000004,-999.0,14.955704074275769,-999.0,-999.0,-999.0,1,-1,0,0,0,0,0.0,0.0,0.0,0.0,5.3,0.0,0.0,37.585352112364916,338.2345089289617,1.0,3.0
103,103,3818,7.0,-61.029,-34.371,13.0,2006-08-20T03:41:48.040027Z,0,4,0,5,1.0999999999999996,-999.0,0.2363785703300692,-999.0,-999.0,-999.0,1,1,4,0,5,0,0.0,0.0,0.0,0.0,5.9,-0.0,0.0,23.369384461807826,114.66193259390072,1.0,1.0
104,104,3831,7.0,11.422,-86.665,35.0,2004-10-09T21:26:53.690030Z,0,0,2,9,-999.0,-999.0,-999.0,-999.0,-999.0,-999.0,0,-1,0,0,9,2,0.0,0.0,0.0,0.0,0.0,0.0,0.0,0.0,114.66193259390072,1.0,3.0
105,105,3848,7.7,16.01,-96.591,18.0,1978-11-29T19:52:47.600025Z,0,4,0,8,2.0,-999.0,0.1379862322824325,-999.0,-999.0,-999.0,1,1,1,0,1,0,0.0,0.0,0.0,0.0,5.7,-0.0,0.0,31.58246009043528,338.2345089289617,1.0,3.0
106,106,3870,7.7,-14.96,-173.085,25.0,1981-09-01T09:29:31.539989Z,1,5,51,25,2.0,-999.0,8.61022069558165,1.9000000000000004,-999.0,inf,1,1,1,1,6,13,6.5,0.0,5.8,0.0,6.4,-0.0,86.04428851966198,69.11837500156118,338.2345089289617,1.0,2.0
107,107,3875,7.6,17.813,-101.276,49.0,1979-03-14T11:07:16.300011Z,1,3,6,5,2.1,-999.0,0.6910767119571952,2.3999999999999995,-999.0,inf,1,1,0,0,0,2,6.6,-0.0,5.2,-0.0,5.5,0.0,61.39080683978337,42.358346986237656,289.8036300972396,1.0,3.0
108,108,3879,7.0,-21.324,33.583,11.0,2006-02-22T22:19:07.800007Z,0,7,0,10,1.2999999999999998,-999.0,0.2541069275838621,-999.0,-999.0,-999.0,1,1,7,0,10,0,0.0,0.0,0.0,0.0,5.7,0.0,0.0,41.25814939179935,114.66193259390072,-1.0,2.0
109,109,3888,7.0,43.53,146.753,44.0,1980-02-23T05:51:03.199995Z,0,7,0,14,1.0999999999999996,-999.0,0.4449033081964457,-999.0,-999.0,-999.0,2,1,7,0,14,0,0.0,0.0,0.0,0.0,6.6,0.0,0.0,52.96458966788548,114.66193259390072,-1.0,3.0
110,110,3894,7.4,-31.028,-67.767,13.0,1977-11-23T09:26:24.699984Z,0,57,0,67,1.1000000000000003,1.1434081047799267,1.9232935183067168,-999.0,-999.0,-999.0,1,1,23,0,26,0,0.0,0.0,0.0,0.0,6.3,0.0,0.0,84.42643935509008,212.75297086326285,-1.0,3.0
111,111,3895,7.1,1.6213,126.4156,33.0,2019-11-14T16:17:40.578000Z,1,32,6,32,1.0999999999999996,1.4181044307044983,1.704817572068429,1.6999999999999993,-999.0,inf,1,1,24,1,24,5,6.1,0.0,5.4,0.0,6.0,-0.0,17.2704759410938,29.33579658797759,133.82379803431266,1.0,3.0
112,112,3899,7.9,56.0039,-149.1658,14.06,2018-01-23T09:31:40.890031Z,0,6,0,9,2.6000000000000005,-999.0,1.8250189180452965,-999.0,-999.0,-999.0,1,1,0,0,0,0,0.0,0.0,0.0,0.0,5.3,0.0,0.0,61.02252028420379,460.72958753073897,-1.0,1.0
113,113,3913,7.5,-0.2559,119.8462,20.0,2018-09-28T10:02:45.249965Z,3,20,12,21,1.7000000000000002,-999.0,0.8248964715322856,1.4000000000000004,-999.0,50.83598846574126,1,1,5,1,5,2,6.6,-0.0,6.1,-0.0,5.8,0.0,142.03123954780781,161.47067526238345,248.30743700128235,1.0,1.0
114,114,3916,7.9,-12.525,165.916,33.0,1980-07-17T19:42:23.200012Z,14,10,14,26,2.2,-999.0,0.3762902148722175,0.4000000000000003,-999.0,1.6527983819339396,2,2,0,4,1,4,7.5,-0.0,7.5,-0.0,7.0,0.0,54.17344017960991,107.49533639775257,460.72958753073897,1.0,3.0
115,115,3953,7.3,36.195,1.354,10.0,1980-10-10T12:25:23.500014Z,0,9,0,14,1.0999999999999996,-999.0,0.3124612612918063,-999.0,-999.0,-999.0,1,1,6,0,8,0,0.0,0.0,0.0,0.0,6.2,0.0,0.0,38.582843760325545,182.28945197042378,-1.0,3.0
116,116,3966,7.7,-9.284,107.419,20.0,2006-07-17T08:19:26.679996Z,0,88,0,95,1.6000000000000003,1.5858055770741115,3.3934157879433893,-999.0,-999.0,-999.0,1,1,9,0,9,0,0.0,0.0,0.0,0.0,6.1,-0.0,0.0,149.48452746519507,338.2345089289617,1.0,3.0
117,117,3970,7.4,-49.271,164.115,10.0,2007-09-30T05:23:34.069974Z,0,4,0,6,0.8000000000000007,-999.0,0.3547402806589916,-999.0,-999.0,-999.0,1,1,2,0,3,0,0.0,0.0,0.0,0.0,6.6,0.0,0.0,33.10900678841593,212.75297086326285,1.0,3.0
118,118,3987,7.1,35.7695,-117.5993333,8.0,2019-07-06T03:19:53.039968Z,3,3,3,3,1.5999999999999996,-999.0,139.17750241893637,0.6999999999999993,-999.0,2.135733089439299,1,1,2,2,2,2,6.4,0.0,6.4,0.0,5.5,0.0,11.193046058632095,19.946151072850217,133.82379803431266,-1.0,1.0
119,119,3991,7.1,-10.615,161.284,22.0,1979-10-23T09:51:06.700003Z,2,8,16,11,1.3999999999999997,-999.0,2.0625773802659912,1.1999999999999993,-999.0,37.335522101156606,1,1,7,1,10,10,5.9,-0.0,5.9,-0.0,5.9,0.0,50.14470471426864,35.74875047429504,133.82379803431266,1.0,3.0
120,120,4006,7.1,-4.603,140.091,33.0,1976-06-25T19:18:56.899956Z,0,14,0,22,1.1999999999999993,-999.0,0.4808606833702446,-999.0,-999.0,-999.0,2,1,12,0,19,0,0.0,0.0,0.0,0.0,7.1,0.0,0.0,47.85803213118175,133.82379803431266,-1.0,0.0
121,121,4007,7.0,-17.098,-172.264,33.0,1978-06-17T15:11:33.499970Z,0,2,1,2,1.5999999999999996,-999.0,0.2891907912828407,-999.0,-999.0,-999.0,1,-1,2,0,2,1,5.0,0.0,0.0,0.0,5.4,-0.0,3.972785035223073,33.90234436159613,114.66193259390072,-1.0,2.0
122,122,4019,7.2,-0.5858,128.034,18.98,2019-07-14T09:10:51.522960Z,1,9,3,11,1.4000000000000004,-999.0,8.601308353385026,2.2,-999.0,inf,1,1,4,0,5,2,5.4,0.0,5.0,0.0,5.8,-0.0,54.44310741303889,42.41385106824171,156.1879214416901,1.0,1.0
123,123,4040,7.1,61.3464,-149.9552,46.7,2018-11-30T17:29:29.330016Z,0,5,0,7,1.2999999999999998,-999.0,8.355027231407181,-999.0,-999.0,-999.0,1,1,3,0,3,0,0.0,0.0,0.0,0.0,5.8,0.0,0.0,15.26090036699985,133.82379803431266,-1.0,2.0
124,124,4047,7.9,6.262,124.023,33.0,1976-08-16T16:11:07.299978Z,0,42,0,71,2.1000000000000005,1.5590058324732072,1.551763752205415,-999.0,-999.0,-999.0,1,1,0,0,4,0,0.0,0.0,0.0,0.0,6.1,-0.0,0.0,158.14598940279865,460.72958753073897,1.0,3.0
125,125,4055,7.5,-6.0699,142.7536,25.21,2018-02-25T17:44:44.140041Z,0,69,0,82,0.7999999999999998,1.4871622457232927,2.3470659525612563,-999.0,-999.0,-999.0,1,1,10,0,12,0,0.0,0.0,0.0,0.0,6.7,-0.0,0.0,100.03580337580736,248.30743700128235,-1.0,3.0
126,126,4062,7.0,24.531,98.71,10.0,1976-05-29T14:00:18.500024Z,1,5,1,9,0.7999999999999998,-999.0,0.490338626505954,0.0999999999999996,-999.0,inf,2,2,5,1,9,1,6.9,0.0,6.9,0.0,6.3,0.0,24.965086945369947,40.598840771033856,114.66193259390072,-1.0,1.0
127,127,4077,7.5,39.57,117.978,23.0,1976-07-27T19:42:54.600023Z,0,8,0,16,0.0999999999999996,-999.0,2.7391223717477384,-999.0,-999.0,-999.0,2,2,1,0,3,0,0.0,0.0,0.0,0.0,7.4,0.0,0.0,86.78704399371482,248.30743700128235,-1.0,2.0
128,128,4080,8.1,-8.466,157.043,24.0,2007-04-01T20:39:58.710036Z,1,19,1,25,1.8999999999999997,-999.0,0.6967831192334965,2.8,-999.0,inf,1,1,2,0,2,0,5.3,0.0,5.3,0.0,6.2,-0.0,21.204719516602896,101.38340536968084,470.69063154972355,1.0,3.0
129,129,4083,7.2,39.243,25.227,10.0,1981-12-19T14:10:50.720020Z,0,2,0,2,2.2,-999.0,1182.9944685291466,-999.0,-999.0,-999.0,-1,-1,0,0,0,0,0.0,0.0,0.0,0.0,5.0,-0.0,0.0,25.96166989168059,156.1879214416901,1.0,1.0
130,130,4105,7.7,54.4434,168.857,10.0,2017-07-17T23:34:13.739980Z,2,4,5,6,2.2,-999.0,0.395338451722777,1.4000000000000004,-999.0,161.11738121753356,1,1,0,1,0,2,6.3,-0.0,6.3,-0.0,5.5,0.0,20.651701688483524,40.786250418747684,338.2345089289617,1.0,1.0
131,131,4106,7.3,39.121,44.029,36.0,1976-11-24T12:22:18.799970Z,0,4,0,6,1.7999999999999998,-999.0,4.504322510575746,-999.0,-999.0,-999.0,1,1,1,0,2,0,0.0,0.0,0.0,0.0,5.5,-0.0,0.0,36.776362647719964,182.28945197042378,-1.0,1.0
132,132,4113,8.1,46.243,154.524,10.0,2007-01-13T04:23:21.159979Z,5,11,53,18,2.6,-999.0,2.609418127453526,2.6999999999999997,-999.0,0.6937463376214956,1,1,0,0,2,4,6.7,-0.0,5.4,-0.0,7.4,0.0,154.24175274034724,166.74465335371605,470.69063154972355,-1.0,2.0
133,133,4134,7.2,7.92,92.19,16.0,2005-07-24T15:42:06.210025Z,0,5,29,12,1.6000000000000003,-999.0,0.8540852658116844,-999.0,-999.0,-999.0,2,1,1,0,8,20,7.2,-0.0,0.0,0.0,6.3,0.0,206.88281218411632,171.28753183596896,156.1879214416901,-1.0,1.0
134,134,4141,7.2,-30.683,-177.358,33.0,1978-02-09T21:35:12.699977Z,6,14,59,37,0.6000000000000005,-999.0,0.6058966122740079,0.9000000000000004,-999.0,1.4136765570607206,5,1,10,5,29,46,6.8,0.0,6.3,0.0,6.6,-0.0,111.26609682533181,92.02315237693675,156.1879214416901,1.0,3.0
135,135,4171,7.1,42.839,78.606,33.0,1978-03-24T21:05:48.200032Z,0,1,0,1,2.1,-999.0,inf,-999.0,-999.0,-999.0,-1,-1,0,0,0,0,0.0,0.0,0.0,0.0,5.0,0.0,0.0,14.764053419484457,133.82379803431266,-1.0,3.0
136,136,4196,7.1,-11.132,162.136,33.0,1978-11-05T22:02:07.099961Z,5,3,5,9,1.0,-999.0,0.1480650519646107,0.1999999999999993,-999.0,21.971426971422947,2,2,3,5,8,5,6.9,0.0,6.9,0.0,6.1,-0.0,18.272083645390452,56.61690307766769,133.82379803431266,1.0,3.0
137,137,4213,8.3,-11.164,118.378,25.0,1977-08-19T06:08:55.509960Z,1,74,1,101,2.200000000000001,1.0606531901267526,2.5790834725158227,2.200000000000001,-999.0,inf,1,1,0,0,0,0,6.1,0.0,6.1,0.0,6.3,0.0,2.378492064552155,134.55798041983616,641.1560464814495,-1.0,2.0
138,138,4219,7.5,-9.89,160.348,19.0,1977-04-20T23:42:50.500022Z,2,42,7,52,0.0,0.9500191791633648,1.630120208327246,0.7999999999999998,-999.0,523.0022966612169,3,3,12,2,16,4,6.7,-0.0,6.7,-0.0,7.5,0.0,85.16654349290289,92.40150913373559,248.30743700128235,1.0,3.0
139,139,4232,7.7,1.598,-79.358,24.0,1979-12-12T07:59:03.299969Z,0,1,0,1,2.7,-999.0,inf,-999.0,-999.0,-999.0,-1,-1,0,0,0,0,0.0,0.0,0.0,0.0,5.0,0.0,0.0,6.577369992195468,338.2345089289617,1.0,3.0
140,140,4244,7.5,1.065,126.282,22.0,2007-01-21T11:27:45.059992Z,0,47,2,64,1.2999999999999998,1.3042709680161555,4.28966707950899,-999.0,-999.0,-999.0,1,1,12,0,17,1,5.6,-0.0,0.0,0.0,6.2,0.0,52.586402151840055,61.277405588133306,248.30743700128235,1.0,3.0
141,141,4251,7.0,16.773,122.327,37.0,1977-03-18T21:43:52.400035Z,0,20,0,25,1.2000000000000002,-999.0,3.394948905466987,-999.0,-999.0,-999.0,2,1,20,0,25,0,0.0,0.0,0.0,0.0,6.9,0.0,0.0,63.88496290632651,114.66193259390072,1.0,3.0
142,142,4255,7.6,-2.598,68.382,10.0,2003-07-15T20:27:50.529979Z,0,2,0,5,2.0,-999.0,8.149786292404315,-999.0,-999.0,-999.0,1,-1,1,0,1,0,0.0,0.0,0.0,0.0,5.6,0.0,0.0,40.01900095069574,289.8036300972396,1.0,1.0
143,143,4260,7.1,33.962,59.726,10.0,1979-11-27T17:10:32.900020Z,4,2,7,2,1.0999999999999996,-999.0,0.2094292108809403,0.5,-999.0,0.3029787917474795,0,1,1,1,1,2,6.7,0.0,6.6,0.0,6.0,-0.0,32.66414591632432,37.24992904532884,133.82379803431266,-1.0,1.0
144,144,4261,8.2,15.0222,-93.8993,47.39,2017-09-08T04:49:19.179983Z,0,33,0,40,2.3999999999999995,1.42604158236889,1.5729025000143668,-999.0,-999.0,-999.0,1,1,0,0,0,0,0.0,0.0,0.0,0.0,5.8,0.0,0.0,139.99528211891692,549.3506570855053,-1.0,2.0
145,145,4266,7.3,55.0999,164.6993,16.56,2018-12-20T17:01:55.150002Z,0,13,0,16,1.2000000000000002,-999.0,0.9164711828248266,-999.0,-999.0,-999.0,1,1,10,0,10,0,0.0,0.0,0.0,0.0,6.1,-0.0,0.0,64.31371504969096,182.28945197042378,-1.0,1.0
146,146,4270,7.0,-17.26,167.601,30.0,1981-07-15T07:59:08.469977Z,1,13,12,21,1.4000000000000004,-999.0,0.5096805035535964,2.0,-999.0,inf,2,1,13,1,21,12,6.9,-0.0,5.0,-0.0,5.7,0.0,12388.40070621749,13120.501395660465,114.66193259390072,1.0,3.0
147,147,4272,7.6,44.244,148.862,33.0,1978-03-24T19:47:50.699986Z,38,47,49,74,1.7999999999999998,1.6009286783884595,1.8551993345732176,0.7999999999999998,0.8050336737718824,19.525481784059785,1,1,5,12,8,15,6.8,0.0,6.8,0.0,6.0,-0.0,86.87887977489572,76.96890200135161,289.8036300972396,1.0,3.0
148,148,4275,7.5,-21.9496,169.4266,10.0,2018-12-05T04:18:08.419963Z,2,47,109,59,0.9000000000000004,1.4324098701370445,2.5772426428890567,1.2000000000000002,-999.0,0.7373492439069396,5,1,7,1,13,25,7.1,0.0,6.3,0.0,6.6,-0.0,140.8625278959384,107.78113520013818,248.30743700128235,-1.0,2.0
149,149,4276,7.6,60.949,167.089,22.0,2006-04-20T23:25:02.150023Z,0,12,0,15,1.5,-999.0,2.099908025894961,-999.0,-999.0,-999.0,1,1,2,0,2,0,0.0,0.0,0.0,0.0,6.1,0.0,0.0,50.95760793956912,289.8036300972396,-1.0,3.0
150,150,4277,7.6,-4.051,152.5967,10.0,2019-05-14T12:58:25.939030Z,0,1,0,2,2.6,-999.0,inf,-999.0,-999.0,-999.0,-1,-1,0,0,0,0,0.0,0.0,0.0,0.0,5.1,0.0,0.0,34.273005885897824,289.8036300972396,1.0,1.0
151,151,4291,7.8,52.788,-132.101,14.0,2012-10-28T03:04:08.819994Z,0,25,0,25,1.5,-999.0,1.5582116266994812,-999.0,-999.0,-999.0,1,1,2,0,2,0,0.0,0.0,0.0,0.0,6.3,0.0,0.0,75.35140849269074,394.75897176315374,1.0,3.0
152,152,4297,7.3,15.766,119.74,33.0,1999-12-11T18:03:36.449973Z,0,2,0,2,2.2,-999.0,2.951792514403398,-999.0,-999.0,-999.0,-1,-1,0,0,0,0,0.0,0.0,0.0,0.0,5.1,-0.0,0.0,30.492761457720196,182.28945197042378,-1.0,2.0
153,153,4303,7.4,13.988,-91.895,24.0,2012-11-07T16:35:46.930043Z,0,7,4,13,0.9000000000000004,-999.0,0.2674943671193585,-999.0,-999.0,-999.0,1,1,4,0,6,3,5.9,0.0,0.0,0.0,6.5,-0.0,48.60823319699787,54.904969146444934,212.75297086326285,1.0,3.0
154,154,4315,7.0,-11.122,165.239,18.8,1992-05-27T05:13:38.810006Z,0,7,0,9,1.5999999999999996,-999.0,1.394376080807583,-999.0,-999.0,-999.0,1,1,7,0,9,0,0.0,0.0,0.0,0.0,5.5,0.0,0.0,32.02860951559472,114.66193259390072,1.0,2.0
155,155,4325,7.0,25.93,128.425,25.0,2010-02-26T20:31:26.970014Z,0,3,0,6,1.7999999999999998,-999.0,4.955346440189481,-999.0,-999.0,-999.0,1,1,3,0,6,0,0.0,0.0,0.0,0.0,5.5,-0.0,0.0,21.746680306264242,114.66193259390072,-1.0,1.0
156,156,4331,7.1,34.6033333,-116.265,13.73,1999-10-16T09:46:44.460015Z,0,5,0,5,1.2999999999999998,-999.0,0.7985890263377471,-999.0,-999.0,-999.0,1,1,2,0,2,0,0.0,0.0,0.0,0.0,5.8,-0.0,0.0,32.23391097948233,133.82379803431266,1.0,1.0
157,157,4339,7.0,18.443,-72.571,13.0,2010-01-12T21:53:10.060025Z,0,16,0,16,1.0,-999.0,2.120954552337348,-999.0,-999.0,-999.0,1,1,16,0,16,0,0.0,0.0,0.0,0.0,6.0,0.0,0.0,49.387747233004866,114.66193259390072,1.0,1.0
158,158,4373,7.5,-16.423,168.214,33.0,1999-11-26T13:21:15.569974Z,0,4,1,4,1.7999999999999998,-999.0,0.146728292776953,-999.0,-999.0,-999.0,1,1,2,0,2,1,6.6,-0.0,0.0,0.0,5.7,0.0,38.8281503663491,52.191603121477485,248.30743700128235,1.0,3.0
159,159,4380,7.2,-9.094,158.442,23.4,1991-10-14T15:58:12.789987Z,1,6,1,6,0.7999999999999998,-999.0,0.2039759027019025,1.7000000000000002,-999.0,inf,1,1,4,1,4,1,5.5,0.0,5.5,0.0,6.4,-0.0,28.704424513002937,33.82856509576462,156.1879214416901,1.0,3.0
160,160,4397,7.8,-8.48,121.896,27.7,1992-12-12T05:29:26.349998Z,0,23,0,27,1.7000000000000002,-999.0,1.442457896016297,-999.0,-999.0,-999.0,1,1,1,0,2,0,0.0,0.0,0.0,0.0,6.1,-0.0,0.0,108.85054415479108,394.75897176315374,1.0,3.0
161,161,4412,7.3,52.05,-171.836,52.0,2011-06-24T03:09:39.470021Z,0,5,0,13,1.5,-999.0,7.157214176743448,-999.0,-999.0,-999.0,2,1,4,0,9,0,0.0,0.0,0.0,0.0,6.9,0.0,0.0,48.44739256942694,182.28945197042378,-1.0,2.0
162,162,4424,7.1,-10.972,164.181,20.4,1993-03-06T03:05:49.869979Z,0,5,0,7,1.0999999999999996,-999.0,4.591528290348086,-999.0,-999.0,-999.0,1,1,4,0,6,0,0.0,0.0,0.0,0.0,6.0,0.0,0.0,43.17283679474867,133.82379803431266,-1.0,1.0
163,163,4426,7.0,42.453,43.673,17.2,1991-04-29T09:12:48.099978Z,0,7,0,10,0.9000000000000004,-999.0,1.6005271155716938,-999.0,-999.0,-999.0,1,1,7,0,10,0,0.0,0.0,0.0,0.0,6.3,-0.0,0.0,43.26984637392152,114.66193259390072,-1.0,3.0
164,164,4431,7.7,-2.071,124.891,33.0,1998-11-29T14:10:31.959983Z,0,3,0,4,2.0,-999.0,2.2179990107745486,-999.0,-999.0,-999.0,1,1,1,0,1,0,0.0,0.0,0.0,0.0,5.7,-0.0,0.0,42.46714101417283,338.2345089289617,-1.0,0.0
165,165,4443,8.6,2.327,93.063,20.0,2012-04-11T08:38:36.719976Z,0,6,2,6,2.8,-999.0,0.628617110062227,-999.0,-999.0,-999.0,1,1,0,0,0,1,7.2,0.0,0.0,0.0,5.8,-0.0,20.146953009425463,57.89093199488314,1019.3093880125635,-1.0,1.0
166,166,4469,7.3,42.142,73.575,27.4,1992-08-19T02:04:37.409985Z,0,7,0,8,0.7000000000000002,-999.0,20.799408449665425,-999.0,-999.0,-999.0,1,1,3,0,3,0,0.0,0.0,0.0,0.0,6.6,0.0,0.0,38.81058180527385,182.28945197042378,-1.0,3.0
167,167,4478,7.6,10.811,126.638,28.0,2012-08-31T12:47:33.379957Z,0,25,0,37,2.0,-999.0,1.5285764717527766,-999.0,-999.0,-999.0,1,1,1,0,1,0,0.0,0.0,0.0,0.0,5.6,-0.0,0.0,71.6829033650664,289.8036300972396,-1.0,3.0
168,168,4484,7.3,12.139,-88.59,28.0,2012-08-27T04:37:19.429964Z,1,4,1,5,1.7999999999999998,-999.0,3.521770472652556,2.3,-999.0,inf,1,1,3,0,3,0,5.0,-0.0,5.0,-0.0,5.5,0.0,46.228824078379525,36.15759202070088,182.28945197042378,1.0,3.0
169,169,4485,7.6,40.748,29.864,17.0,1999-08-17T00:01:39.129999Z,0,3,0,4,1.6999999999999993,-999.0,0.109148697722484,-999.0,-999.0,-999.0,1,1,1,0,2,0,0.0,0.0,0.0,0.0,5.9,-0.0,0.0,33.87898798653787,289.8036300972396,1.0,1.0
170,170,4490,7.2,7.075,-76.862,10.0,1992-10-18T15:11:59.109960Z,4,9,4,11,1.6000000000000003,-999.0,0.7965436724643238,0.5,-999.0,3.648604735210148,1,1,4,2,6,2,6.7,0.0,6.7,0.0,6.1,-0.0,46.47544658286446,40.79246033657268,156.1879214416901,-1.0,3.0
171,171,4493,7.2,-6.075,147.572,58.0,1992-05-15T07:05:05.339962Z,0,1,3,4,2.0,-999.0,inf,-999.0,-999.0,-999.0,1,-1,1,0,3,2,6.7,0.0,0.0,0.0,5.5,-0.0,36.94187275576514,27.009159287867288,156.1879214416901,1.0,3.0
172,172,4504,7.1,5.397,121.937,33.0,1999-03-04T08:52:01.899988Z,0,3,0,4,1.1999999999999993,-999.0,0.5385167900763914,-999.0,-999.0,-999.0,1,1,3,0,3,0,0.0,0.0,0.0,0.0,5.9,-0.0,0.0,30.066066500931893,133.82379803431266,-1.0,3.0
173,173,4509,7.7,11.742,-87.34,44.8,1992-09-02T00:16:01.689976Z,2,5,3,6,1.7000000000000002,-999.0,1.1099607830445788,2.0,-999.0,2.06517145814732,1,1,2,1,2,1,5.7,-0.0,5.7,-0.0,6.0,0.0,18.45050418976106,31.70935459344446,338.2345089289617,1.0,3.0
174,174,4561,7.2,5.121,32.145,14.9,1990-05-20T02:22:01.619992Z,0,6,0,10,0.1000000000000005,-999.0,0.608068948286363,-999.0,-999.0,-999.0,2,2,4,0,7,0,0.0,0.0,0.0,0.0,7.1,0.0,0.0,62.34151043624899,156.1879214416901,-1.0,1.0
175,175,4568,7.7,15.679,121.172,25.1,1990-07-16T07:26:34.610006Z,0,5,0,5,2.3,-999.0,0.7159873207518824,-999.0,-999.0,-999.0,1,1,0,0,0,0,0.0,0.0,0.0,0.0,5.4,0.0,0.0,39.13994682513744,338.2345089289617,-1.0,1.0
176,176,4573,7.7,-60.2738,-46.4011,10.0,2013-11-17T09:04:55.529990Z,8,3,8,4,2.5,-999.0,37.41512328591877,0.7999999999999998,-999.0,3.03604539623552,1,1,0,2,0,2,6.9,0.0,6.9,0.0,5.5,-0.0,45.23402200368826,48.30908206881571,338.2345089289617,-1.0,3.0
177,177,4577,7.8,-5.496,151.781,33.0,2000-11-17T21:01:56.490014Z,2,12,12,63,1.0,-999.0,0.9161318167776756,1.7999999999999998,-999.0,137.10042291413365,1,1,4,1,19,6,6.6,0.0,6.0,0.0,6.8,-0.0,107.38902620268682,109.35743677803603,394.75897176315374,1.0,3.0
178,178,4601,7.6,8.337,126.729,24.4,1989-12-15T18:43:45.030028Z,0,42,2,53,1.0999999999999996,1.2160245493291064,1.8636693418496169,-999.0,-999.0,-999.0,1,1,8,0,10,0,5.4,-0.0,0.0,0.0,6.8,0.0,65.61881742629,99.88261621623654,289.8036300972396,1.0,3.0
179,179,4610,7.1,37.1557,144.6611,35.0,2013-10-25T17:10:19.710020Z,0,6,0,7,1.5999999999999996,-999.0,2.684179835410629,-999.0,-999.0,-999.0,1,1,5,0,6,0,0.0,0.0,0.0,0.0,5.5,0.0,0.0,27.386986369942942,133.82379803431266,-1.0,2.0
180,180,4615,7.6,-22.122,175.163,33.2,1990-03-03T12:16:27.959980Z,0,4,4,8,2.1999999999999997,-999.0,0.1647227413107508,-999.0,-999.0,-999.0,1,1,0,0,1,2,6.8,-0.0,0.0,0.0,5.6,0.0,29.447641049665624,48.35564057849622,289.8036300972396,1.0,1.0
181,181,4616,7.1,9.8796,124.1167,19.04,2013-10-15T00:12:32.049964Z,0,20,0,20,1.3999999999999997,-999.0,1.13829507151543,-999.0,-999.0,-999.0,1,1,14,0,14,0,0.0,0.0,0.0,0.0,5.7,0.0,0.0,61.376500848611684,133.82379803431266,-1.0,3.0
182,182,4618,7.3,9.919,-84.808,22.2,1990-03-25T13:22:55.599999Z,1,1,1,6,1.5999999999999996,-999.0,inf,0.8999999999999995,-999.0,inf,1,-1,1,1,4,1,6.4,0.0,6.4,0.0,6.0,-0.0,11.882998677855632,56.55672601720697,182.28945197042378,1.0,3.0
183,183,4620,7.4,16.493,-98.231,20.0,2012-03-20T18:02:47.439999Z,0,12,1,23,1.4000000000000004,-999.0,0.5046151012887106,-999.0,-999.0,-999.0,1,1,1,0,6,1,6.3,0.0,0.0,0.0,6.0,-0.0,49.099370819650986,55.13615370730883,212.75297086326285,1.0,3.0
184,184,4637,7.0,8.87,126.48,23.9,1991-02-18T02:37:25.120043Z,0,8,0,14,1.5,-999.0,0.8270171078560913,-999.0,-999.0,-999.0,1,1,8,0,14,0,0.0,0.0,0.0,0.0,6.3,0.0,0.0,37.45484140327535,114.66193259390072,1.0,3.0
185,185,4646,7.0,-30.523,-178.414,43.8,1989-05-14T00:59:50.449978Z,0,1,0,2,0.7000000000000002,-999.0,inf,-999.0,-999.0,-999.0,-1,-1,1,0,2,0,0.0,0.0,0.0,0.0,6.3,-0.0,0.0,17.437549649352007,114.66193259390072,-1.0,3.0
186,186,4650,7.0,57.3424,-154.3469,43.6,1999-12-06T23:12:33.536964Z,0,2,0,8,0.5999999999999996,-999.0,50.61816932987884,-999.0,-999.0,-999.0,1,-1,2,0,8,0,0.0,0.0,0.0,0.0,6.5,-0.0,0.0,17.491626319556797,114.66193259390072,-1.0,1.0
187,187,4652,7.6,-1.105,123.573,26.0,2000-05-04T04:21:16.210023Z,0,7,1,10,1.8999999999999997,-999.0,0.5536822598675807,-999.0,-999.0,-999.0,1,1,2,0,3,1,6.1,-0.0,0.0,0.0,5.7,0.0,29.870885421578866,61.94594444656264,289.8036300972396,1.0,1.0
188,188,4654,7.1,-5.982,-77.094,19.8,1991-04-05T04:19:49.519978Z,2,8,7,8,1.5999999999999996,-999.0,0.2727292333973946,0.5999999999999996,-999.0,64.0502912101472,1,1,5,2,5,6,6.6,0.0,6.5,0.0,5.5,-0.0,21.164190295646762,33.17849396157693,133.82379803431266,-1.0,3.0
189,189,4655,7.6,9.685,-83.073,10.0,1991-04-22T21:56:51.819967Z,0,6,0,9,1.3999999999999997,-999.0,3.193125908326593,-999.0,-999.0,-999.0,1,1,1,0,2,0,0.0,0.0,0.0,0.0,6.2,-0.0,0.0,60.299672977702095,289.8036300972396,1.0,3.0
190,190,4664,7.1,53.452,169.871,24.8,1990-11-06T20:14:29.739955Z,0,1,0,2,2.1,-999.0,inf,-999.0,-999.0,-999.0,-1,-1,0,0,1,0,0.0,0.0,0.0,0.0,5.3,-0.0,0.0,35.333165165876814,133.82379803431266,1.0,3.0
191,191,4691,7.4,36.957,49.409,18.5,1990-06-20T21:00:09.979980Z,0,6,0,8,1.6000000000000003,-999.0,0.3791780766548007,-999.0,-999.0,-999.0,1,1,3,0,4,0,0.0,0.0,0.0,0.0,5.8,0.0,0.0,51.39489404099555,212.75297086326285,-1.0,1.0
192,192,4703,7.6,15.125,147.596,11.4,1990-04-05T21:12:35.550026Z,0,39,6,54,1.2999999999999998,1.7371779276130073,2.570900422382463,-999.0,-999.0,-999.0,1,1,3,0,4,1,5.6,0.0,0.0,0.0,6.3,-0.0,89.81130130685953,98.14745595917636,289.8036300972396,-1.0,2.0
193,193,4711,7.8,1.186,122.857,25.7,1990-04-18T13:39:19.009983Z,0,31,0,62,1.2999999999999998,1.0009761292937407,1.3347943444524448,-999.0,-999.0,-999.0,2,1,4,0,10,0,0.0,0.0,0.0,0.0,7.5,-0.0,0.0,87.35053766113495,394.75897176315374,1.0,3.0
194,194,4732,7.7,-12.584,166.676,33.0,1997-04-21T12:02:26.430024Z,0,33,3,39,1.5,1.065555234409464,3.4275225226418136,-999.0,-999.0,-999.0,1,1,6,0,8,2,6.2,0.0,0.0,0.0,6.4,-0.0,91.48561086305418,126.37753132824716,338.2345089289617,1.0,3.0
195,195,4740,8.0,19.055,-104.205,33.0,1995-10-09T15:35:53.910013Z,1,3,1,4,2.0,-999.0,0.4439071204598178,2.2,-999.0,inf,1,1,1,0,1,0,5.8,-0.0,5.8,-0.0,6.0,0.0,25.996537987217817,33.67312209578663,537.7249613305888,1.0,3.0
196,196,4742,7.7,-23.008,169.9,20.2,1995-05-16T20:12:44.219978Z,0,19,0,27,1.2000000000000002,-999.0,2.0222602863727226,-999.0,-999.0,-999.0,1,1,4,0,6,0,0.0,0.0,0.0,0.0,6.5,-0.0,0.0,53.31164196387423,338.2345089289617,-1.0,2.0
197,197,4743,8.0,-23.34,-70.294,45.6,1995-07-30T05:11:23.630031Z,0,15,1,22,1.5999999999999996,-999.0,1.3007723386311938,-999.0,-999.0,-999.0,1,1,3,0,3,1,6.0,0.0,0.0,0.0,6.4,-0.0,37.206407690495446,60.58501907072577,537.7249613305888,1.0,3.0
198,198,4745,7.1,-23.913,-70.207,42.0,1998-01-30T12:16:08.690018Z,0,0,4,1,-999.0,-999.0,-999.0,-999.0,-999.0,-999.0,1,-1,0,0,1,3,0.0,0.0,0.0,0.0,0.0,0.0,0.0,0.0,133.82379803431266,1.0,3.0
199,199,4763,7.1,-37.759,178.752,21.1,1995-02-05T22:51:05.139990Z,0,17,0,18,0.5999999999999996,-999.0,0.7965642353743232,-999.0,-999.0,-999.0,1,1,16,0,17,0,0.0,0.0,0.0,0.0,6.5,0.0,0.0,36.81232776020356,133.82379803431266,-1.0,2.0
200,200,4776,7.0,-2.174,136.543,18.0,2010-06-16T03:16:27.550015Z,1,2,1,9,0.4000000000000003,-999.0,144.71149689457124,0.7999999999999998,-999.0,inf,5,0,2,1,9,1,6.2,0.0,6.2,0.0,6.6,-0.0,25.70217830792191,31.77096193573989,114.66193259390072,1.0,1.0
201,201,4815,7.2,3.748,96.018,38.0,2010-05-09T05:59:41.619955Z,0,1,0,4,1.7999999999999998,-999.0,inf,-999.0,-999.0,-999.0,1,-1,1,0,3,0,0.0,0.0,0.0,0.0,5.4,-0.0,0.0,42.932976383599105,156.1879214416901,-1.0,3.0
202,202,4840,7.2,12.059,125.58,20.7,1995-04-21T00:34:46.089982Z,5,33,5,58,0.1000000000000005,0.8405699649740359,1.233394792132948,0.2999999999999998,-999.0,31.42590690948289,4,4,21,4,39,4,6.9,0.0,6.9,0.0,7.1,-0.0,20.388745189239945,127.93155233425864,156.1879214416901,1.0,3.0
203,203,4848,7.0,40.246,142.175,26.9,1995-01-06T22:37:34.319976Z,6,3,6,7,1.0,-999.0,2.32118315091933,0.7999999999999998,-999.0,1.6433172858320444,1,1,3,6,7,6,6.2,0.0,6.2,0.0,6.0,-0.0,54.09289680608493,64.23733684333602,114.66193259390072,-1.0,3.0
204,204,4866,7.1,52.629,142.827,11.0,1995-05-27T13:03:52.650002Z,0,4,0,6,1.7999999999999998,-999.0,0.2378975080945758,-999.0,-999.0,-999.0,1,1,3,0,4,0,0.0,0.0,0.0,0.0,5.4,0.0,0.0,52.44958117535628,133.82379803431266,-1.0,1.0
205,205,4868,7.1,27.929,130.175,28.4,1995-10-18T10:37:26.379987Z,0,17,0,20,0.2999999999999998,-999.0,0.7949858777174422,-999.0,-999.0,-999.0,2,2,15,0,18,0,0.0,0.0,0.0,0.0,6.8,-0.0,0.0,34.50135103452165,133.82379803431266,-1.0,2.0
206,206,4869,7.0,-2.75,-77.881,24.4,1995-10-03T01:51:23.900026Z,0,11,0,14,0.5,-999.0,0.4206975752727973,-999.0,-999.0,-999.0,1,1,11,0,14,0,0.0,0.0,0.0,0.0,6.5,-0.0,0.0,21.685877439902068,114.66193259390072,-1.0,3.0
207,207,4878,7.2,28.826,34.799,10.0,1995-11-22T04:15:11.940021Z,0,3,0,5,1.7999999999999998,-999.0,0.1618885660317464,-999.0,-999.0,-999.0,1,1,1,0,2,0,0.0,0.0,0.0,0.0,5.4,-0.0,0.0,38.00763453412408,156.1879214416901,1.0,1.0
208,208,4883,8.1,-0.891,136.952,33.0,1996-02-17T05:59:30.550039Z,0,29,0,33,1.5999999999999996,-999.0,1.4229340648018862,-999.0,-999.0,-999.0,1,1,3,0,3,0,0.0,0.0,0.0,0.0,6.5,0.0,0.0,97.11816456502001,470.69063154972355,1.0,3.0
209,209,4887,7.9,0.729,119.931,24.0,1996-01-01T08:05:10.830021Z,0,7,0,26,2.3000000000000007,-999.0,0.2649869914743469,-999.0,-999.0,-999.0,1,1,0,0,4,0,0.0,0.0,0.0,0.0,7.0,-0.0,0.0,85.34704692067214,460.72958753073897,1.0,3.0
210,210,4902,7.2,14.717,-92.645,34.1,1993-09-10T19:12:54.620006Z,5,7,8,11,0.7999999999999998,-999.0,0.7779054778760399,0.4000000000000003,-999.0,0.6531898777055201,5,0,6,5,9,8,6.8,-0.0,6.8,-0.0,6.4,0.0,43.39928805157262,89.33470197885089,156.1879214416901,1.0,3.0
211,211,4925,7.4,-37.773,-75.048,35.0,2010-02-27T08:01:23.009983Z,0,3,0,6,2.3000000000000007,-999.0,0.2694187150923054,-999.0,-999.0,-999.0,1,1,0,0,1,0,0.0,0.0,0.0,0.0,5.6,-0.0,0.0,37.710659360106256,212.75297086326285,-1.0,2.0
212,212,4933,7.0,1.015,127.733,19.9,1994-01-21T02:24:29.959974Z,0,4,0,4,1.5999999999999996,-999.0,1.1247504461199898,-999.0,-999.0,-999.0,1,1,4,0,4,0,0.0,0.0,0.0,0.0,5.4,0.0,0.0,31.625719758863532,114.66193259390072,-1.0,1.0
213,213,4936,7.5,7.881,91.936,35.0,2010-06-12T19:26:50.460000Z,0,10,3,10,2.0,-999.0,0.3456244314976587,-999.0,-999.0,-999.0,1,1,1,0,1,1,6.0,0.0,0.0,0.0,5.5,0.0,35.80490047469731,54.49944941679871,248.30743700128235,-1.0,0.0
214,214,4947,7.6,45.533,151.021,24.7,1991-12-22T08:43:13.410016Z,38,16,42,34,2.1,-999.0,0.978294355797204,0.7999999999999998,0.8595411621001862,2.955184933748101,1,1,0,10,1,11,6.8,0.0,6.8,0.0,5.8,0.0,96.97589287788426,83.7472787097889,289.8036300972396,1.0,3.0
215,215,4952,7.7,-5.799,154.178,30.1,1995-08-16T10:27:28.629960Z,1,11,20,42,0.5,-999.0,0.8365432953378963,2.1000000000000005,-999.0,inf,1,1,4,0,18,9,6.7,0.0,5.6,0.0,7.2,-0.0,132.7642327885394,147.89225995595544,338.2345089289617,1.0,3.0
216,216,4973,7.8,2.383,97.048,31.0,2010-04-06T22:15:01.579969Z,0,3,0,7,2.5,-999.0,0.5082715308420002,-999.0,-999.0,-999.0,1,1,0,0,2,0,0.0,0.0,0.0,0.0,6.1,0.0,0.0,56.41871489162531,394.75897176315374,1.0,3.0
217,217,5001,7.3,7.191,126.762,33.0,1992-05-17T10:15:31.310033Z,1,5,1,17,2.0,-999.0,0.4083466354774414,0.2000000000000001,-999.0,inf,3,2,1,1,8,1,7.1,-0.0,7.1,-0.0,7.0,0.0,13.97122615452708,38.05082982752419,182.28945197042378,1.0,3.0
218,218,5003,7.8,12.982,144.801,59.3,1993-08-08T08:34:24.929992Z,1,6,1,8,1.7999999999999998,-999.0,0.7700008501452292,2.7,-999.0,inf,1,1,1,0,2,0,5.1,0.0,5.1,0.0,6.0,-0.0,15.632804467490505,26.052327942746288,394.75897176315374,-1.0,3.0
219,219,5010,7.1,-17.827,167.133,23.0,2012-02-02T13:34:40.650007Z,0,25,2,28,1.0,-999.0,0.9099959797397398,-999.0,-999.0,-999.0,1,1,15,0,18,2,5.7,-0.0,0.0,0.0,6.1,0.0,66.64962945680611,52.22362207678522,133.82379803431266,-1.0,2.0
220,220,5020,7.7,42.851,139.197,16.7,1993-07-12T13:17:11.959990Z,0,18,0,20,1.4000000000000004,-999.0,2.486826391896836,-999.0,-999.0,-999.0,1,1,2,0,2,0,0.0,0.0,0.0,0.0,6.3,0.0,0.0,50.70196505224696,338.2345089289617,-1.0,3.0
221,221,5048,7.3,-19.702,167.947,16.0,2010-12-25T13:16:37.000040Z,3,75,5,123,0.2999999999999998,1.332191662279915,3.657039288585101,1.7000000000000002,-999.0,8.925543012507172,5,2,25,2,33,3,5.6,0.0,5.6,0.0,7.0,-0.0,85.88941204981923,140.81156354021843,182.28945197042378,-1.0,2.0
222,222,5049,7.2,32.2861667,-115.2953333,9.987,2010-04-04T22:40:42.359984Z,0,6,2,8,1.5,-999.0,1.5995824301037884,-999.0,-999.0,-999.0,1,1,6,0,6,1,5.8,-0.0,0.0,0.0,5.7,0.0,22.152373095057953,37.40375144528519,156.1879214416901,1.0,1.0
223,223,5055,7.1,-30.933,-71.22,58.0,1997-10-15T01:03:33.460044Z,0,7,0,10,0.8999999999999995,-999.0,0.3537563809509809,-999.0,-999.0,-999.0,1,1,5,0,7,0,0.0,0.0,0.0,0.0,6.6,0.0,0.0,28.605377949211096,133.82379803431266,-1.0,2.0
224,224,5062,7.0,-43.522,171.83,12.0,2010-09-03T16:35:47.770021Z,0,2,0,2,1.9000000000000004,-999.0,4.018938314460002,-999.0,-999.0,-999.0,-1,-1,2,0,2,0,0.0,0.0,0.0,0.0,5.1,0.0,0.0,12.874159359155001,114.66193259390072,1.0,1.0
225,225,5068,8.3,43.773,147.321,14.0,1994-10-04T13:22:55.840019Z,0,135,1,208,1.0000000000000009,1.2541124076350578,4.515060828492444,-999.0,-999.0,-999.0,1,1,1,0,2,0,5.3,0.0,0.0,0.0,7.3,-0.0,14.993565209719405,113.41383710389759,641.1560464814495,1.0,3.0
226,226,5085,7.8,40.525,143.419,26.5,1994-12-28T12:19:23.029972Z,0,26,2,37,1.2999999999999998,-999.0,1.0938666637159462,-999.0,-999.0,-999.0,1,1,3,0,4,1,6.4,0.0,0.0,0.0,6.5,-0.0,24.141861903976878,72.75983993744182,394.75897176315374,1.0,3.0
227,227,5092,7.1,-8.783,157.354,10.0,2010-01-03T22:36:25.640003Z,1,29,3,35,0.2999999999999998,-999.0,1.404696379444811,0.5,-999.0,inf,5,5,24,1,27,3,6.6,-0.0,6.6,-0.0,6.8,0.0,71.80914422440658,86.97422973916642,133.82379803431266,1.0,3.0
228,228,5101,7.1,38.721,43.508,18.0,2011-10-23T10:41:23.249986Z,0,12,0,13,1.1999999999999993,-999.0,0.5339931362261177,-999.0,-999.0,-999.0,1,1,11,0,12,0,0.0,0.0,0.0,0.0,5.9,0.0,0.0,40.54019345225416,133.82379803431266,1.0,3.0
229,229,5105,7.6,-29.539,-176.34,17.0,2011-07-06T19:03:18.260036Z,0,49,0,84,1.5999999999999996,1.4234401079103258,2.2975812020110875,-999.0,-999.0,-999.0,2,1,7,0,13,0,0.0,0.0,0.0,0.0,7.4,0.0,0.0,118.12798612931563,289.8036300972396,-1.0,2.0
230,230,5107,7.0,-34.326,-71.799,18.0,2010-03-11T14:55:27.510038Z,89,30,90,76,1.0,-999.0,1.157355242162662,0.0999999999999996,1.1730564154594685,7.21575764706915,2,2,30,89,76,90,6.9,-0.0,6.9,-0.0,6.0,0.0,9448.631254108563,9387.978520305023,114.66193259390072,-1.0,2.0
231,231,5112,7.2,-18.365,168.143,32.0,2011-08-20T16:55:02.809974Z,1,25,1,31,0.1000000000000005,-999.0,1.1223760426296785,1.9000000000000004,-999.0,inf,2,2,15,1,17,1,5.3,-0.0,5.3,-0.0,7.1,0.0,18.89354227548613,60.1512278199834,156.1879214416901,1.0,3.0
232,232,5115,7.2,-16.62,167.518,33.0,1994-07-13T02:35:56.020043Z,1,22,1,22,0.5,-999.0,0.7726232746616484,1.7999999999999998,-999.0,inf,1,1,18,1,18,1,5.4,-0.0,5.4,-0.0,6.7,0.0,5.8649884855250365,56.86976403533391,156.1879214416901,-1.0,3.0
233,233,5119,7.3,34.2,-116.437,-0.097,1992-06-28T11:57:34.130021Z,0,16,3,22,1.0,-999.0,0.6093004933714611,-999.0,-999.0,-999.0,1,1,9,0,12,1,6.1,0.0,0.0,0.0,6.3,-0.0,31.3064989014413,46.35048881087565,182.28945197042378,1.0,1.0
234,234,5125,7.3,-5.931,150.59,35.0,2010-07-18T13:34:59.360014Z,2,16,2,39,0.2999999999999998,-999.0,0.6021084431666088,0.3999999999999994,-999.0,0.0822582161483381,3,3,7,2,18,2,6.9,-0.0,6.9,-0.0,7.0,0.0,78.39036003410261,83.79933244245301,182.28945197042378,1.0,3.0
235,235,5127,8.8,-36.122,-72.898,22.9,2010-02-27T06:34:11.529981Z,0,111,2,185,2.1000000000000005,1.1888208999077927,3.786376614287841,-999.0,-999.0,-999.0,1,1,0,0,2,0,5.1,0.0,0.0,0.0,7.2,-0.0,61.5336144232198,8935.602813954283,1388.4626834569187,1.0,3.0
236,236,5130,7.9,44.663,149.3,33.0,1995-12-03T18:01:08.989970Z,23,58,51,82,1.4000000000000004,1.0628303776535308,2.3094019832145083,1.3000000000000007,-999.0,2.5913438943401617,1,1,8,4,10,12,6.6,-0.0,6.6,-0.0,6.5,0.0,84.45411810683096,120.9613248185863,460.72958753073897,1.0,3.0
237,237,5131,9.1,38.297,142.373,29.0,2011-03-11T05:46:24.119965Z,32,531,39,822,1.1999999999999993,0.977784057200028,18.21099005286645,1.7999999999999998,0.9650988486738926,1.1363270342035765,1,1,3,1,4,1,7.3,0.0,7.3,0.0,7.9,-0.0,369.9456185702233,368.56016359674334,1471.5846019280557,1.0,3.0
238,238,5133,7.8,54.841,162.035,33.0,1997-12-05T11:26:54.689998Z,3,17,4,18,1.5999999999999996,-999.0,0.8179913727205034,2.3,-999.0,7.619188700853321,1,1,2,0,2,1,5.9,0.0,5.5,0.0,6.2,-0.0,56.32525900540036,82.96585194099542,394.75897176315374,1.0,3.0
239,239,5138,7.8,-10.477,112.835,18.4,1994-06-02T18:17:34.020042Z,0,73,0,80,1.2000000000000002,1.1302494537945578,2.8635250031083315,-999.0,-999.0,-999.0,1,1,8,0,8,0,0.0,0.0,0.0,0.0,6.6,-0.0,0.0,116.9276224386153,394.75897176315374,1.0,3.0
240,240,5152,7.2,-5.599,151.045,26.7,1985-05-10T15:35:50.590005Z,0,5,0,5,1.4000000000000004,-999.0,12.561228734584091,-999.0,-999.0,-999.0,1,1,1,0,1,0,0.0,0.0,0.0,0.0,5.8,-0.0,0.0,28.700283485234547,156.1879214416901,-1.0,1.0
241,241,5157,7.2,-34.131,-71.618,37.8,1985-04-09T01:56:59.479961Z,4,0,20,8,-999.0,-999.0,-999.0,0.7000000000000002,-999.0,1.531026477614086,1,1,0,3,6,13,0.0,0.0,0.0,0.0,0.0,0.0,0.0,0.0,156.1879214416901,1.0,3.0
242,242,5190,7.6,-60.532,-43.411,10.0,2003-08-04T04:37:20.129980Z,0,7,0,7,2.0,-999.0,0.2757581401941451,-999.0,-999.0,-999.0,1,1,1,0,1,0,0.0,0.0,0.0,0.0,5.6,0.0,0.0,38.89447270828273,289.8036300972396,1.0,2.0
243,243,5192,7.7,23.419,70.232,16.0,2001-01-26T03:16:40.499995Z,0,9,0,10,1.9000000000000004,-999.0,0.3718704152679631,-999.0,-999.0,-999.0,1,1,1,0,1,0,0.0,0.0,0.0,0.0,5.8,0.0,0.0,44.83724766905578,338.2345089289617,-1.0,3.0
244,244,5210,7.1,0.197,98.027,33.0,1984-11-17T06:49:30.019960Z,0,2,0,2,1.7999999999999998,-999.0,11.137479525600906,-999.0,-999.0,-999.0,-1,-1,1,0,1,0,0.0,0.0,0.0,0.0,5.3,0.0,0.0,17.83350069922757,133.82379803431266,1.0,3.0
245,245,5225,7.0,-16.0429,167.3786,24.0,2016-04-28T19:33:24.069975Z,0,6,0,10,1.2000000000000002,-999.0,1.4853116601266536,-999.0,-999.0,-999.0,1,1,6,0,10,0,0.0,0.0,0.0,0.0,6.0,0.0,0.0,39.42036542344436,114.66193259390072,1.0,3.0
246,246,5266,7.3,-10.491,160.77,33.0,2003-01-20T08:43:06.069994Z,2,1,25,3,2.1,-999.0,inf,1.5999999999999996,-999.0,0.1260220778821444,1,1,0,1,1,17,6.3,0.0,5.7,0.0,5.3,-0.0,92.48600318438532,60.027178893522894,182.28945197042378,-1.0,0.0
247,247,5280,7.2,35.49,81.467,10.0,2008-03-20T22:32:57.930004Z,0,12,0,14,1.6000000000000003,-999.0,2.18166047988181,-999.0,-999.0,-999.0,1,1,7,0,7,0,0.0,0.0,0.0,0.0,5.6,-0.0,0.0,32.0653240845918,156.1879214416901,-1.0,2.0
248,248,5297,7.1,-15.8385,-74.5112,40.0,2013-09-25T16:42:43.169991Z,0,0,0,4,-999.0,-999.0,-999.0,-999.0,-999.0,-999.0,1,-1,0,0,2,0,0.0,0.0,0.0,0.0,0.0,0.0,0.0,0.0,133.82379803431266,1.0,3.0
249,249,5298,7.6,17.802,-101.647,30.8,1985-09-21T01:37:13.470009Z,1,0,1,1,-999.0,-999.0,-999.0,2.6,-999.0,inf,-1,-1,0,0,0,0,0.0,0.0,0.0,0.0,0.0,0.0,0.0,0.0,289.8036300972396,1.0,3.0
250,250,5301,7.0,-5.912,150.196,33.0,2001-10-31T09:10:20.000007Z,0,1,0,3,1.7000000000000002,-999.0,inf,-999.0,-999.0,-999.0,1,-1,1,0,3,0,0.0,0.0,0.0,0.0,5.3,0.0,0.0,21.76941214239163,114.66193259390072,1.0,3.0
251,251,5320,7.0,39.431,75.224,6.8,1985-08-23T12:41:56.159979Z,1,5,1,8,0.7999999999999998,-999.0,0.2584923611306013,1.9000000000000004,-999.0,inf,1,1,5,1,8,1,5.1,-0.0,5.1,-0.0,6.2,0.0,11.257919208919342,33.71631331553472,114.66193259390072,-1.0,3.0
252,252,5323,7.2,38.2107,72.7797,22.0,2015-12-07T07:50:05.950037Z,0,1,0,1,2.2,-999.0,inf,-999.0,-999.0,-999.0,-1,-1,0,0,0,0,0.0,0.0,0.0,0.0,5.0,-0.0,0.0,19.2016743523659,156.1879214416901,-1.0,1.0
253,253,5326,7.1,-47.6165,85.0913,35.0,2015-12-04T22:25:00.110005Z,0,1,0,1,2.1,-999.0,inf,-999.0,-999.0,-999.0,-1,-1,0,0,0,0,0.0,0.0,0.0,0.0,5.0,-0.0,0.0,5.533875683834437,133.82379803431266,-1.0,2.0
254,254,5336,7.1,-1.639,134.911,10.0,1985-11-17T09:40:21.290015Z,0,4,0,4,1.0999999999999996,-999.0,0.2125449228694197,-999.0,-999.0,-999.0,1,1,3,0,3,0,0.0,0.0,0.0,0.0,6.0,-0.0,0.0,26.65985240178096,133.82379803431266,1.0,1.0
255,255,5337,7.0,2.354,128.855,31.0,2003-05-26T19:23:27.939956Z,0,3,0,3,1.7000000000000002,-999.0,0.3966015834318745,-999.0,-999.0,-999.0,1,1,3,0,3,0,0.0,0.0,0.0,0.0,5.3,-0.0,0.0,15.349336671167146,114.66193259390072,1.0,3.0
256,256,5363,7.1,55.867,161.287,62.6,1983-08-17T10:55:54.130023Z,0,0,0,5,-999.0,-999.0,-999.0,-999.0,-999.0,-999.0,1,-1,0,0,4,0,0.0,0.0,0.0,0.0,0.0,0.0,0.0,0.0,133.82379803431266,-1.0,3.0
257,257,5366,7.4,-26.535,-70.563,14.8,1983-10-04T18:52:13.299973Z,1,3,2,4,1.7000000000000002,-999.0,1.6521092591726183,2.2,-999.0,inf,1,1,2,0,3,1,5.4,0.0,5.2,0.0,5.7,-0.0,18.719522949526795,40.23286132422398,212.75297086326285,1.0,3.0
258,258,5397,8.0,-20.187,-174.123,55.0,2006-05-03T15:26:40.290002Z,0,35,9,52,2.0,1.2936431375841555,1.181304220014851,-999.0,-999.0,-999.0,1,1,2,0,3,2,6.2,-0.0,0.0,0.0,6.0,0.0,48.55057142804988,136.251205130021,537.7249613305888,-1.0,3.0
259,259,5399,7.9,31.002,103.322,19.0,2008-05-12T06:28:01.570018Z,0,19,0,20,1.8000000000000007,-999.0,4.162083646705615,-999.0,-999.0,-999.0,1,1,1,0,1,0,0.0,0.0,0.0,0.0,6.1,0.0,0.0,45.742303497054195,460.72958753073897,-1.0,3.0
260,260,5401,7.8,-10.6812,161.3273,40.0,2016-12-08T17:38:46.279973Z,0,68,0,86,0.8999999999999995,1.1860250911414103,2.50579685166464,-999.0,-999.0,-999.0,1,1,8,0,10,0,0.0,0.0,0.0,0.0,6.9,0.0,0.0,95.72867432057785,394.75897176315374,1.0,3.0
261,261,5415,7.4,2.768,95.964,26.0,2008-02-20T08:08:30.520036Z,0,8,0,13,2.0,-999.0,1.30459130437335,-999.0,-999.0,-999.0,1,1,1,0,4,0,0.0,0.0,0.0,0.0,6.0,0.0,0.0,34.15973698617311,212.75297086326285,1.0,3.0
262,262,5419,7.0,51.744,176.274,33.0,1981-01-30T08:52:44.099991Z,0,3,0,26,1.4000000000000004,-999.0,0.1059742475050244,-999.0,-999.0,-999.0,1,1,3,0,26,0,0.0,0.0,0.0,0.0,6.4,-0.0,0.0,8375.018065831318,114.66193259390072,1.0,3.0
263,263,5439,7.0,38.026,20.228,14.3,1983-01-17T12:41:29.699984Z,0,6,0,13,1.4000000000000004,-999.0,0.4304165691842893,-999.0,-999.0,-999.0,1,1,6,0,13,0,0.0,0.0,0.0,0.0,6.4,0.0,0.0,53.00664650527475,114.66193259390072,1.0,3.0
264,264,5443,8.0,-13.386,-76.603,39.0,2007-08-15T23:40:57.889981Z,0,19,2,24,2.0,-999.0,3.220768810526614,-999.0,-999.0,-999.0,1,1,1,0,2,2,6.7,0.0,0.0,0.0,6.0,-0.0,11.245755297550959,68.90842811361327,537.7249613305888,1.0,3.0
265,265,5456,7.2,-21.89,169.853,33.0,1980-10-25T11:00:05.099986Z,7,29,13,77,0.7000000000000002,-999.0,1.193493801144582,0.5,-999.0,6.092260268493914,1,1,15,4,49,8,6.7,0.0,6.7,0.0,6.7,-0.0,65.98031021482457,152.1589724301921,156.1879214416901,1.0,3.0
266,266,5470,7.3,-20.071,168.892,33.0,2008-04-09T12:46:12.720024Z,6,25,52,34,0.8999999999999995,-999.0,0.9264218523070716,0.8999999999999995,-999.0,2.201716191887753,5,1,15,3,19,27,7.1,-0.0,6.4,-0.0,6.4,0.0,166.7103168276338,105.05173954828092,182.28945197042378,1.0,3.0
267,267,5474,7.0,-58.227,-22.099,8.0,2008-06-30T06:17:43.019984Z,0,4,0,4,1.4000000000000004,-999.0,0.5569962173692129,-999.0,-999.0,-999.0,1,1,4,0,4,0,0.0,0.0,0.0,0.0,5.6,-0.0,0.0,25.234590326538612,114.66193259390072,-1.0,1.0
268,268,5484,7.0,-37.3586,179.1461,19.0,2016-09-01T16:37:57.300036Z,1,28,3,36,0.9000000000000004,-999.0,2.145619217143008,1.2000000000000002,-999.0,inf,2,1,28,1,36,3,6.7,-0.0,5.8,-0.0,6.1,0.0,10104.9834169815,10094.302557231296,114.66193259390072,-1.0,2.0
269,269,5486,7.0,43.006,145.119,39.0,2004-11-28T18:32:14.130014Z,0,4,2,6,0.2000000000000001,-999.0,0.1748752179830738,-999.0,-999.0,-999.0,2,2,4,0,6,2,6.1,0.0,0.0,0.0,6.8,-0.0,25.02912911646762,37.22513266152935,114.66193259390072,-1.0,3.0
270,270,5507,7.2,-22.4765,173.1167,16.37,2016-08-12T01:26:36.280033Z,0,6,1,8,1.7999999999999998,-999.0,1.629453887660472,-999.0,-999.0,-999.0,1,1,3,0,4,1,5.8,-0.0,0.0,0.0,5.7,0.0,13.952583327751602,34.13656380090802,156.1879214416901,1.0,1.0
271,271,5521,7.2,-45.104,167.144,28.0,2003-08-21T12:12:49.789961Z,0,13,0,19,1.2999999999999998,-999.0,0.6124171836794501,-999.0,-999.0,-999.0,1,1,5,0,9,0,0.0,0.0,0.0,0.0,6.4,-0.0,0.0,48.723738915091545,156.1879214416901,1.0,3.0
272,272,5538,7.4,-55.2852,-31.8766,10.0,2016-08-19T07:32:22.709988Z,0,37,0,42,1.3000000000000007,1.6149644050673684,1.2570616424734322,-999.0,-999.0,-999.0,1,1,7,0,7,0,0.0,0.0,0.0,0.0,6.1,0.0,0.0,98.0780543820777,212.75297086326285,1.0,3.0
273,273,5541,7.2,-24.133,-175.864,33.0,1982-12-19T17:43:54.849964Z,8,46,9,59,0.9000000000000004,0.9513117222642664,1.842313280181512,1.4000000000000004,-999.0,0.2929247373425472,1,1,37,7,44,8,5.8,-0.0,5.8,-0.0,6.3,0.0,92.024534051234,102.7191679340863,156.1879214416901,1.0,3.0
274,274,5548,7.4,40.462,139.102,23.7,1983-05-26T02:59:59.599972Z,1,42,1,53,0.7000000000000002,1.1190409963151289,1.5164292307404426,2.3000000000000007,-999.0,inf,1,1,18,0,18,0,5.1,0.0,5.1,0.0,6.7,-0.0,4.236926462186423,126.74551620664963,212.75297086326285,-1.0,3.0
275,275,5551,7.8,-42.7373,173.054,15.11,2016-11-13T11:02:56.340035Z,0,23,0,24,1.2999999999999998,-999.0,2.628376212613654,-999.0,-999.0,-999.0,1,1,4,0,4,0,0.0,0.0,0.0,0.0,6.5,0.0,0.0,103.71094778662587,394.75897176315374,-1.0,3.0
276,276,5552,7.6,-10.012,160.469,18.1,1984-02-07T21:33:21.490039Z,0,5,1,5,1.1999999999999993,-999.0,0.2614833626720293,-999.0,-999.0,-999.0,1,1,1,0,1,0,5.4,0.0,0.0,0.0,6.4,-0.0,20.39216143907214,38.544391309458504,289.8036300972396,-1.0,3.0
277,277,5565,8.3,46.592,153.266,10.0,2006-11-15T11:14:13.570027Z,7,35,30,65,2.4000000000000004,1.5751613333278558,1.213591258939032,2.700000000000001,-999.0,0.9833140963233014,1,1,0,0,1,2,6.6,-0.0,5.6,-0.0,6.5,0.0,132.6981284888936,167.81519466450632,641.1560464814495,1.0,3.0
278,278,5574,8.2,41.815,143.91,27.0,2003-09-25T19:50:06.360003Z,0,38,3,58,0.7999999999999989,0.767590247084817,1.718338047467402,-999.0,-999.0,-999.0,1,1,3,0,3,0,5.9,0.0,0.0,0.0,7.4,-0.0,114.93315588105504,120.9333989523026,549.3506570855053,1.0,3.0
279,279,5580,7.1,-0.0456,-17.8255,10.0,2016-08-29T04:29:57.859959Z,0,1,0,3,2.1,-999.0,inf,-999.0,-999.0,-999.0,1,-1,0,0,1,0,0.0,0.0,0.0,0.0,5.6,0.0,0.0,18.2078017091311,133.82379803431266,-1.0,1.0
280,280,5590,7.3,50.038,87.813,16.0,2003-09-27T11:33:25.080015Z,0,13,0,16,0.5999999999999996,-999.0,0.6588711741851536,-999.0,-999.0,-999.0,1,1,5,0,5,0,0.0,0.0,0.0,0.0,6.7,-0.0,0.0,40.47891026238995,182.28945197042378,-1.0,1.0
281,281,5592,7.3,-4.003,135.023,10.0,2004-02-07T02:42:35.209992Z,7,8,10,29,0.5999999999999996,-999.0,2.5013604219610395,0.2999999999999998,-999.0,8.88263424058441,5,0,6,2,16,4,7.0,0.0,7.0,0.0,7.1,-0.0,86.92941715409926,93.26425213594682,182.28945197042378,-1.0,1.0
282,282,5598,7.0,40.32,63.35,14.5,1984-03-19T20:28:38.239969Z,0,3,0,6,1.7999999999999998,-999.0,7.517379580565764,-999.0,-999.0,-999.0,1,1,3,0,6,0,0.0,0.0,0.0,0.0,5.2,0.0,0.0,26.17781301087678,114.66193259390072,-1.0,3.0
283,283,5606,7.9,-2.625,100.841,35.0,2007-09-12T23:49:03.720025Z,6,16,6,34,1.9000000000000004,-999.0,1.4265847535210296,2.0,-999.0,13.556563326162385,1,1,2,1,4,1,5.9,-0.0,5.9,-0.0,6.0,0.0,91.04457021245464,97.25467542832918,460.72958753073897,1.0,3.0
284,284,5611,7.3,-22.015,169.766,10.0,2003-12-27T16:00:59.449966Z,14,43,14,64,0.2000000000000001,0.8706136467058193,1.5278132266778053,0.5,-999.0,9.670020155832567,5,5,25,9,35,9,6.8,0.0,6.8,0.0,7.1,-0.0,54.699730262831416,92.61941197088827,182.28945197042378,1.0,3.0
285,285,5615,7.5,-4.7294,152.5623,41.0,2015-03-29T23:48:31.010024Z,0,3,0,7,1.5,-999.0,2.592053913210353,-999.0,-999.0,-999.0,1,1,2,0,3,0,0.0,0.0,0.0,0.0,6.0,-0.0,0.0,35.93694696465474,248.30743700128235,1.0,3.0
286,286,5632,7.6,-10.366,160.819,34.0,1988-08-10T04:38:26.169996Z,0,8,0,16,1.0,-999.0,10.819312479897114,-999.0,-999.0,-999.0,1,1,4,0,9,0,0.0,0.0,0.0,0.0,6.6,0.0,0.0,64.0821158805759,289.8036300972396,1.0,3.0
287,287,5638,7.6,10.085,-85.315,35.0,2012-09-05T14:42:07.800022Z,0,2,0,6,1.8999999999999997,-999.0,0.2706350451286645,-999.0,-999.0,-999.0,1,-1,1,0,2,0,0.0,0.0,0.0,0.0,6.5,0.0,0.0,35.26196356449154,289.8036300972396,1.0,3.0
288,288,5640,7.3,-30.6441,-178.0995,46.0,2019-06-15T22:55:04.129993Z,0,11,77,16,0.8999999999999995,-999.0,0.4747108370777328,-999.0,-999.0,-999.0,5,1,3,0,4,36,6.9,0.0,0.0,0.0,6.4,-0.0,129.08662321739104,63.26575840380995,182.28945197042378,1.0,3.0
289,289,5689,7.8,56.953,-143.032,10.0,1988-03-06T22:35:38.139968Z,0,4,0,7,1.5999999999999996,-999.0,0.1810723576584006,-999.0,-999.0,-999.0,1,1,1,0,2,0,0.0,0.0,0.0,0.0,6.2,0.0,0.0,64.67162007079251,394.75897176315374,-1.0,1.0
290,290,5708,7.7,23.772,120.982,33.0,1999-09-20T17:47:18.490009Z,0,23,1,33,1.2000000000000002,-999.0,0.8238094119342471,-999.0,-999.0,-999.0,1,1,8,0,11,0,5.0,0.0,0.0,0.0,6.5,-0.0,67.31444991204664,70.20523098829617,338.2345089289617,1.0,3.0
291,291,5717,8.4,-4.438,101.367,34.0,2007-09-12T11:10:26.829987Z,0,31,0,80,2.0,1.5746349636258274,1.0493334294153829,-999.0,-999.0,-999.0,1,1,1,0,4,0,0.0,0.0,0.0,0.0,6.8,0.0,0.0,182.20085576413715,748.3036028766184,1.0,3.0
292,292,5724,7.1,-36.813,-179.575,33.0,2001-08-21T06:52:06.249991Z,0,16,0,22,1.2999999999999998,-999.0,0.7965292161389047,-999.0,-999.0,-999.0,2,1,11,0,16,0,0.0,0.0,0.0,0.0,6.7,0.0,0.0,7226.203084841631,133.82379803431266,-1.0,3.0
293,293,5732,7.1,-17.192,-72.305,33.1,1988-04-12T23:19:55.569992Z,0,8,0,9,0.8999999999999995,-999.0,0.9542941954534772,-999.0,-999.0,-999.0,1,1,7,0,8,0,0.0,0.0,0.0,0.0,6.2,-0.0,0.0,45.04575450107562,133.82379803431266,1.0,3.0
294,294,5768,7.8,-12.517,166.382,35.0,2009-10-07T22:18:51.239978Z,3,78,36,131,0.3999999999999994,1.0455237527300525,3.3038485893860097,0.0999999999999996,-999.0,284.44444570031186,5,3,12,2,22,10,7.7,0.0,7.7,0.0,7.4,-0.0,203.42404074558178,202.19220881331796,394.75897176315374,1.0,3.0
295,295,5769,7.7,22.789,99.611,17.8,1988-11-06T13:03:19.340034Z,0,12,0,16,1.2999999999999998,-999.0,0.5044110841793205,-999.0,-999.0,-999.0,1,1,3,0,3,0,0.0,0.0,0.0,0.0,6.4,0.0,0.0,85.42293739350096,338.2345089289617,1.0,1.0
296,296,5792,7.5,6.898,126.579,33.0,2001-01-01T06:57:04.169981Z,0,9,0,11,0.7000000000000002,-999.0,1.8597712392005368,-999.0,-999.0,-999.0,1,1,3,0,4,0,0.0,0.0,0.0,0.0,6.8,0.0,0.0,63.714684370713755,248.30743700128235,1.0,3.0
297,297,5793,7.4,39.837,142.76,28.6,1989-11-01T18:25:34.939975Z,12,14,12,25,1.4000000000000004,-999.0,0.6397329470144346,0.5,-999.0,1.8624560405031805,1,1,5,6,11,6,6.9,-0.0,6.9,-0.0,6.0,0.0,95.53221529892987,107.98279492332466,212.75297086326285,1.0,3.0
298,298,5799,7.0,-4.963,133.76,26.0,2010-09-29T17:11:25.940027Z,2,4,3,18,1.0999999999999996,-999.0,0.3186160469517984,0.7999999999999998,-999.0,0.6236255112480578,5,1,4,2,18,3,6.2,0.0,6.2,0.0,6.6,-0.0,50.600419907802944,77.92613635675274,114.66193259390072,-1.0,2.0
299,299,5824,7.6,-11.2701,162.1481,22.56,2014-04-12T20:14:39.300032Z,0,23,0,27,0.1999999999999993,-999.0,5.155767108468563,-999.0,-999.0,-999.0,2,2,9,0,9,0,0.0,0.0,0.0,0.0,7.4,0.0,0.0,71.86305951209339,289.8036300972396,-1.0,1.0
300,300,5827,7.3,-17.541,168.069,25.0,2010-08-10T05:23:44.979963Z,0,21,20,29,1.3999999999999997,-999.0,0.8780679489262186,-999.0,-999.0,-999.0,1,1,6,0,10,13,6.3,0.0,0.0,0.0,6.2,-0.0,58.60895010097377,58.33273508479275,182.28945197042378,1.0,3.0
301,301,5829,7.6,-17.543,-72.077,33.0,2001-07-07T09:38:43.520036Z,28,5,30,14,2.1999999999999997,-999.0,0.2435385488093538,0.8999999999999995,-999.0,4.307129604367497,1,1,0,6,0,7,6.7,0.0,6.7,0.0,5.4,-0.0,84.01861001745321,100.36699810911571,289.8036300972396,1.0,3.0
302,302,5836,7.8,-5.233,153.102,30.0,2000-11-16T07:42:16.929960Z,13,120,31,162,1.2000000000000002,1.106482756441408,4.398771775376794,1.7999999999999998,-999.0,128.78518486853872,1,1,12,2,18,7,6.6,0.0,6.0,0.0,6.8,-0.0,112.50197603096018,134.96602363672258,394.75897176315374,1.0,3.0
303,303,5842,8.4,-16.265,-73.641,33.0,2001-06-23T20:33:14.130024Z,0,20,14,30,1.8000000000000007,-999.0,0.8233767367017881,-999.0,-999.0,-999.0,1,1,1,0,1,1,7.0,0.0,0.0,0.0,6.6,-0.0,12498.324562430444,12530.497747665475,748.3036028766184,1.0,3.0
304,304,5857,8.0,-52.341,160.568,10.0,1989-05-23T10:54:46.320021Z,0,13,0,15,2.0,-999.0,0.451642431353138,-999.0,-999.0,-999.0,1,1,1,0,1,0,0.0,0.0,0.0,0.0,6.0,-0.0,0.0,71.2926566373416,537.7249613305888,1.0,1.0
305,305,5858,7.5,14.099,92.902,24.0,2009-08-10T19:55:38.729996Z,0,2,0,4,1.5999999999999996,-999.0,1.3992565647001547,-999.0,-999.0,-999.0,1,-1,1,0,1,0,0.0,0.0,0.0,0.0,5.9,0.0,0.0,20.152103867000047,248.30743700128235,-1.0,2.0
306,306,5869,7.8,-45.762,166.562,12.0,2009-07-15T09:22:29.029989Z,0,9,0,9,1.7000000000000002,-999.0,0.4298529371181844,-999.0,-999.0,-999.0,1,1,1,0,1,0,0.0,0.0,0.0,0.0,6.1,0.0,0.0,55.08046855534921,394.75897176315374,1.0,3.0
307,307,5871,7.2,17.397,-100.9723,24.0,2014-04-18T14:27:24.919979Z,0,3,0,3,0.7999999999999998,-999.0,0.1449774095045203,-999.0,-999.0,-999.0,1,1,2,0,2,0,0.0,0.0,0.0,0.0,6.4,0.0,0.0,30.034108904122316,156.1879214416901,1.0,3.0
308,308,5893,7.0,-27.424,-176.33,25.0,2009-02-18T21:53:45.160026Z,2,1,5,2,1.7000000000000002,-999.0,inf,1.9000000000000004,-999.0,3.322508903819697,1,1,1,2,2,5,5.8,-0.0,5.1,-0.0,5.3,0.0,37.63216653878234,31.122157675837215,114.66193259390072,1.0,3.0
309,309,5903,7.0,-29.756,-177.683,36.0,2008-09-29T15:19:31.589964Z,0,7,66,34,0.9000000000000004,-999.0,1.092036050764901,-999.0,-999.0,-999.0,5,1,7,0,34,66,6.7,-0.0,0.0,0.0,6.4,0.0,123.50071952606132,127.46294146084672,114.66193259390072,-1.0,3.0
310,310,5912,7.6,-1.757,134.297,10.0,2002-10-10T10:50:20.570034Z,5,16,6,17,0.8999999999999995,-999.0,9.60470297358994,1.1999999999999993,-999.0,3.4808796557841712,1,1,4,2,5,2,6.4,-0.0,6.4,-0.0,6.7,0.0,31.61291571573407,56.54202292831191,289.8036300972396,1.0,1.0
311,311,5931,8.0,-33.135,-71.871,33.0,1985-03-03T22:47:07.280014Z,6,36,6,54,0.5999999999999996,0.7817300674258536,1.8366542947086733,2.3,-999.0,0.5904154996097104,1,1,6,0,8,0,5.7,-0.0,5.7,-0.0,7.4,0.0,13.506366362449992,72.4439555492897,537.7249613305888,1.0,3.0
312,312,5933,7.6,-3.302,142.945,13.0,2002-09-08T18:44:23.710014Z,1,16,7,20,1.2999999999999998,-999.0,1.8416847845183857,2.1,-999.0,inf,1,1,3,0,3,2,6.7,0.0,5.5,0.0,6.3,-0.0,85.51240359220802,105.60856306470701,289.8036300972396,1.0,3.0
313,313,5948,7.9,63.5141,-147.4529,4.2,2002-11-03T22:12:41.517964Z,1,3,2,3,2.8000000000000007,-999.0,0.6246276558132469,1.3000000000000007,-999.0,inf,1,1,0,1,0,1,6.6,-0.0,6.6,-0.0,5.1,0.0,22.754133048006775,39.635369000135675,460.72958753073897,-1.0,1.0
314,314,5955,9.1,3.295,95.982,30.0,2004-12-26T00:58:53.449996Z,0,9,9,44,3.1999999999999997,-999.0,0.4099778031535384,-999.0,-999.0,-999.0,1,1,0,0,0,1,7.4,-0.0,0.0,0.0,6.8,0.0,78.80816766195423,90.55771789672707,1471.5846019280557,1.0,3.0
315,315,5962,7.4,26.901,143.698,14.0,2010-12-21T17:19:40.660035Z,0,65,0,81,1.0,2.2315526738111853,2.6383991512719187,-999.0,-999.0,-999.0,1,1,8,0,8,0,0.0,0.0,0.0,0.0,6.4,0.0,0.0,77.00857487997058,212.75297086326285,-1.0,2.0
316,316,5964,7.0,-2.6286,138.5277,48.0,2015-07-27T21:41:21.709965Z,0,0,0,3,-999.0,-999.0,-999.0,-999.0,-999.0,-999.0,1,-1,0,0,3,0,0.0,0.0,0.0,0.0,0.0,0.0,0.0,0.0,114.66193259390072,1.0,3.0
317,317,5966,8.3,-31.5729,-71.6744,22.44,2015-09-16T22:54:32.860026Z,0,75,3,123,1.3000000000000007,0.867432387290117,2.9774796808091706,-999.0,-999.0,-999.0,1,1,6,0,7,1,6.6,-0.0,0.0,0.0,7.0,0.0,143.20807147572754,179.32958112782683,641.1560464814495,1.0,3.0
318,318,5967,7.2,44.117,148.192,44.4,1984-03-24T09:44:02.599990Z,0,3,3,15,2.1000000000000005,-999.0,0.1082810484217043,-999.0,-999.0,-999.0,1,1,0,0,5,3,6.1,-0.0,0.0,0.0,6.4,0.0,29.535993483050937,59.71218853594414,156.1879214416901,1.0,3.0
319,319,5971,7.4,1.271,122.091,30.0,2008-11-16T17:02:32.699960Z,0,2,0,7,1.8000000000000007,-999.0,62.750110207089904,-999.0,-999.0,-999.0,1,-1,2,0,3,0,0.0,0.0,0.0,0.0,5.7,0.0,0.0,38.619059749959106,212.75297086326285,1.0,3.0
320,320,5972,7.3,-6.852,72.11,10.0,1983-11-30T17:46:00.669962Z,0,8,0,15,1.8999999999999997,-999.0,0.4058337974249063,-999.0,-999.0,-999.0,1,1,2,0,4,0,0.0,0.0,0.0,0.0,5.5,-0.0,0.0,40.866963402159186,182.28945197042378,-1.0,2.0
321,321,5978,7.0,51.537,-175.2297,29.0,2013-08-30T16:25:02.299985Z,3,28,4,68,0.5,-999.0,1.7505671234644906,1.7999999999999998,-999.0,0.1802447210087104,1,1,28,3,68,4,5.6,0.0,5.2,0.0,6.5,-0.0,460.839078334137,3086.1280169370843,114.66193259390072,1.0,3.0
322,322,5981,7.1,-29.934,-177.741,33.0,1981-12-26T17:05:32.519966Z,9,6,20,26,1.5999999999999996,-999.0,0.4106758709945451,0.2999999999999998,-999.0,7.382880790528934,2,2,5,6,21,17,6.8,-0.0,6.8,-0.0,6.2,0.0,70.27281187305499,72.64934516773069,133.82379803431266,1.0,3.0
323,323,5989,8.6,2.085,97.108,30.0,2005-03-28T16:09:36.530032Z,0,61,0,127,2.5,1.772037685357756,2.100575033570514,-999.0,-999.0,-999.0,1,1,0,0,2,0,0.0,0.0,0.0,0.0,6.9,-0.0,0.0,173.52573913731487,1019.3093880125635,1.0,3.0
324,324,5996,7.2,-2.486,99.972,25.0,2008-02-25T08:36:33.030001Z,7,7,68,23,0.5,-999.0,0.721160630707108,0.7000000000000002,-999.0,1.4245301788891973,4,1,5,7,14,44,7.0,0.0,6.5,0.0,6.7,-0.0,139.22687045400656,141.36176161782242,156.1879214416901,1.0,3.0
325,325,6013,7.5,1.795,126.519,33.0,1986-08-14T19:39:13.670030Z,0,13,26,65,1.0999999999999996,-999.0,1.462242793696138,-999.0,-999.0,-999.0,5,1,5,0,21,9,7.0,-0.0,0.0,0.0,7.1,0.0,71.06777012891175,92.57549083835255,248.30743700128235,1.0,3.0
326,326,6019,7.4,-6.266,149.06,47.8,1987-10-16T20:48:01.639986Z,1,3,9,14,1.9000000000000004,-999.0,0.2322359625609033,2.4000000000000004,-999.0,inf,1,1,1,0,8,5,6.8,-0.0,5.0,-0.0,6.8,0.0,51.80643521090735,45.687465857944034,212.75297086326285,1.0,3.0
327,327,6020,7.6,-23.043,-174.66,31.0,2009-03-19T18:17:40.469967Z,0,4,0,12,2.3,-999.0,0.4390318078218715,-999.0,-999.0,-999.0,1,1,0,0,1,0,0.0,0.0,0.0,0.0,5.6,0.0,0.0,48.93718149746517,289.8036300972396,1.0,3.0
328,328,6021,7.4,-15.199,-173.529,21.2,1995-04-07T22:06:56.889960Z,0,8,66,94,1.3000000000000007,-999.0,0.2883616355275739,-999.0,-999.0,-999.0,1,1,5,0,57,41,6.8,0.0,0.0,0.0,6.7,-0.0,2160.1598402375594,15972.393567095363,212.75297086326285,-1.0,3.0
329,329,6024,7.9,58.679,-142.786,10.0,1987-11-30T19:23:19.590001Z,5,4,5,5,2.4000000000000004,-999.0,0.2951181237119674,1.0,-999.0,4.247708253528536,1,1,0,1,0,1,6.9,0.0,6.9,0.0,5.5,-0.0,58.316496102960485,34.04333837769877,460.72958753073897,-1.0,1.0
330,330,6027,7.1,-13.966,166.516,43.0,1985-12-21T01:13:22.409957Z,20,22,22,32,0.5999999999999996,-999.0,1.026413427634366,0.0999999999999996,-999.0,1.073365907725567,4,4,22,17,29,19,7.0,0.0,7.0,0.0,6.5,-0.0,72.53265161502911,79.50558871832865,133.82379803431266,1.0,3.0
331,331,6041,7.9,51.564,-177.632,33.0,1996-06-10T04:03:35.479989Z,2,49,80,307,0.6000000000000005,0.9967414338763172,2.4134821574272363,1.4000000000000004,-999.0,4.491334293631663,2,1,6,1,41,17,6.9,0.0,6.5,0.0,7.8,-0.0,8591.611434320419,8488.645591398868,460.72958753073897,1.0,3.0
332,332,6044,7.1,-18.318,168.063,20.7,1990-03-05T16:38:12.570030Z,0,2,15,8,1.6999999999999993,-999.0,0.7375947070105106,-999.0,-999.0,-999.0,5,-1,2,0,7,13,6.8,0.0,0.0,0.0,5.8,-0.0,50.20692659098647,35.951723588070266,133.82379803431266,1.0,3.0
333,333,6047,7.5,6.033,124.249,31.0,2002-03-05T21:16:09.129968Z,0,4,0,5,1.5,-999.0,1.381543664007453,-999.0,-999.0,-999.0,1,1,1,0,1,0,0.0,0.0,0.0,0.0,6.0,0.0,0.0,24.78466969566417,248.30743700128235,1.0,3.0
334,334,6054,7.0,-60.063,-26.916,47.6,1987-01-30T22:29:42.089968Z,0,11,1,21,1.5999999999999996,-999.0,0.5130078915964759,-999.0,-999.0,-999.0,1,1,11,0,21,1,6.4,0.0,0.0,0.0,6.2,-0.0,19.883013183726643,62.7219211187619,114.66193259390072,1.0,3.0
335,335,6070,8.0,-10.799,165.114,24.0,2013-02-06T01:12:25.829968Z,22,178,35,208,0.9000000000000004,1.1911312446653142,7.235227325981431,1.5999999999999996,-999.0,2.5785930277338798,1,1,11,7,13,9,6.4,0.0,6.4,0.0,7.1,-0.0,143.0548830309075,186.1741301124183,537.7249613305888,1.0,3.0
336,336,6081,7.5,-6.7547,155.0241,43.37,2014-04-19T13:28:00.809991Z,21,33,55,140,1.2999999999999998,1.2853558657226287,1.3819442632409566,0.4000000000000003,-999.0,2.5424799366934425,5,2,8,7,23,22,7.1,0.0,7.1,0.0,7.1,-0.0,131.31685606655165,274.809869410768,248.30743700128235,1.0,3.0
337,337,6082,7.9,-4.721,102.087,33.0,2000-06-04T16:28:26.170032Z,0,48,0,81,1.2000000000000002,1.2947910019475848,2.0406046873667854,-999.0,-999.0,-999.0,1,1,4,0,7,0,0.0,0.0,0.0,0.0,7.4,0.0,0.0,143.95555597001714,460.72958753073897,-1.0,0.0
338,338,6085,7.8,-3.487,100.082,20.1,2010-10-25T14:42:22.460021Z,0,13,4,24,1.5,-999.0,2.212121888463191,-999.0,-999.0,-999.0,1,1,2,0,4,1,6.3,0.0,0.0,0.0,6.3,-0.0,59.816705149588984,74.78873774440792,394.75897176315374,1.0,3.0
339,339,6087,7.1,1.8929,126.5217,45.0,2014-11-15T02:31:41.720044Z,1,18,6,46,0.2999999999999998,-999.0,0.6364979489975213,1.8999999999999997,-999.0,inf,2,2,13,1,37,4,5.7,-0.0,5.2,-0.0,6.8,0.0,72.78813073053419,70.68844629859626,133.82379803431266,1.0,3.0
340,340,6088,7.2,-17.6,167.856,21.0,2002-01-02T17:22:48.760000Z,1,20,8,52,0.6000000000000005,-999.0,1.343415636513987,1.1000000000000003,-999.0,inf,1,1,18,1,40,7,6.1,0.0,6.1,0.0,6.6,0.0,50.820393487920924,50.722879090714386,156.1879214416901,1.0,3.0
341,341,6091,8.2,-19.6097,-70.7691,25.0,2014-04-01T23:46:47.260043Z,25,57,28,81,0.4999999999999991,0.94303944641849,2.540448523328431,1.4999999999999991,-999.0,3.0772601291267465,1,1,6,4,6,4,6.7,-0.0,6.7,-0.0,7.7,0.0,130.08055017441473,133.42056233634403,549.3506570855053,1.0,3.0
342,342,6096,7.0,-7.288,154.371,24.7,1987-10-12T13:57:04.790020Z,0,5,3,6,1.4000000000000004,-999.0,2.63750562387033,-999.0,-999.0,-999.0,1,1,5,0,6,3,6.0,0.0,0.0,0.0,5.6,-0.0,54.00579276676532,16.38797975133727,114.66193259390072,-1.0,2.0
343,343,6097,7.4,23.901,121.574,33.8,1986-11-14T21:20:10.549972Z,0,12,6,20,1.1000000000000003,-999.0,0.7901424727556139,-999.0,-999.0,-999.0,1,1,3,0,6,3,6.2,0.0,0.0,0.0,6.3,-0.0,93.57564970261271,97.23819278037818,212.75297086326285,1.0,3.0
344,344,6109,7.7,-28.117,-176.367,29.1,1986-10-20T06:46:09.980027Z,0,60,2,85,1.5,0.9870329134164824,2.003011990617245,-999.0,-999.0,-999.0,1,1,11,0,16,1,6.0,-0.0,0.0,0.0,6.5,0.0,94.23439374476193,119.57308680021683,338.2345089289617,-1.0,1.0
345,345,6112,7.6,-24.388,-70.161,62.3,1987-03-05T09:17:05.280025Z,0,8,0,21,0.5999999999999996,-999.0,0.4781656403796953,-999.0,-999.0,-999.0,5,1,6,0,12,0,0.0,0.0,0.0,0.0,7.2,0.0,0.0,97.828035264678,289.8036300972396,1.0,3.0
346,346,6114,7.7,-0.414,132.885,17.0,2009-01-03T19:43:50.650031Z,0,43,1,58,0.2999999999999998,1.4420588974393704,1.574581781281379,-999.0,-999.0,-999.0,2,2,4,0,6,1,5.9,-0.0,0.0,0.0,7.4,0.0,132.31881218030628,109.82302351512224,338.2345089289617,1.0,3.0
347,347,6125,7.8,28.2305,84.7314,8.22,2015-04-25T06:11:25.949991Z,0,5,0,6,1.2000000000000002,-999.0,0.2836373567917288,-999.0,-999.0,-999.0,1,1,1,0,1,0,0.0,0.0,0.0,0.0,6.6,-0.0,0.0,50.606282492418885,394.75897176315374,1.0,3.0
348,348,6126,7.3,27.8087,86.0655,15.0,2015-05-12T07:05:19.729966Z,11,9,11,11,1.0,-999.0,2.153960891767065,0.5999999999999996,-999.0,7.72407748714015,1,1,4,6,4,6,6.7,-0.0,6.7,-0.0,6.3,0.0,60.752684512027066,38.46518127765073,182.28945197042378,1.0,3.0
349,349,6139,7.1,1.271,126.249,35.0,2001-02-24T07:23:48.729956Z,0,10,11,38,0.8999999999999995,-999.0,1.0688036008898285,-999.0,-999.0,-999.0,1,1,9,0,32,11,6.6,0.0,0.0,0.0,6.2,-0.0,56.390624878520875,92.61300946375444,133.82379803431266,1.0,3.0
350,350,6156,7.3,-4.439,152.828,33.0,1985-07-03T04:36:51.730044Z,1,6,5,15,1.2999999999999998,-999.0,0.4250034793720252,1.0,-999.0,inf,1,1,4,1,8,4,6.3,-0.0,6.3,-0.0,6.0,0.0,48.12898378734422,45.10599282530569,182.28945197042378,1.0,3.0
351,351,6157,7.4,-6.088,147.689,54.9,1987-02-08T18:33:58.390010Z,3,17,3,28,1.3000000000000007,-999.0,0.6334067136032583,1.2000000000000002,-999.0,19.59471007111652,1,1,10,1,13,1,6.2,0.0,6.2,0.0,6.1,-0.0,32.56639143438945,65.18354714281715,212.75297086326285,-1.0,1.0
352,352,6161,7.1,24.279,122.179,32.8,2002-03-31T06:52:50.489995Z,0,2,6,13,1.7999999999999998,-999.0,0.0806323683084092,-999.0,-999.0,-999.0,2,-1,2,0,12,5,6.8,-0.0,0.0,0.0,6.2,0.0,74.30585519961642,79.90101468061496,133.82379803431266,-1.0,3.0
353,353,6169,7.2,3.886,126.387,20.0,2009-02-11T17:34:50.489962Z,0,69,7,91,0.9000000000000004,1.3407749105738005,2.545030955761753,-999.0,-999.0,-999.0,1,1,39,0,52,6,6.3,0.0,0.0,0.0,6.3,-0.0,40.40533985298316,62.3175858599965,156.1879214416901,1.0,3.0
354,354,6172,7.5,-5.4624,151.8751,55.0,2015-05-05T01:44:06.380020Z,11,20,33,84,1.7000000000000002,-999.0,1.4509966928392368,0.7000000000000002,-999.0,0.3795500266772776,1,1,3,7,23,13,6.8,0.0,6.8,0.0,7.0,-0.0,115.66059428810578,131.05765917225665,248.30743700128235,1.0,3.0
355,355,6175,8.0,51.52,-174.776,33.0,1986-05-07T22:47:10.870027Z,3,78,7,214,1.5999999999999996,1.2734950973102852,2.699223411015573,1.7000000000000002,-999.0,107.90693060632088,1,1,1,1,13,3,6.3,-0.0,6.3,-0.0,6.8,0.0,253.3801021245484,8111.039399374714,537.7249613305888,1.0,3.0
