,M0,T0Z,T0M,T0G,Lat0,Lon0,Dep0,Cid_Z,Cid_G,Cid_M,N_AS_allZ,N_FS_allZ,N_AS_Z,N_FS_Z,N_AS_allG,N_FS_allG,N_AS_G,N_FS_G,N_AS_M,N_FS_M,c_typeM,c_typeZ,c_typeallZ,c_typeG,c_typeallG
0,8.0,1976-01-14T16:47:32.000003,1976-01-14T16:47:33.499999Z,1976-01-14T16:47:33.499999Z,-28.427,-177.657,33.0,7,2840,22,11,0,10,0,37,2,2,2,56,13,1,1,1,1,1
1,7.5,1976-02-04T09:01:42.000002,1976-02-04T09:01:43.399982Z,1976-02-04T09:01:43.399982Z,15.324,-89.101,5.0,25,2597,136,3,0,3,0,10,0,6,0,6,0,1,1,1,1,1
2,7.5,1976-07-27T19:42:53.000000,1976-07-27T19:42:54.600023Z,1976-07-27T19:42:54.600023Z,39.57,117.978,23.0,83,2827,146,11,0,9,0,18,0,10,0,10,0,2,2,2,2,2
3,7.9,1976-08-16T16:11:06.000004,1976-08-16T16:11:07.299978Z,1976-08-16T16:11:07.299978Z,6.262,124.023,33.0,89,2809,34,29,0,28,0,97,5,50,2,49,2,1,1,1,1,1
4,7.3,1976-11-24T12:22:17.000003,1976-11-24T12:22:18.799970Z,1976-11-24T12:22:18.799970Z,39.121,44.029,36.0,117,2870,197,4,0,4,0,9,0,4,0,4,0,1,1,1,1,1
5,7.2,1977-07-29T11:15:44.000001,1977-07-29T11:15:45.300036Z,1977-07-29T11:15:45.300036Z,-8.031,155.538,33.0,182,2620,254,2,0,2,0,4,0,3,0,3,0,1,-1,-1,1,1
6,8.3,1977-08-19T06:08:53.999999,1977-08-19T06:08:55.509960Z,1977-08-19T06:08:55.509960Z,-11.164,118.378,25.0,186,2911,9,77,1,72,1,186,2,94,1,94,1,1,1,1,1,1
7,7.2,1977-10-10T11:53:52.000000,1977-10-10T11:53:53.599976Z,1977-10-10T11:53:53.599976Z,-25.856,-175.406,33.0,206,2738,273,1,0,1,0,5,0,1,0,1,0,-1,-1,-1,-1,1
8,7.4,1977-11-23T09:26:23.000001,1977-11-23T09:26:24.699984Z,1977-11-23T09:26:24.699984Z,-31.028,-67.767,13.0,216,2775,155,61,0,58,0,70,0,59,0,59,0,1,1,1,1,1
9,7.2,1978-02-09T21:35:11.000003,1978-02-09T21:35:12.699977Z,1978-02-09T21:35:12.699977Z,-30.683,-177.358,33.0,234,2781,258,7,0,7,0,44,73,19,6,19,8,1,1,1,1,5
10,7.6,1978-03-24T19:47:48.999999,1978-03-24T19:47:50.699986Z,1978-03-24T19:47:50.699986Z,44.244,148.862,33.0,251,2946,107,48,39,45,39,76,47,51,39,51,41,2,2,2,2,2
11,7.7,1978-06-12T08:14:25.000003,1978-06-12T08:14:26.399991Z,1978-06-12T08:14:26.399991Z,38.19,142.028,44.0,275,2826,81,4,1,4,1,30,3,10,1,10,6,1,1,1,1,1
12,7.4,1978-07-23T14:42:34.999997,1978-07-23T14:42:36.899975Z,1978-07-23T14:42:36.899975Z,22.282,121.512,17.0,284,2843,176,9,0,9,0,33,3,10,0,10,0,1,1,1,1,2
13,7.4,1978-09-16T15:35:55.000000,1978-09-16T15:35:56.599990Z,1978-09-16T15:35:56.599990Z,33.386,57.434,33.0,295,2934,181,2,0,1,0,15,0,1,0,1,0,-1,-1,-1,-1,5
14,7.7,1978-11-29T19:52:46.000003,1978-11-29T19:52:47.600025Z,1978-11-29T19:52:47.600025Z,16.01,-96.591,18.0,316,2553,89,7,0,6,0,8,0,5,0,5,0,1,1,1,1,1
15,7.6,1979-03-14T11:07:15.000003,1979-03-14T11:07:16.300011Z,1979-03-14T11:07:16.300011Z,17.813,-101.276,49.0,338,2588,108,2,0,2,0,4,6,3,1,3,3,1,-1,-1,1,1
16,7.9,1979-09-12T05:17:49.999997,1979-09-12T05:17:51.399976Z,1979-09-12T05:17:51.399976Z,-1.679,136.04,5.0,372,2838,43,6,0,6,0,34,0,9,0,9,1,1,1,1,1,1
17,7.4,1979-10-12T10:25:21.000001,1979-10-12T10:25:22.300028Z,1979-10-12T10:25:22.300028Z,-46.675,165.707,33.0,377,1361,162,3,0,2,0,2,0,2,0,2,0,-1,-1,1,-1,-1
18,7.7,1979-12-12T07:59:01.999997,1979-12-12T07:59:03.299969Z,1979-12-12T07:59:03.299969Z,1.598,-79.358,24.0,387,2945,88,10,0,10,0,25,0,20,0,20,0,1,1,1,1,1
19,7.9,1980-07-17T19:42:22.000003,1980-07-17T19:42:23.200012Z,1980-07-17T19:42:23.200012Z,-12.525,165.916,33.0,449,2871,46,3,0,3,0,57,17,20,17,20,18,2,1,1,2,2
20,7.3,1980-10-10T12:25:21.999997,1980-10-10T12:25:23.500014Z,1980-10-10T12:25:23.500014Z,36.195,1.354,10.0,464,2746,192,10,0,9,0,14,0,9,0,9,0,1,1,1,1,1
21,7.2,1980-10-25T11:00:04.000002,1980-10-25T11:00:05.099986Z,1980-10-25T11:00:05.099986Z,-21.89,169.853,33.0,467,2933,235,5,0,5,0,83,10,32,7,32,7,1,1,1,1,4
22,7.2,1980-11-08T10:27:31.999999,1980-11-08T10:27:33.999987Z,1980-11-08T10:27:33.999987Z,41.117,-124.253,19.0,471,2723,222,2,0,2,0,4,0,3,0,3,0,1,-1,-1,1,1
23,7.6,1981-05-25T05:25:12.999999,1981-05-25T05:25:14.460035Z,1981-05-25T05:25:14.460035Z,-48.786,164.357,33.0,510,1834,119,1,0,1,0,5,0,5,0,5,0,1,-1,-1,1,1
24,7.7,1981-09-01T09:29:29.999997,1981-09-01T09:29:31.539989Z,1981-09-01T09:29:31.539989Z,-14.96,-173.085,25.0,526,2740,71,1,0,1,0,33,21,7,1,7,1,1,-1,-1,1,1
25,7.2,1981-10-16T03:25:40.999998,1981-10-16T03:25:42.220040Z,1981-10-16T03:25:42.220040Z,-33.134,-73.074,33.0,535,1881,244,1,0,1,0,2,0,1,0,1,0,-1,-1,-1,-1,-1
26,7.3,1981-10-25T03:22:14.000001,1981-10-25T03:22:15.569994Z,1981-10-25T03:22:15.569994Z,18.048,-102.084,33.0,537,2488,198,2,0,2,0,3,0,2,0,2,0,-1,-1,-1,-1,1
27,7.2,1981-12-19T14:10:49.000002,1981-12-19T14:10:50.720020Z,1981-12-19T14:10:50.720020Z,39.243,25.227,10.0,546,2832,253,2,0,2,0,7,0,4,0,4,0,1,-1,-1,1,0
28,7.2,1982-12-19T17:43:52.999997,1982-12-19T17:43:54.849964Z,1982-12-19T17:43:54.849964Z,-24.133,-175.864,33.0,647,3659,233,26,0,24,0,62,8,51,6,51,8,1,1,1,1,1
29,7.4,1983-05-26T02:59:57.999999,1983-05-26T02:59:59.599972Z,1983-05-26T02:59:59.599972Z,40.462,139.102,23.0,702,3732,182,25,0,25,0,50,1,42,1,42,1,1,1,1,1,1
30,7.6,1977-04-02T07:15:21.000000,1977-04-02T07:15:22.700011Z,1977-04-02T07:15:22.700011Z,-16.696,-172.095,33.0,727,2874,106,1,0,0,0,52,0,6,0,6,3,1,-1,-1,1,1
31,7.4,1983-10-04T18:52:12.000000,1983-10-04T18:52:13.299973Z,1983-10-04T18:52:13.299973Z,-26.535,-70.563,14.0,740,3603,186,6,0,6,0,13,0,9,0,9,2,1,1,1,1,1
32,7.2,1983-10-22T04:21:34.000002,1983-10-22T04:21:35.009971Z,1983-10-22T04:21:35.009971Z,-60.665,-25.451,24.0,742,1670,259,6,0,6,0,8,0,6,0,6,0,1,1,1,1,1
33,7.3,1983-11-30T17:46:00.000001,1983-11-30T17:46:00.669962Z,1983-11-30T17:46:00.669962Z,-6.852,72.11,10.0,752,3738,203,33,0,28,0,39,0,30,0,30,0,1,1,1,1,1
34,7.6,1984-02-07T21:33:19.999997,1984-02-07T21:33:21.490039Z,1984-02-07T21:33:21.490039Z,-10.012,160.469,18.0,774,3735,122,4,0,4,0,8,0,5,0,5,0,1,1,1,1,1
35,7.2,1984-03-24T09:44:00.999999,1984-03-24T09:44:02.599990Z,1984-03-24T09:44:02.599990Z,44.117,148.192,44.0,784,3770,225,6,0,5,0,49,1,14,0,14,0,1,1,1,1,1
36,8.0,1985-03-03T22:47:06.000004,1985-03-03T22:47:07.280014Z,1985-03-03T22:47:07.280014Z,-33.135,-71.871,33.0,894,3568,26,57,6,53,6,85,6,59,6,59,8,1,1,1,1,1
37,7.2,1985-05-10T15:35:49.000003,1985-05-10T15:35:50.590005Z,1985-05-10T15:35:50.590005Z,-5.599,151.045,26.0,916,3535,227,7,0,5,0,17,1,7,0,7,0,1,1,1,1,1
38,7.3,1985-07-03T04:36:50.000003,1985-07-03T04:36:51.730044Z,1985-07-03T04:36:51.730044Z,-4.439,152.828,33.0,930,4107,193,2,0,2,0,34,0,8,0,8,2,1,-1,-1,1,1
39,8.0,1985-09-19T13:17:45.999999,1985-09-19T13:17:47.350031Z,1985-09-19T13:17:47.350031Z,18.19,-102.533,27.0,958,3995,29,7,0,4,0,11,0,4,0,4,0,2,2,2,2,2
40,8.0,1986-05-07T22:47:08.999998,1986-05-07T22:47:10.870027Z,1986-05-07T22:47:10.870027Z,51.52,-174.776,33.0,1027,4131,23,88,3,69,3,169,4,68,3,86,3,1,1,1,1,1
41,7.5,1986-08-14T19:39:12.000001,1986-08-14T19:39:13.670030Z,1986-08-14T19:39:13.670030Z,1.795,126.519,33.0,1065,4097,127,18,0,17,0,78,11,36,0,36,2,1,1,1,1,1
42,7.7,1986-10-20T06:46:08.000002,1986-10-20T06:46:09.980027Z,1986-10-20T06:46:09.980027Z,-28.117,-176.367,29.0,1088,4086,68,45,0,44,0,114,1,68,0,68,1,1,1,1,1,1
43,7.4,1986-11-14T21:20:09.000000,1986-11-14T21:20:10.549972Z,1986-11-14T21:20:10.549972Z,23.901,121.574,33.0,1099,4124,157,12,0,10,0,20,5,12,0,12,0,1,1,1,1,1
44,7.6,1987-03-05T09:17:03.999997,1987-03-05T09:17:05.280025Z,1987-03-05T09:17:05.280025Z,-24.388,-70.161,62.0,1138,4101,112,10,0,9,0,31,0,9,0,9,0,1,1,1,1,5
45,7.2,1987-03-06T04:10:40.000001,1987-03-06T04:10:41.959973Z,1987-03-06T04:10:41.959973Z,0.151,-77.821,10.0,1139,1234,242,3,1,3,1,5,1,3,1,3,1,1,1,1,1,1
46,7.4,1987-09-03T06:40:12.000002,1987-09-03T06:40:13.909991Z,1987-09-03T06:40:13.909991Z,-58.893,158.513,33.0,1191,4051,167,5,0,5,0,6,0,5,0,5,1,1,1,1,1,1
47,7.9,1987-11-30T19:23:17.999998,1987-11-30T19:23:19.590001Z,1987-11-30T19:23:19.590001Z,58.679,-142.786,10.0,1217,4035,38,7,0,7,0,16,5,7,5,7,7,1,1,1,1,2
48,7.3,1988-02-24T03:52:02.000001,1988-02-24T03:52:03.290020Z,1988-02-24T03:52:03.290020Z,13.477,124.616,24.0,1246,3794,214,3,0,2,0,8,0,2,0,2,0,-1,-1,1,-1,1
49,7.6,1988-08-10T04:38:24.999998,1988-08-10T04:38:26.169996Z,1988-08-10T04:38:26.169996Z,-10.366,160.819,34.0,1293,3780,98,7,0,7,0,22,0,12,0,12,0,1,1,1,1,1
50,7.7,1988-11-06T13:03:18.000002,1988-11-06T13:03:19.340034Z,1988-11-06T13:03:19.340034Z,22.789,99.611,17.0,1314,3868,85,10,0,10,0,19,0,12,0,12,0,1,1,1,1,1
51,8.0,1989-05-23T10:54:45.000001,1989-05-23T10:54:46.320021Z,1989-05-23T10:54:46.320021Z,-52.341,160.568,10.0,1376,3926,24,14,0,14,0,28,0,22,0,22,1,1,1,1,1,1
52,7.4,1989-11-01T18:25:33.000000,1989-11-01T18:25:34.939975Z,1989-11-01T18:25:34.939975Z,39.837,142.76,28.0,1430,3882,180,13,0,11,0,26,12,16,12,16,12,1,1,1,1,1
53,7.6,1989-12-15T18:43:44.000003,1989-12-15T18:43:45.030028Z,1989-12-15T18:43:45.030028Z,8.337,126.729,24.0,1442,3415,97,39,0,38,0,125,6,50,3,50,5,1,1,1,1,5
54,7.6,1990-03-03T12:16:26.000001,1990-03-03T12:16:27.959980Z,1990-03-03T12:16:27.959980Z,-22.122,175.163,33.0,1469,3139,116,3,0,3,0,16,0,10,0,10,0,1,1,1,1,1
55,7.6,1990-04-05T21:12:33.999999,1990-04-05T21:12:35.550026Z,1990-04-05T21:12:35.550026Z,15.125,147.596,11.0,1481,3198,100,43,0,39,0,62,4,43,0,43,3,1,1,1,1,1
56,7.8,1990-04-18T13:39:18.000000,1990-04-18T13:39:19.009983Z,1990-04-18T13:39:19.009983Z,1.186,122.857,25.0,1485,3205,57,45,0,33,0,103,0,36,0,36,1,1,1,2,1,2
57,7.2,1990-05-20T02:21:59.999999,1990-05-20T02:22:01.619992Z,1990-05-20T02:22:01.619992Z,5.121,32.145,14.0,1492,3195,278,7,0,7,0,14,0,7,0,7,0,2,2,2,2,2
58,7.4,1990-06-20T21:00:07.999999,1990-06-20T21:00:09.979980Z,1990-06-20T21:00:09.979980Z,36.957,49.409,18.0,1503,3187,183,6,0,6,0,7,0,6,0,6,0,1,1,1,1,1
59,7.7,1990-07-16T07:26:32.999997,1990-07-16T07:26:34.610006Z,1990-07-16T07:26:34.610006Z,15.679,121.172,25.0,1511,3177,79,45,0,45,0,79,0,52,0,52,1,1,1,1,1,1
60,7.6,1991-04-22T21:56:50.000000,1991-04-22T21:56:51.819967Z,1991-04-22T21:56:51.819967Z,9.685,-83.073,10.0,1586,3161,99,9,0,9,0,19,8,12,0,12,0,1,1,1,1,2
61,7.2,1991-10-14T15:58:11.000000,1991-10-14T15:58:12.789987Z,1991-10-14T15:58:12.789987Z,-9.094,158.442,23.0,1621,3007,230,5,0,5,0,13,5,6,1,6,1,1,1,1,1,2
62,7.2,1991-11-19T22:28:50.000001,1991-11-19T22:28:51.090034Z,1991-11-19T22:28:51.090034Z,4.554,-77.442,21.0,1627,2309,241,1,0,1,0,2,0,2,0,2,0,-1,-1,-1,-1,-1
63,7.6,1991-12-22T08:43:11.999999,1991-12-22T08:43:13.410016Z,1991-12-22T08:43:13.410016Z,45.533,151.021,24.0,1633,3070,117,13,6,12,6,41,39,17,37,17,40,1,1,1,1,1
64,7.2,1991-12-27T04:05:56.999999,1991-12-27T04:05:58.240007Z,1991-12-27T04:05:58.240007Z,-56.032,-25.266,10.0,1637,3003,243,6,0,6,0,26,0,9,0,9,0,1,1,1,1,1
65,7.2,1992-04-25T18:06:04.000001,1992-04-25T18:06:05.179965Z,1992-04-25T18:06:05.179965Z,40.335,-124.229,9.0,1668,935,224,2,0,2,0,2,2,2,0,2,0,-1,-1,-1,-1,1
66,7.3,1992-06-28T11:57:33.000000,1992-06-28T11:57:34.130021Z,1992-06-28T11:57:34.130021Z,34.2,-116.437,0.0,1693,3068,220,16,0,16,0,21,3,17,0,17,0,1,1,1,1,1
67,7.7,1992-09-02T00:15:59.999996,1992-09-02T00:16:01.689976Z,1992-09-02T00:16:01.689976Z,11.742,-87.34,44.0,1705,3082,76,16,2,16,2,25,3,23,2,23,3,1,1,1,1,1
68,7.3,1992-08-19T02:04:35.999998,1992-08-19T02:04:37.409985Z,1992-08-19T02:04:37.409985Z,42.142,73.575,27.0,1706,3060,188,8,0,7,0,10,2,7,0,7,0,1,1,1,1,1
69,7.2,1992-10-18T15:11:58.000004,1992-10-18T15:11:59.109960Z,1992-10-18T15:11:59.109960Z,7.075,-76.862,10.0,1728,3077,275,14,4,14,4,16,4,15,4,15,4,1,1,1,1,1
70,7.8,1992-12-12T05:29:25.000002,1992-12-12T05:29:26.349998Z,1992-12-12T05:29:26.349998Z,-8.48,121.896,27.0,1751,3365,51,21,0,21,0,41,1,27,0,27,1,1,1,1,1,1
71,7.7,1993-07-12T13:17:10.000000,1993-07-12T13:17:11.959990Z,1993-07-12T13:17:11.959990Z,42.851,139.197,16.0,1811,3422,75,22,0,21,0,36,0,24,0,24,1,1,1,1,1,1
72,7.8,1993-08-08T08:34:22.999998,1993-08-08T08:34:24.929992Z,1993-08-08T08:34:24.929992Z,12.982,144.801,59.0,1817,3430,47,6,0,6,0,27,1,15,1,15,1,1,1,1,1,1
73,7.2,1993-09-10T19:12:53.000003,1993-09-10T19:12:54.620006Z,1993-09-10T19:12:54.620006Z,14.717,-92.645,34.0,1824,3309,221,4,5,4,5,14,6,8,5,8,5,0,2,2,0,0
74,7.8,1994-06-02T18:17:32.999999,1994-06-02T18:17:34.020042Z,1994-06-02T18:17:34.020042Z,-10.477,112.835,18.0,1890,3441,53,53,0,53,0,97,3,84,0,84,0,1,1,1,1,1
75,7.2,1994-07-13T02:35:55.000003,1994-07-13T02:35:56.020043Z,1994-07-13T02:35:56.020043Z,-16.62,167.518,33.0,1901,3426,271,8,1,8,1,37,9,23,1,23,2,1,1,1,1,1
76,8.3,1994-10-04T13:22:54.000001,1994-10-04T13:22:55.840019Z,1994-10-04T13:22:55.840019Z,43.773,147.321,14.0,1929,3403,8,147,0,139,0,449,21,144,0,144,3,1,1,1,1,5
77,7.4,1995-04-07T22:06:54.999999,1995-04-07T22:06:56.889960Z,1995-04-07T22:06:56.889960Z,-15.199,-173.529,21.0,1974,3340,169,4,0,4,0,32,27,8,0,8,0,1,1,1,1,1
78,7.2,1995-04-21T00:34:44.999999,1995-04-21T00:34:46.089982Z,1995-04-21T00:34:46.089982Z,12.059,125.58,20.0,1980,3385,228,19,5,16,5,66,10,40,5,39,6,4,4,4,4,4
79,7.7,1995-05-16T20:12:43.000003,1995-05-16T20:12:44.219978Z,1995-05-16T20:12:44.219978Z,-23.008,169.9,20.0,1993,3218,91,18,0,18,0,47,1,26,0,26,0,1,1,1,1,1
80,7.2,1995-07-03T19:50:48.999999,1995-07-03T19:50:50.620042Z,1995-07-03T19:50:50.620042Z,-29.211,-177.589,35.0,2010,1157,255,4,0,4,0,11,0,6,0,6,1,1,1,1,1,1
81,8.0,1995-07-30T05:11:21.999998,1995-07-30T05:11:23.630031Z,1995-07-30T05:11:23.630031Z,-23.34,-70.294,45.0,2019,3279,25,29,0,24,0,36,1,26,0,26,0,1,1,1,1,1
82,7.7,1995-08-16T10:27:26.999997,1995-08-16T10:27:28.629960Z,1995-08-16T10:27:28.629960Z,-5.799,154.178,30.0,2023,3335,87,7,0,7,0,85,23,23,2,23,2,1,1,1,1,1
83,7.4,1995-09-14T14:04:30.000002,1995-09-14T14:04:31.429974Z,1995-09-14T14:04:31.429974Z,16.779,-98.597,23.0,2029,3301,178,2,0,1,0,15,0,1,0,1,0,-1,-1,-1,-1,2
84,8.0,1995-10-09T15:35:52.000002,1995-10-09T15:35:53.910013Z,1995-10-09T15:35:53.910013Z,19.055,-104.205,33.0,2039,3221,31,4,0,3,0,13,1,4,1,4,1,1,1,1,1,1
85,7.2,1995-11-22T04:15:09.999997,1995-11-22T04:15:11.940021Z,1995-11-22T04:15:11.940021Z,28.826,34.799,10.0,2047,3291,223,6,0,4,0,7,0,4,0,4,0,1,1,1,1,1
86,7.9,1996-01-01T08:05:08.999999,1996-01-01T08:05:10.830021Z,1996-01-01T08:05:10.830021Z,0.729,119.931,24.0,2062,3297,41,5,0,5,0,34,0,8,0,8,0,1,1,1,1,1
87,8.1,1996-02-17T05:59:28.999999,1996-02-17T05:59:30.550039Z,1996-02-17T05:59:30.550039Z,-0.891,136.952,33.0,2070,3298,19,31,0,31,0,52,0,36,0,36,1,1,1,1,1,1
88,7.5,1996-02-21T12:50:59.999999,1996-02-21T12:51:01.300002Z,1996-02-21T12:51:01.300002Z,-9.593,-79.587,10.0,2072,3288,124,2,0,1,0,5,0,2,0,2,0,-1,-1,-1,-1,1
89,7.9,1996-06-10T04:03:33.999998,1996-06-10T04:03:35.479989Z,1996-06-10T04:03:35.479989Z,51.564,-177.632,33.0,2106,3371,42,31,0,30,0,125,6,50,2,33,2,1,1,1,1,1
90,7.7,1996-11-12T16:59:43.000002,1996-11-12T16:59:44.029963Z,1996-11-12T16:59:44.029963Z,-14.993,-75.675,33.0,2167,3219,74,19,0,19,0,25,0,19,0,19,0,1,1,1,1,1
91,7.2,1997-01-11T20:28:25.000003,1997-01-11T20:28:26.019979Z,1997-01-11T20:28:26.019979Z,18.219,-102.756,33.0,2180,3280,276,2,0,1,0,2,0,2,0,2,0,-1,-1,-1,-1,-1
92,7.7,1997-04-21T12:02:25.000002,1997-04-21T12:02:26.430024Z,1997-04-21T12:02:26.430024Z,-12.584,166.676,33.0,2202,3400,82,2,0,2,0,53,4,34,0,34,0,1,-1,-1,1,1
93,7.3,1997-05-10T07:57:27.999997,1997-05-10T07:57:29.719960Z,1997-05-10T07:57:29.719960Z,33.825,59.809,10.0,2208,3237,187,1,0,1,0,5,0,1,0,1,0,-1,-1,-1,-1,1
94,7.8,1997-12-05T11:26:52.999999,1997-12-05T11:26:54.689998Z,1997-12-05T11:26:54.689998Z,54.841,162.035,33.0,2253,3440,63,56,0,56,0,83,0,62,0,62,3,1,1,1,1,1
95,8.1,1998-03-25T03:12:24.000002,1998-03-25T03:12:25.069968Z,1998-03-25T03:12:25.069968Z,-62.877,149.527,10.0,2278,1477,20,4,0,4,0,9,0,7,0,7,0,1,1,1,1,1
96,7.5,1998-05-03T23:30:19.999997,1998-05-03T23:30:21.910037Z,1998-05-03T23:30:21.910037Z,22.306,125.308,33.0,2283,1481,129,2,0,2,0,4,0,3,0,3,0,1,-1,-1,1,1
97,7.2,1998-08-04T18:59:18.999999,1998-08-04T18:59:20.099992Z,1998-08-04T18:59:20.099992Z,-0.593,-80.393,33.0,2304,567,239,0,1,0,1,0,1,0,1,0,1,-1,-1,-1,-1,-1
98,7.7,1998-11-29T14:10:30.000003,1998-11-29T14:10:31.959983Z,1998-11-29T14:10:31.959983Z,-2.071,124.891,33.0,2330,3339,72,3,0,3,0,26,5,11,1,4,0,1,1,1,1,1
99,7.6,1999-08-17T00:01:38.000002,1999-08-17T00:01:39.129999Z,1999-08-17T00:01:39.129999Z,40.748,29.864,17.0,2384,3067,96,5,0,5,0,15,0,6,0,6,1,1,1,1,1,2
100,7.7,1999-09-20T17:47:16.999998,1999-09-20T17:47:18.490009Z,1999-09-20T17:47:18.490009Z,23.772,120.982,33.0,2390,2977,80,24,0,23,0,44,1,25,0,25,1,1,1,1,1,1
101,7.3,1999-12-11T18:03:35.000003,1999-12-11T18:03:36.449973Z,1999-12-11T18:03:36.449973Z,15.766,119.74,33.0,2421,2961,196,2,0,2,0,10,0,5,0,5,0,1,-1,-1,1,1
102,7.6,2000-05-04T04:21:15.000002,2000-05-04T04:21:16.210023Z,2000-05-04T04:21:16.210023Z,-1.105,123.573,26.0,2461,3858,104,6,0,5,0,16,1,9,0,9,0,1,1,1,1,1
103,7.9,2000-06-04T16:28:25.000003,2000-06-04T16:28:26.170032Z,2000-06-04T16:28:26.170032Z,-4.721,102.087,33.0,2469,4063,36,44,0,42,0,115,2,50,0,50,0,1,1,1,1,1
104,7.9,2000-06-18T14:44:12.000001,2000-06-18T14:44:13.310013Z,2000-06-18T14:44:13.310013Z,-13.802,97.453,10.0,2476,3191,37,2,0,2,0,3,0,3,0,3,0,1,-1,-1,1,1
105,8.0,2000-11-16T04:54:55.000001,2000-11-16T04:54:56.740031Z,2000-11-16T04:54:56.740031Z,-3.98,152.169,33.0,2521,3934,30,14,0,14,0,256,24,170,4,171,5,3,1,1,3,3
106,7.5,2001-01-01T06:57:02.999998,2001-01-01T06:57:04.169981Z,2001-01-01T06:57:04.169981Z,6.898,126.579,33.0,2541,3911,137,9,0,9,0,18,0,12,0,12,2,1,1,1,1,1
107,7.7,2001-01-13T17:33:31.000002,2001-01-13T17:33:32.379955Z,2001-01-13T17:33:32.379955Z,13.049,-88.66,60.0,2544,3936,78,12,0,9,0,26,0,11,0,11,0,1,1,1,1,1
108,7.7,2001-01-26T03:16:38.999998,2001-01-26T03:16:40.499995Z,2001-01-26T03:16:40.499995Z,23.419,70.232,16.0,2551,1719,73,9,0,9,0,9,0,9,0,9,0,1,1,1,1,1
109,8.4,2001-06-23T20:33:13.000004,2001-06-23T20:33:14.130024Z,2001-06-23T20:33:14.130024Z,-16.265,-73.641,33.0,2600,3918,7,56,0,55,0,93,40,63,0,62,0,1,1,1,1,1
110,7.6,2002-09-08T18:44:22.000002,2002-09-08T18:44:23.710014Z,2002-09-08T18:44:23.710014Z,-3.302,142.945,13.0,2627,3974,105,16,4,16,0,31,7,18,1,18,1,1,1,1,1,1
111,7.5,2001-10-19T03:28:42.999998,2001-10-19T03:28:44.460019Z,2001-10-19T03:28:44.460019Z,-4.102,123.907,33.0,2632,794,152,2,0,2,0,5,3,4,0,4,0,1,-1,-1,1,1
112,7.8,2001-11-14T09:26:08.999998,2001-11-14T09:26:10.010002Z,2001-11-14T09:26:10.010002Z,35.946,90.541,10.0,2638,4038,59,5,0,5,0,14,0,12,0,12,0,1,1,1,1,1
113,7.2,2002-01-02T17:22:47.000002,2002-01-02T17:22:48.760000Z,2002-01-02T17:22:48.760000Z,-17.6,167.856,21.0,2653,4069,252,5,0,5,0,25,7,22,1,22,1,1,1,1,1,1
114,7.5,2002-03-05T21:16:08.000002,2002-03-05T21:16:09.129968Z,2002-03-05T21:16:09.129968Z,6.033,124.249,31.0,2671,4088,145,6,0,6,0,12,0,6,0,6,0,1,1,1,1,1
115,7.6,2002-10-10T10:50:18.999999,2002-10-10T10:50:20.570034Z,2002-10-10T10:50:20.570034Z,-1.757,134.297,10.0,2730,3962,95,17,0,16,0,71,6,18,5,18,8,1,1,1,1,5
116,7.4,2002-11-02T01:26:08.999999,2002-11-02T01:26:10.700017Z,2002-11-02T01:26:10.700017Z,2.824,96.085,30.0,2737,3988,171,6,0,6,0,10,0,6,0,6,0,1,1,1,1,1
117,7.9,2002-11-03T22:12:39.999998,2002-11-03T22:12:41.517964Z,2002-11-03T22:12:41.517964Z,63.514,-147.453,4.0,2739,4023,44,13,1,13,0,20,2,19,1,19,1,1,1,1,1,1
118,7.6,2003-01-22T02:06:33.000002,2003-01-22T02:06:34.610024Z,2003-01-22T02:06:34.610024Z,18.77,-104.104,24.0,2758,1821,114,3,0,3,0,8,0,4,0,4,0,1,1,1,1,1
119,7.6,2003-07-15T20:27:49.000000,2003-07-15T20:27:50.529979Z,2003-07-15T20:27:50.529979Z,-2.598,68.382,10.0,2805,3476,111,4,0,3,0,9,0,6,0,6,0,1,1,1,1,1
120,7.6,2003-08-04T04:37:18.999999,2003-08-04T04:37:20.129980Z,2003-08-04T04:37:20.129980Z,-60.532,-43.411,10.0,2810,3469,109,8,0,8,0,9,0,9,0,9,0,1,1,1,1,1
121,7.2,2003-08-21T12:12:47.999998,2003-08-21T12:12:49.789961Z,2003-08-21T12:12:49.789961Z,-45.104,167.144,28.0,2814,3707,248,12,0,12,0,18,0,13,0,13,0,1,1,1,1,1
122,8.2,2003-09-25T19:50:05.000002,2003-09-25T19:50:06.360003Z,2003-09-25T19:50:06.360003Z,41.815,143.91,27.0,2824,3759,12,37,0,31,0,101,5,46,1,46,2,1,1,1,1,1
123,7.8,2003-11-17T06:43:05.000000,2003-11-17T06:43:06.800021Z,2003-11-17T06:43:06.800021Z,51.146,178.65,33.0,2841,4047,62,20,0,20,0,57,68,25,4,23,1,1,1,1,1,1
124,7.3,2003-12-27T16:00:57.999997,2003-12-27T16:00:59.449966Z,2003-12-27T16:00:59.449966Z,-22.015,169.766,10.0,2855,3769,199,8,0,8,0,71,14,43,14,43,14,5,1,1,5,5
125,7.5,1999-09-30T16:31:13.999999,1999-09-30T16:31:15.690024Z,1999-09-30T16:31:15.690024Z,16.059,-96.931,60.0,2864,2337,135,2,0,0,0,1,0,0,0,0,0,-1,-1,-1,-1,-1
126,7.4,2004-09-05T14:57:16.999996,2004-09-05T14:57:18.609988Z,2004-09-05T14:57:18.609988Z,33.184,137.071,10.0,2944,1728,170,8,3,8,3,9,3,8,3,8,3,2,2,2,2,2
127,7.5,2004-11-11T21:26:39.999997,2004-11-11T21:26:41.150026Z,2004-11-11T21:26:41.150026Z,-8.152,124.868,10.0,2969,2524,150,17,0,17,0,27,1,19,1,19,1,1,1,1,1,1
128,8.1,2004-12-23T14:59:02.999997,2004-12-23T14:59:04.409978Z,2004-12-23T14:59:04.409978Z,-49.312,161.345,10.0,2983,2486,17,5,0,5,0,13,0,6,0,6,0,1,1,1,1,1
129,9.1,2004-12-26T00:58:52.000003,2004-12-26T00:58:53.449996Z,2004-12-26T00:58:53.449996Z,3.295,95.982,30.0,2984,2927,2,119,0,102,0,827,5,314,1,310,3,1,1,1,1,1
130,7.6,2005-10-08T03:50:39.000003,2005-10-08T03:50:40.799962Z,2005-10-08T03:50:40.799962Z,34.539,73.588,26.0,3125,2633,103,43,0,41,0,48,0,43,0,43,0,1,1,1,1,1
131,7.6,2006-04-20T23:25:00.999997,2006-04-20T23:25:02.150023Z,2006-04-20T23:25:02.150023Z,60.949,167.089,22.0,3184,2949,118,19,0,17,0,34,0,24,0,24,0,1,1,1,1,1
132,8.0,2006-05-03T15:26:38.999997,2006-05-03T15:26:40.290002Z,2006-05-03T15:26:40.290002Z,-20.187,-174.123,55.0,3193,2924,32,9,0,9,0,88,3,39,0,39,5,1,1,1,1,1
133,7.7,2006-07-17T08:19:25.000002,2006-07-17T08:19:26.679996Z,2006-07-17T08:19:26.679996Z,-9.284,107.419,20.0,3222,2847,93,90,0,89,0,104,0,92,0,92,0,1,1,1,1,1
134,8.3,2006-11-15T11:14:11.999999,2006-11-15T11:14:13.570027Z,2006-11-15T11:14:13.570027Z,46.592,153.266,10.0,3246,2940,11,102,17,93,17,166,28,93,8,93,9,1,2,2,1,2
135,8.0,2007-08-15T23:40:56.000003,2007-08-15T23:40:57.889981Z,2007-08-15T23:40:57.889981Z,-13.386,-76.603,39.0,3263,3736,28,34,2,33,0,44,2,34,0,34,1,1,1,1,1,1
136,7.5,2007-01-21T11:27:44.000003,2007-01-21T11:27:45.059992Z,2007-01-21T11:27:45.059992Z,1.065,126.282,22.0,3294,3762,148,47,0,43,0,110,9,52,0,52,1,1,1,1,1,1
137,8.1,2007-04-01T20:39:57.000004,2007-04-01T20:39:58.710036Z,2007-04-01T20:39:58.710036Z,-8.466,157.043,24.0,3334,3760,21,11,0,11,0,129,9,93,0,93,1,1,1,1,1,1
138,8.4,2007-09-12T11:10:24.999999,2007-09-12T11:10:26.829987Z,2007-09-12T11:10:26.829987Z,-4.438,101.367,34.0,3424,4017,6,97,0,78,0,203,0,90,0,90,6,1,1,1,1,1
139,7.4,2007-09-30T05:23:33.000003,2007-09-30T05:23:34.069974Z,2007-09-30T05:23:34.069974Z,-49.271,164.115,10.0,3435,2755,166,4,0,3,0,10,0,8,0,8,0,1,1,1,1,1
140,7.7,2007-11-14T15:40:49.000003,2007-11-14T15:40:50.530019Z,2007-11-14T15:40:50.530019Z,-22.247,-69.89,40.0,3455,2855,77,39,0,39,0,47,0,38,0,38,0,1,1,1,1,1
141,7.2,2007-12-19T09:30:25.999997,2007-12-19T09:30:27.929977Z,2007-12-19T09:30:27.929977Z,51.36,-179.509,34.0,3471,3741,264,10,0,10,0,92,18,29,3,14,4,1,1,1,1,1
142,7.4,2008-02-20T08:08:29.000000,2008-02-20T08:08:30.520036Z,2008-02-20T08:08:30.520036Z,2.768,95.964,26.0,3506,4014,168,10,0,9,0,24,3,10,0,10,1,1,1,1,1,1
143,7.2,2008-03-20T22:32:55.999999,2008-03-20T22:32:57.930004Z,2008-03-20T22:32:57.930004Z,35.49,81.467,10.0,3528,3661,270,14,0,14,0,16,0,15,0,15,0,1,1,1,1,1
144,7.3,2008-04-09T12:46:10.999997,2008-04-09T12:46:12.720024Z,2008-04-09T12:46:12.720024Z,-20.071,168.892,33.0,3536,3725,194,14,3,14,3,45,60,28,6,28,6,1,1,1,1,5
145,7.9,2008-05-12T06:28:00.000000,2008-05-12T06:28:01.570018Z,2008-05-12T06:28:01.570018Z,31.002,103.322,19.0,3557,4019,40,41,0,40,0,63,0,50,0,50,0,1,1,1,1,1
146,7.4,2008-11-16T17:02:31.000001,2008-11-16T17:02:32.699960Z,2008-11-16T17:02:32.699960Z,1.271,122.091,30.0,3652,3997,160,2,0,2,0,11,0,2,0,2,0,-1,-1,-1,-1,1
147,7.7,2009-01-03T19:43:49.000003,2009-01-03T19:43:50.650031Z,2009-01-03T19:43:50.650031Z,-0.414,132.885,17.0,3680,4089,92,49,0,45,0,60,0,45,0,45,0,2,2,2,2,2
148,7.2,2009-02-11T17:34:49.000002,2009-02-11T17:34:50.489962Z,2009-02-11T17:34:50.489962Z,3.886,126.387,20.0,3690,4128,229,81,0,79,0,98,2,71,0,71,0,1,1,1,1,1
149,7.6,2009-03-19T18:17:39.000001,2009-03-19T18:17:40.469967Z,2009-03-19T18:17:40.469967Z,-23.043,-174.66,31.0,3706,4062,110,3,0,3,0,73,8,15,1,15,3,1,1,1,1,1
150,7.8,2009-07-15T09:22:28.000000,2009-07-15T09:22:29.029989Z,2009-07-15T09:22:29.029989Z,-45.762,166.562,12.0,3762,3942,67,15,0,15,0,29,0,21,0,21,0,1,1,1,1,1
151,7.5,2009-08-10T19:55:36.999999,2009-08-10T19:55:38.729996Z,2009-08-10T19:55:38.729996Z,14.099,92.902,24.0,3771,3927,139,3,0,2,0,12,0,2,0,2,0,-1,-1,1,-1,1
152,8.1,2009-09-29T17:48:08.999999,2009-09-29T17:48:10.990025Z,2009-09-29T17:48:10.990025Z,-15.489,-172.095,18.0,3791,3880,16,6,0,6,0,155,17,94,0,94,0,1,1,1,1,1
153,7.8,2009-10-07T22:18:49.999998,2009-10-07T22:18:51.239978Z,2009-10-07T22:18:51.239978Z,-12.517,166.382,35.0,3806,3867,66,29,3,29,3,142,45,87,3,87,4,3,3,3,3,5
154,8.8,2010-02-27T06:34:10.000000,2010-02-27T06:34:11.529981Z,2010-02-27T06:34:11.529981Z,-36.122,-72.898,22.0,3872,3435,3,285,0,268,0,458,1,310,0,310,2,1,1,1,1,1
155,7.2,2010-04-04T22:40:40.999998,2010-04-04T22:40:42.359984Z,2010-04-04T22:40:42.359984Z,32.286,-115.295,9.0,3889,3386,268,7,0,7,0,10,0,7,0,7,0,1,1,1,1,1
156,7.8,2010-04-06T22:15:00.000001,2010-04-06T22:15:01.579969Z,2010-04-06T22:15:01.579969Z,2.383,97.048,31.0,3891,3416,61,4,0,4,0,33,1,4,1,4,1,1,1,1,1,1
157,7.5,2010-06-12T19:26:49.000001,2010-06-12T19:26:50.460000Z,2010-06-12T19:26:50.460000Z,7.881,91.936,35.0,3917,3325,143,6,0,6,0,13,2,10,0,10,0,1,1,1,1,1
158,7.3,2010-07-18T13:34:58.000003,2010-07-18T13:34:59.360014Z,2010-07-18T13:34:59.360014Z,-5.931,150.59,35.0,3934,3433,209,7,1,7,1,59,3,22,2,22,2,3,2,2,3,5
159,7.3,2010-08-10T05:23:43.000000,2010-08-10T05:23:44.979963Z,2010-08-10T05:23:44.979963Z,-17.541,168.069,25.0,3944,3428,200,13,0,13,0,238,0,23,0,23,0,1,1,1,1,4
160,7.8,2010-10-25T14:42:21.000001,2010-10-25T14:42:22.460021Z,2010-10-25T14:42:22.460021Z,-3.487,100.082,20.0,3976,3421,55,14,0,14,0,40,6,18,0,18,0,1,1,1,1,1
161,9.1,2011-03-11T05:46:23.000002,2011-03-11T05:46:24.119965Z,2011-03-11T05:46:24.119965Z,38.297,142.373,29.0,4031,3990,1,499,26,478,26,872,121,569,35,568,41,1,1,1,1,1
162,7.3,2011-06-24T03:09:37.999997,2011-06-24T03:09:39.470021Z,2011-06-24T03:09:39.470021Z,52.05,-171.836,52.0,4098,3025,212,6,0,5,0,13,0,5,0,5,0,1,1,1,1,2
163,7.6,2011-07-06T19:03:16.999998,2011-07-06T19:03:18.260036Z,2011-07-06T19:03:18.260036Z,-29.539,-176.34,17.0,4103,3418,113,15,0,15,0,107,0,61,0,61,2,1,1,1,1,2
164,7.4,2012-03-20T18:02:45.999999,2012-03-20T18:02:47.439999Z,2012-03-20T18:02:47.439999Z,16.493,-98.231,20.0,4235,3142,159,11,0,11,0,19,0,13,0,13,0,1,1,1,1,1
165,8.6,2012-04-11T08:38:34.999997,2012-04-11T08:38:36.719976Z,2012-04-11T08:38:36.719976Z,2.327,93.063,20.0,4241,3192,5,55,0,54,0,105,3,75,0,75,2,2,2,2,2,2
166,7.6,2012-08-31T12:47:32.000001,2012-08-31T12:47:33.379957Z,2012-08-31T12:47:33.379957Z,10.811,126.638,28.0,4287,3062,123,26,0,25,0,44,0,31,0,31,0,1,1,1,1,1
167,7.6,2012-09-05T14:42:06.000003,2012-09-05T14:42:07.800022Z,2012-09-05T14:42:07.800022Z,10.085,-85.315,35.0,4293,3869,102,4,0,4,0,22,7,2,6,2,0,-1,1,1,2,2
168,7.8,2012-10-28T03:04:06.999997,2012-10-28T03:04:08.819994Z,2012-10-28T03:04:08.819994Z,52.788,-132.101,14.0,4313,2958,48,23,0,23,0,35,0,26,0,26,0,1,1,1,1,2
169,7.4,2012-11-07T16:35:44.999999,2012-11-07T16:35:46.930043Z,2012-11-07T16:35:46.930043Z,13.988,-91.895,24.0,4318,4072,161,8,0,7,0,26,2,8,0,8,1,1,1,1,1,1
170,7.3,2012-12-07T08:18:22.000001,2012-12-07T08:18:23.130029Z,2012-12-07T08:18:23.130029Z,37.89,143.949,31.0,4324,3777,217,10,0,10,0,30,1,12,0,12,0,1,1,1,1,2
171,8.0,2013-02-06T01:12:23.999997,2013-02-06T01:12:25.829968Z,2013-02-06T01:12:25.829968Z,-10.799,165.114,24.0,4343,3337,27,66,2,64,2,212,28,184,21,184,23,1,1,1,1,1
172,7.7,2013-09-24T11:29:46.000002,2013-09-24T11:29:47.970038Z,2013-09-24T11:29:47.970038Z,26.951,65.501,15.0,4423,3132,86,8,0,8,0,13,0,9,0,9,0,1,1,1,1,1
173,7.7,2013-11-17T09:04:53.999998,2013-11-17T09:04:55.529990Z,2013-11-17T09:04:55.529990Z,-60.274,-46.401,10.0,4438,3803,90,18,8,18,8,21,8,18,8,18,8,1,1,1,1,1
174,8.2,2014-04-01T23:46:46.000001,2014-04-01T23:46:47.260043Z,2014-04-01T23:46:47.260043Z,-19.61,-70.769,25.0,4481,4126,15,69,14,60,14,88,28,58,25,58,25,1,1,1,1,1
175,7.6,2014-04-12T20:14:38.000002,2014-04-12T20:14:39.300032Z,2014-04-12T20:14:39.300032Z,-11.27,162.148,22.0,4487,4132,101,20,0,20,0,67,1,29,1,28,2,2,2,2,2,5
176,7.2,2014-04-18T14:27:23.000001,2014-04-18T14:27:24.919979Z,2014-04-18T14:27:24.919979Z,17.397,-100.972,24.0,4493,3938,236,1,0,1,0,4,0,3,0,3,0,1,-1,-1,1,1
177,7.8,2015-04-25T06:11:24.000001,2015-04-25T06:11:25.949991Z,2015-04-25T06:11:25.949991Z,28.23,84.731,8.0,4617,4095,60,31,0,30,0,37,0,32,0,32,1,1,1,1,1,1
178,7.5,2015-05-05T01:44:05.000000,2015-05-05T01:44:06.380020Z,2015-05-05T01:44:06.380020Z,-5.462,151.875,55.0,4618,4100,131,13,2,12,2,114,141,43,17,25,16,1,1,1,5,4
179,8.3,2015-09-16T22:54:30.999998,2015-09-16T22:54:32.860026Z,2015-09-16T22:54:32.860026Z,-31.573,-71.674,22.0,4668,3994,10,82,0,77,0,141,1,90,0,90,3,1,1,1,1,1
180,7.2,2015-12-07T07:50:03.999998,2015-12-07T07:50:05.950037Z,2015-12-07T07:50:05.950037Z,38.211,72.78,22.0,4698,3691,277,4,0,4,0,16,0,4,0,4,0,1,1,1,1,1
181,7.8,2016-03-02T12:49:46.999997,2016-03-02T12:49:48.110044Z,2016-03-02T12:49:48.110044Z,-4.952,94.33,24.0,4722,1898,65,2,0,2,0,4,0,3,0,3,0,1,-1,-1,1,1
182,7.8,2016-04-16T23:58:35.000001,2016-04-16T23:58:36.979971Z,2016-04-16T23:58:36.979971Z,0.382,-79.922,20.0,4740,3470,49,16,0,13,0,22,0,11,0,11,0,1,1,1,1,1
183,7.2,2016-08-12T01:26:34.999998,2016-08-12T01:26:36.280033Z,2016-08-12T01:26:36.280033Z,-22.477,173.117,16.0,4773,3692,247,7,0,7,0,14,1,12,0,12,0,1,1,1,1,1
184,7.4,2016-08-19T07:32:21.000001,2016-08-19T07:32:22.709988Z,2016-08-19T07:32:22.709988Z,-55.285,-31.877,10.0,4777,3723,175,35,0,33,0,51,0,40,0,40,0,1,1,1,1,1
185,7.8,2016-11-13T11:02:54.999998,2016-11-13T11:02:56.340035Z,2016-11-13T11:02:56.340035Z,-42.737,173.054,15.0,4809,3734,52,38,0,38,0,41,0,38,0,38,0,1,1,1,1,1
186,7.8,2016-12-08T17:38:44.999997,2016-12-08T17:38:46.279973Z,2016-12-08T17:38:46.279973Z,-10.681,161.327,40.0,4819,3618,54,50,0,50,0,99,0,73,0,73,1,1,1,1,1,1
187,7.6,2016-12-25T14:22:26.000000,2016-12-25T14:22:27.010018Z,2016-12-25T14:22:27.010018Z,-43.406,-73.941,38.0,4838,1306,115,3,0,3,0,3,0,3,0,3,0,1,1,1,1,1
188,7.7,2017-07-17T23:34:12.000000,2017-07-17T23:34:13.739980Z,2017-07-17T23:34:13.739980Z,54.443,168.857,10.0,4906,2848,83,9,2,9,2,18,8,14,2,14,2,1,1,1,1,1
189,8.2,2017-09-08T04:49:18.000000,2017-09-08T04:49:19.179983Z,2017-09-08T04:49:19.179983Z,15.022,-93.899,47.0,4921,2935,14,33,0,32,0,68,3,40,1,39,3,1,1,1,1,1
190,7.3,2017-11-12T18:18:16.000001,2017-11-12T18:18:17.180037Z,2017-11-12T18:18:17.180037Z,34.911,45.959,19.0,4937,2721,213,1,0,1,0,13,0,2,0,2,0,-1,-1,-1,-1,1
191,7.9,2018-01-23T09:31:39.000002,2018-01-23T09:31:40.890031Z,2018-01-23T09:31:40.890031Z,56.004,-149.166,14.0,4958,2704,39,11,0,11,0,18,0,12,0,12,0,1,1,1,1,1
192,7.5,2018-02-25T17:44:42.999997,2018-02-25T17:44:44.140041Z,2018-02-25T17:44:44.140041Z,-6.07,142.754,25.0,4972,2814,144,52,0,52,0,82,0,73,0,73,0,1,1,1,1,1
193,7.5,2018-09-28T10:02:43.999997,2018-09-28T10:02:45.249965Z,2018-09-28T10:02:45.249965Z,-0.256,119.846,20.0,5034,2700,134,19,3,19,3,23,2,21,2,21,3,1,1,1,1,1
194,7.5,2018-12-05T04:18:06.999997,2018-12-05T04:18:08.419963Z,2018-12-05T04:18:08.419963Z,-21.95,169.427,10.0,5066,2948,141,31,1,31,1,65,113,49,3,49,5,1,1,1,1,5
195,7.3,2018-12-20T17:01:54.000000,2018-12-20T17:01:55.150002Z,2018-12-20T17:01:55.150002Z,55.1,164.699,16.0,5070,2939,206,12,0,12,0,24,0,13,0,13,0,1,1,1,1,1
196,7.6,2019-05-14T12:58:24.000000,2019-05-14T12:58:25.939030Z,2019-05-14T12:58:25.939030Z,-4.051,152.597,10.0,5117,2950,121,2,0,2,0,17,41,8,1,8,1,1,-1,-1,1,1
197,7.3,2019-06-15T22:55:03.000003,2019-06-15T22:55:04.129993Z,2019-06-15T22:55:04.129993Z,-30.644,-178.1,46.0,5127,2941,207,8,0,8,0,46,13,34,0,34,1,1,1,1,1,1
198,7.2,2019-07-14T09:10:49.999999,2019-07-14T09:10:51.522960Z,2019-07-14T09:10:51.522960Z,-0.586,128.034,18.0,5140,2770,246,10,0,9,0,14,0,10,0,10,1,1,1,1,1,1
